[0m20:53:23.318918 [debug] [MainThread]: Sending event: {'category': 'dbt', 'action': 'invocation', 'label': 'start', 'context': [<snowplow_tracker.self_describing_json.SelfDescribingJson object at 0x0000013263DE3B00>, <snowplow_tracker.self_describing_json.SelfDescribingJson object at 0x0000013263DE1E50>, <snowplow_tracker.self_describing_json.SelfDescribingJson object at 0x0000013263DE2300>]}


============================== 20:53:23.324917 | f719a3c0-c21c-4872-abd5-01af311474d4 ==============================
[0m20:53:23.324917 [info ] [MainThread]: Running with dbt=1.7.20
[0m20:53:23.324917 [debug] [MainThread]: running dbt with arguments {'printer_width': '80', 'indirect_selection': 'eager', 'log_cache_events': 'False', 'write_json': 'True', 'partial_parse': 'True', 'cache_selected_only': 'False', 'profiles_dir': 'C:\\Users\\ADMIN\\.dbt', 'fail_fast': 'False', 'debug': 'False', 'log_path': 'C:\\nguyen\\Projects\\Bài 18_ Sales of FMCG Stores\\logs', 'warn_error': 'None', 'version_check': 'True', 'use_colors': 'True', 'use_experimental_parser': 'False', 'no_print': 'None', 'quiet': 'False', 'log_format': 'default', 'introspect': 'True', 'warn_error_options': 'WarnErrorOptions(include=[], exclude=[])', 'invocation_command': 'dbt init', 'target_path': 'None', 'static_parser': 'True', 'send_anonymous_usage_stats': 'True'}
[0m20:53:23.325921 [warn ] [MainThread]: [[33mWARNING[0m]: This version of dbt is deprecated and no longer receives regular patches, including for known bugs. Please upgrade to a newer supported version of dbt for new projects: https://docs.getdbt.com/docs/dbt-versions?utm_source=dbt-cli
[0m20:53:23.326919 [debug] [MainThread]: Sending event: {'category': 'dbt', 'action': 'deprecated_version_invocation', 'label': 'f719a3c0-c21c-4872-abd5-01af311474d4', 'context': [<snowplow_tracker.self_describing_json.SelfDescribingJson object at 0x0000013263DCB410>]}
[0m20:53:23.328917 [info ] [MainThread]: Setting up your profile.
[0m20:53:38.801832 [info ] [MainThread]: Profile fmcg_sales written to C:\Users\ADMIN\.dbt\profiles.yml using target's sample configuration. Once updated, you'll be able to start developing with dbt.
[0m20:53:38.802844 [debug] [MainThread]: Command `dbt init` succeeded at 20:53:38.802844 after 15.64 seconds
[0m20:53:38.803832 [debug] [MainThread]: Sending event: {'category': 'dbt', 'action': 'invocation', 'label': 'end', 'context': [<snowplow_tracker.self_describing_json.SelfDescribingJson object at 0x0000013263CEED20>, <snowplow_tracker.self_describing_json.SelfDescribingJson object at 0x0000013263CEDFA0>, <snowplow_tracker.self_describing_json.SelfDescribingJson object at 0x0000013263CEE2A0>]}
[0m20:53:38.803832 [debug] [MainThread]: Flushing usage events
[0m21:00:58.966827 [debug] [MainThread]: Sending event: {'category': 'dbt', 'action': 'invocation', 'label': 'start', 'context': [<snowplow_tracker.self_describing_json.SelfDescribingJson object at 0x00000290CA1CCF50>, <snowplow_tracker.self_describing_json.SelfDescribingJson object at 0x00000290CA1AEC30>, <snowplow_tracker.self_describing_json.SelfDescribingJson object at 0x00000290CA2A39E0>]}


============================== 21:00:58.974774 | 2b641ab2-6074-42c8-92af-3cef30d66c48 ==============================
[0m21:00:58.974774 [info ] [MainThread]: Running with dbt=1.7.20
[0m21:00:58.975771 [debug] [MainThread]: running dbt with arguments {'printer_width': '80', 'indirect_selection': 'eager', 'log_cache_events': 'False', 'write_json': 'True', 'partial_parse': 'True', 'cache_selected_only': 'False', 'warn_error': 'None', 'debug': 'False', 'version_check': 'True', 'log_path': 'C:\\nguyen\\Projects\\Bài 18_ Sales of FMCG Stores\\logs', 'fail_fast': 'False', 'profiles_dir': 'C:\\Users\\ADMIN\\.dbt', 'use_colors': 'True', 'use_experimental_parser': 'False', 'no_print': 'None', 'quiet': 'False', 'warn_error_options': 'WarnErrorOptions(include=[], exclude=[])', 'introspect': 'True', 'log_format': 'default', 'invocation_command': 'dbt debug', 'target_path': 'None', 'static_parser': 'True', 'send_anonymous_usage_stats': 'True'}
[0m21:00:58.976770 [info ] [MainThread]: This version of dbt is deprecated and no longer receives regular patches, including for known bugs. We recommend upgrading to a newer supported version of dbt: https://docs.getdbt.com/docs/dbt-versions
[0m21:00:58.977771 [debug] [MainThread]: Sending event: {'category': 'dbt', 'action': 'deprecated_version_invocation', 'label': '2b641ab2-6074-42c8-92af-3cef30d66c48', 'context': [<snowplow_tracker.self_describing_json.SelfDescribingJson object at 0x00000290CA1CCF50>]}
[0m21:00:58.978771 [info ] [MainThread]: dbt version: 1.7.20
[0m21:00:58.979771 [info ] [MainThread]: python version: 3.12.3
[0m21:00:58.980776 [info ] [MainThread]: python path: C:\Users\ADMIN\AppData\Local\Programs\Python\Python312\python.exe
[0m21:00:58.982776 [info ] [MainThread]: os info: Windows-11-10.0.26200-SP0
[0m21:00:59.070381 [info ] [MainThread]: Using profiles dir at C:\Users\ADMIN\.dbt
[0m21:00:59.071382 [info ] [MainThread]: Using profiles.yml file at C:\Users\ADMIN\.dbt\profiles.yml
[0m21:00:59.071382 [info ] [MainThread]: Using dbt_project.yml file at C:\nguyen\Projects\Bài 18_ Sales of FMCG Stores\dbt_project.yml
[0m21:00:59.134958 [info ] [MainThread]: Configuration:
[0m21:00:59.135959 [info ] [MainThread]:   profiles.yml file [[31mERROR invalid[0m]
[0m21:00:59.135959 [info ] [MainThread]:   dbt_project.yml file [[32mOK found and valid[0m]
[0m21:00:59.136957 [info ] [MainThread]: Required dependencies:
[0m21:00:59.136957 [debug] [MainThread]: Executing "git --help"
[0m21:00:59.183351 [debug] [MainThread]: STDOUT: "b"usage: git [-v | --version] [-h | --help] [-C <path>] [-c <name>=<value>]\n           [--exec-path[=<path>]] [--html-path] [--man-path] [--info-path]\n           [-p | --paginate | -P | --no-pager] [--no-replace-objects] [--no-lazy-fetch]\n           [--no-optional-locks] [--no-advice] [--bare] [--git-dir=<path>]\n           [--work-tree=<path>] [--namespace=<name>] [--config-env=<name>=<envvar>]\n           <command> [<args>]\n\nThese are common Git commands used in various situations:\n\nstart a working area (see also: git help tutorial)\n   clone     Clone a repository into a new directory\n   init      Create an empty Git repository or reinitialize an existing one\n\nwork on the current change (see also: git help everyday)\n   add       Add file contents to the index\n   mv        Move or rename a file, a directory, or a symlink\n   restore   Restore working tree files\n   rm        Remove files from the working tree and from the index\n\nexamine the history and state (see also: git help revisions)\n   bisect    Use binary search to find the commit that introduced a bug\n   diff      Show changes between commits, commit and working tree, etc\n   grep      Print lines matching a pattern\n   log       Show commit logs\n   show      Show various types of objects\n   status    Show the working tree status\n\ngrow, mark and tweak your common history\n   branch    List, create, or delete branches\n   commit    Record changes to the repository\n   merge     Join two or more development histories together\n   rebase    Reapply commits on top of another base tip\n   reset     Reset current HEAD to the specified state\n   switch    Switch branches\n   tag       Create, list, delete or verify a tag object signed with GPG\n\ncollaborate (see also: git help workflows)\n   fetch     Download objects and refs from another repository\n   pull      Fetch from and integrate with another repository or a local branch\n   push      Update remote refs along with associated objects\n\n'git help -a' and 'git help -g' list available subcommands and some\nconcept guides. See 'git help <command>' or 'git help <concept>'\nto read about a specific subcommand or concept.\nSee 'git help git' for an overview of the system.\n""
[0m21:00:59.184400 [debug] [MainThread]: STDERR: "b''"
[0m21:00:59.184400 [info ] [MainThread]:  - git [[32mOK found[0m]

[0m21:00:59.185354 [info ] [MainThread]: Connection test skipped since no profile was found
[0m21:00:59.185354 [info ] [MainThread]: [31m1 check failed:[0m
[0m21:00:59.186413 [info ] [MainThread]: Profile loading failed for the following reason:
Runtime Error
  Credentials in profile "fmcg_sales", target "dev" invalid: 123456 is not valid under any of the given schemas


[0m21:00:59.186413 [debug] [MainThread]: Command `dbt debug` failed at 21:00:59.186413 after 0.35 seconds
[0m21:00:59.187406 [debug] [MainThread]: Sending event: {'category': 'dbt', 'action': 'invocation', 'label': 'end', 'context': [<snowplow_tracker.self_describing_json.SelfDescribingJson object at 0x00000290CA1CCF50>, <snowplow_tracker.self_describing_json.SelfDescribingJson object at 0x00000290C9F6DEE0>, <snowplow_tracker.self_describing_json.SelfDescribingJson object at 0x00000290C9F17E90>]}
[0m21:00:59.188359 [debug] [MainThread]: Flushing usage events
[0m21:01:39.658892 [debug] [MainThread]: Sending event: {'category': 'dbt', 'action': 'invocation', 'label': 'start', 'context': [<snowplow_tracker.self_describing_json.SelfDescribingJson object at 0x0000013E55DAE150>, <snowplow_tracker.self_describing_json.SelfDescribingJson object at 0x0000013E55DAE3C0>, <snowplow_tracker.self_describing_json.SelfDescribingJson object at 0x0000013E55DAEA80>]}


============================== 21:01:39.663998 | 7b03d2ed-9c7d-4b9d-b0cb-b8a1e8dbd27f ==============================
[0m21:01:39.663998 [info ] [MainThread]: Running with dbt=1.7.20
[0m21:01:39.664998 [debug] [MainThread]: running dbt with arguments {'printer_width': '80', 'indirect_selection': 'eager', 'write_json': 'True', 'log_cache_events': 'False', 'partial_parse': 'True', 'cache_selected_only': 'False', 'profiles_dir': 'C:\\Users\\ADMIN\\.dbt', 'version_check': 'True', 'fail_fast': 'False', 'log_path': 'C:\\nguyen\\Projects\\Bài 18_ Sales of FMCG Stores\\logs', 'debug': 'False', 'warn_error': 'None', 'use_colors': 'True', 'use_experimental_parser': 'False', 'no_print': 'None', 'quiet': 'False', 'warn_error_options': 'WarnErrorOptions(include=[], exclude=[])', 'introspect': 'True', 'static_parser': 'True', 'log_format': 'default', 'target_path': 'None', 'invocation_command': 'dbt debug', 'send_anonymous_usage_stats': 'True'}
[0m21:01:39.664998 [info ] [MainThread]: This version of dbt is deprecated and no longer receives regular patches, including for known bugs. We recommend upgrading to a newer supported version of dbt: https://docs.getdbt.com/docs/dbt-versions
[0m21:01:39.666010 [debug] [MainThread]: Sending event: {'category': 'dbt', 'action': 'deprecated_version_invocation', 'label': '7b03d2ed-9c7d-4b9d-b0cb-b8a1e8dbd27f', 'context': [<snowplow_tracker.self_describing_json.SelfDescribingJson object at 0x0000013E55715C40>]}
[0m21:01:39.666010 [info ] [MainThread]: dbt version: 1.7.20
[0m21:01:39.667021 [info ] [MainThread]: python version: 3.12.3
[0m21:01:39.667021 [info ] [MainThread]: python path: C:\Users\ADMIN\AppData\Local\Programs\Python\Python312\python.exe
[0m21:01:39.667021 [info ] [MainThread]: os info: Windows-11-10.0.26200-SP0
[0m21:01:39.721993 [info ] [MainThread]: Using profiles dir at C:\Users\ADMIN\.dbt
[0m21:01:39.721993 [info ] [MainThread]: Using profiles.yml file at C:\Users\ADMIN\.dbt\profiles.yml
[0m21:01:39.723022 [info ] [MainThread]: Using dbt_project.yml file at C:\nguyen\Projects\Bài 18_ Sales of FMCG Stores\dbt_project.yml
[0m21:01:39.723988 [info ] [MainThread]: adapter type: mysql
[0m21:01:39.723988 [info ] [MainThread]: adapter version: 1.7.0
[0m21:01:39.777027 [info ] [MainThread]: Configuration:
[0m21:01:39.777027 [info ] [MainThread]:   profiles.yml file [[32mOK found and valid[0m]
[0m21:01:39.777991 [info ] [MainThread]:   dbt_project.yml file [[32mOK found and valid[0m]
[0m21:01:39.777991 [info ] [MainThread]: Required dependencies:
[0m21:01:39.778994 [debug] [MainThread]: Executing "git --help"
[0m21:01:39.818169 [debug] [MainThread]: STDOUT: "b"usage: git [-v | --version] [-h | --help] [-C <path>] [-c <name>=<value>]\n           [--exec-path[=<path>]] [--html-path] [--man-path] [--info-path]\n           [-p | --paginate | -P | --no-pager] [--no-replace-objects] [--no-lazy-fetch]\n           [--no-optional-locks] [--no-advice] [--bare] [--git-dir=<path>]\n           [--work-tree=<path>] [--namespace=<name>] [--config-env=<name>=<envvar>]\n           <command> [<args>]\n\nThese are common Git commands used in various situations:\n\nstart a working area (see also: git help tutorial)\n   clone     Clone a repository into a new directory\n   init      Create an empty Git repository or reinitialize an existing one\n\nwork on the current change (see also: git help everyday)\n   add       Add file contents to the index\n   mv        Move or rename a file, a directory, or a symlink\n   restore   Restore working tree files\n   rm        Remove files from the working tree and from the index\n\nexamine the history and state (see also: git help revisions)\n   bisect    Use binary search to find the commit that introduced a bug\n   diff      Show changes between commits, commit and working tree, etc\n   grep      Print lines matching a pattern\n   log       Show commit logs\n   show      Show various types of objects\n   status    Show the working tree status\n\ngrow, mark and tweak your common history\n   branch    List, create, or delete branches\n   commit    Record changes to the repository\n   merge     Join two or more development histories together\n   rebase    Reapply commits on top of another base tip\n   reset     Reset current HEAD to the specified state\n   switch    Switch branches\n   tag       Create, list, delete or verify a tag object signed with GPG\n\ncollaborate (see also: git help workflows)\n   fetch     Download objects and refs from another repository\n   pull      Fetch from and integrate with another repository or a local branch\n   push      Update remote refs along with associated objects\n\n'git help -a' and 'git help -g' list available subcommands and some\nconcept guides. See 'git help <command>' or 'git help <concept>'\nto read about a specific subcommand or concept.\nSee 'git help git' for an overview of the system.\n""
[0m21:01:39.819167 [debug] [MainThread]: STDERR: "b''"
[0m21:01:39.819167 [info ] [MainThread]:  - git [[32mOK found[0m]

[0m21:01:39.820165 [info ] [MainThread]: Connection:
[0m21:01:39.820165 [info ] [MainThread]:   server: localhost
[0m21:01:39.820165 [info ] [MainThread]:   unix_socket: None
[0m21:01:39.821169 [info ] [MainThread]:   port: 3306
[0m21:01:39.821169 [info ] [MainThread]:   database: None
[0m21:01:39.821169 [info ] [MainThread]:   schema: fmcg_sales
[0m21:01:39.822167 [info ] [MainThread]:   user: root
[0m21:01:39.822167 [info ] [MainThread]: Registered adapter: mysql=1.7.0
[0m21:01:39.823165 [debug] [MainThread]: Acquiring new mysql connection 'debug'
[0m21:01:39.823165 [debug] [MainThread]: Using mysql connection "debug"
[0m21:01:39.824292 [debug] [MainThread]: On debug: select 1 as id
[0m21:01:39.824292 [debug] [MainThread]: Opening a new connection, currently in state init
[0m21:01:39.904477 [debug] [MainThread]: SQL status: SUCCESS 1 in 0.0 seconds
[0m21:01:39.905499 [debug] [MainThread]: On debug: Close
[0m21:01:39.905499 [info ] [MainThread]:   Connection test: [[32mOK connection ok[0m]

[0m21:01:39.906478 [info ] [MainThread]: [32mAll checks passed![0m
[0m21:01:39.907505 [debug] [MainThread]: Command `dbt debug` succeeded at 21:01:39.907505 after 0.38 seconds
[0m21:01:39.907505 [debug] [MainThread]: Connection 'debug' was properly closed.
[0m21:01:39.908494 [debug] [MainThread]: Sending event: {'category': 'dbt', 'action': 'invocation', 'label': 'end', 'context': [<snowplow_tracker.self_describing_json.SelfDescribingJson object at 0x0000013E55715C40>, <snowplow_tracker.self_describing_json.SelfDescribingJson object at 0x0000013E558051C0>, <snowplow_tracker.self_describing_json.SelfDescribingJson object at 0x0000013E570EB320>]}
[0m21:01:39.909493 [debug] [MainThread]: Flushing usage events
[0m10:36:45.108115 [debug] [MainThread]: Sending event: {'category': 'dbt', 'action': 'invocation', 'label': 'start', 'context': [<snowplow_tracker.self_describing_json.SelfDescribingJson object at 0x0000022A50005940>, <snowplow_tracker.self_describing_json.SelfDescribingJson object at 0x0000022A500058B0>, <snowplow_tracker.self_describing_json.SelfDescribingJson object at 0x0000022A500048C0>]}


============================== 10:36:45.115114 | e5fb3d5c-ee98-4f95-be4e-d029e74e4010 ==============================
[0m10:36:45.115114 [info ] [MainThread]: Running with dbt=1.7.20
[0m10:36:45.116111 [debug] [MainThread]: running dbt with arguments {'printer_width': '80', 'indirect_selection': 'eager', 'log_cache_events': 'False', 'write_json': 'True', 'partial_parse': 'True', 'cache_selected_only': 'False', 'warn_error': 'None', 'version_check': 'True', 'profiles_dir': 'C:\\Users\\ADMIN\\.dbt', 'log_path': 'C:\\nguyen\\Projects\\Bài 18_ Sales of FMCG Stores\\logs', 'debug': 'False', 'fail_fast': 'False', 'use_colors': 'True', 'use_experimental_parser': 'False', 'no_print': 'None', 'quiet': 'False', 'log_format': 'default', 'invocation_command': 'dbt debug', 'introspect': 'True', 'warn_error_options': 'WarnErrorOptions(include=[], exclude=[])', 'target_path': 'None', 'static_parser': 'True', 'send_anonymous_usage_stats': 'True'}
[0m10:36:45.117109 [info ] [MainThread]: This version of dbt is deprecated and no longer receives regular patches, including for known bugs. We recommend upgrading to a newer supported version of dbt: https://docs.getdbt.com/docs/dbt-versions
[0m10:36:45.117109 [debug] [MainThread]: Sending event: {'category': 'dbt', 'action': 'deprecated_version_invocation', 'label': 'e5fb3d5c-ee98-4f95-be4e-d029e74e4010', 'context': [<snowplow_tracker.self_describing_json.SelfDescribingJson object at 0x0000022A4FDA1EE0>]}
[0m10:36:45.117109 [info ] [MainThread]: dbt version: 1.7.20
[0m10:36:45.118109 [info ] [MainThread]: python version: 3.12.3
[0m10:36:45.118109 [info ] [MainThread]: python path: C:\nguyen\Projects\Bài 18_ Sales of FMCG Stores\.venv-dbt\Scripts\python.exe
[0m10:36:45.119109 [info ] [MainThread]: os info: Windows-11-10.0.26200-SP0
[0m10:36:45.233004 [info ] [MainThread]: Using profiles dir at C:\Users\ADMIN\.dbt
[0m10:36:45.234000 [info ] [MainThread]: Using profiles.yml file at C:\Users\ADMIN\.dbt\profiles.yml
[0m10:36:45.234000 [info ] [MainThread]: Using dbt_project.yml file at C:\nguyen\Projects\Bài 18_ Sales of FMCG Stores\dbt_project.yml
[0m10:36:45.235961 [info ] [MainThread]: adapter type: mysql
[0m10:36:45.235961 [info ] [MainThread]: adapter version: 1.7.0
[0m10:36:45.289257 [info ] [MainThread]: Configuration:
[0m10:36:45.290259 [info ] [MainThread]:   profiles.yml file [[32mOK found and valid[0m]
[0m10:36:45.290259 [info ] [MainThread]:   dbt_project.yml file [[32mOK found and valid[0m]
[0m10:36:45.291258 [info ] [MainThread]: Required dependencies:
[0m10:36:45.291258 [debug] [MainThread]: Executing "git --help"
[0m10:36:45.332272 [debug] [MainThread]: STDOUT: "b"usage: git [-v | --version] [-h | --help] [-C <path>] [-c <name>=<value>]\n           [--exec-path[=<path>]] [--html-path] [--man-path] [--info-path]\n           [-p | --paginate | -P | --no-pager] [--no-replace-objects] [--no-lazy-fetch]\n           [--no-optional-locks] [--no-advice] [--bare] [--git-dir=<path>]\n           [--work-tree=<path>] [--namespace=<name>] [--config-env=<name>=<envvar>]\n           <command> [<args>]\n\nThese are common Git commands used in various situations:\n\nstart a working area (see also: git help tutorial)\n   clone     Clone a repository into a new directory\n   init      Create an empty Git repository or reinitialize an existing one\n\nwork on the current change (see also: git help everyday)\n   add       Add file contents to the index\n   mv        Move or rename a file, a directory, or a symlink\n   restore   Restore working tree files\n   rm        Remove files from the working tree and from the index\n\nexamine the history and state (see also: git help revisions)\n   bisect    Use binary search to find the commit that introduced a bug\n   diff      Show changes between commits, commit and working tree, etc\n   grep      Print lines matching a pattern\n   log       Show commit logs\n   show      Show various types of objects\n   status    Show the working tree status\n\ngrow, mark and tweak your common history\n   branch    List, create, or delete branches\n   commit    Record changes to the repository\n   merge     Join two or more development histories together\n   rebase    Reapply commits on top of another base tip\n   reset     Reset current HEAD to the specified state\n   switch    Switch branches\n   tag       Create, list, delete or verify a tag object signed with GPG\n\ncollaborate (see also: git help workflows)\n   fetch     Download objects and refs from another repository\n   pull      Fetch from and integrate with another repository or a local branch\n   push      Update remote refs along with associated objects\n\n'git help -a' and 'git help -g' list available subcommands and some\nconcept guides. See 'git help <command>' or 'git help <concept>'\nto read about a specific subcommand or concept.\nSee 'git help git' for an overview of the system.\n""
[0m10:36:45.332272 [debug] [MainThread]: STDERR: "b''"
[0m10:36:45.332272 [info ] [MainThread]:  - git [[32mOK found[0m]

[0m10:36:45.333255 [info ] [MainThread]: Connection:
[0m10:36:45.333255 [info ] [MainThread]:   server: localhost
[0m10:36:45.334285 [info ] [MainThread]:   unix_socket: None
[0m10:36:45.334285 [info ] [MainThread]:   port: 3306
[0m10:36:45.334285 [info ] [MainThread]:   database: None
[0m10:36:45.335270 [info ] [MainThread]:   schema: fmcg_sales
[0m10:36:45.335270 [info ] [MainThread]:   user: root
[0m10:36:45.335270 [info ] [MainThread]: Registered adapter: mysql=1.7.0
[0m10:36:45.336255 [debug] [MainThread]: Acquiring new mysql connection 'debug'
[0m10:36:45.336255 [debug] [MainThread]: Using mysql connection "debug"
[0m10:36:45.336255 [debug] [MainThread]: On debug: select 1 as id
[0m10:36:45.337259 [debug] [MainThread]: Opening a new connection, currently in state init
[0m10:36:45.432470 [debug] [MainThread]: SQL status: SUCCESS 1 in 0.0 seconds
[0m10:36:45.433473 [debug] [MainThread]: On debug: Close
[0m10:36:45.434514 [info ] [MainThread]:   Connection test: [[32mOK connection ok[0m]

[0m10:36:45.435520 [info ] [MainThread]: [32mAll checks passed![0m
[0m10:36:45.435520 [debug] [MainThread]: Command `dbt debug` succeeded at 10:36:45.435520 after 0.51 seconds
[0m10:36:45.436519 [debug] [MainThread]: Connection 'debug' was properly closed.
[0m10:36:45.436519 [debug] [MainThread]: Sending event: {'category': 'dbt', 'action': 'invocation', 'label': 'end', 'context': [<snowplow_tracker.self_describing_json.SelfDescribingJson object at 0x0000022A4FDA1EE0>, <snowplow_tracker.self_describing_json.SelfDescribingJson object at 0x0000022A504229F0>, <snowplow_tracker.self_describing_json.SelfDescribingJson object at 0x0000022A504E7170>]}
[0m10:36:45.437519 [debug] [MainThread]: Flushing usage events
[0m10:38:40.862209 [debug] [MainThread]: Sending event: {'category': 'dbt', 'action': 'invocation', 'label': 'start', 'context': [<snowplow_tracker.self_describing_json.SelfDescribingJson object at 0x000001E794A65AF0>, <snowplow_tracker.self_describing_json.SelfDescribingJson object at 0x000001E794A65B20>, <snowplow_tracker.self_describing_json.SelfDescribingJson object at 0x000001E794A65430>]}


============================== 10:38:40.867262 | 856a2c10-cef5-43e7-b0bb-e4473e5af0f6 ==============================
[0m10:38:40.867262 [info ] [MainThread]: Running with dbt=1.7.20
[0m10:38:40.868287 [debug] [MainThread]: running dbt with arguments {'printer_width': '80', 'indirect_selection': 'eager', 'log_cache_events': 'False', 'write_json': 'True', 'partial_parse': 'True', 'cache_selected_only': 'False', 'profiles_dir': 'C:\\Users\\ADMIN\\.dbt', 'fail_fast': 'False', 'debug': 'False', 'log_path': 'C:\\nguyen\\Projects\\Bài 18_ Sales of FMCG Stores\\logs', 'warn_error': 'None', 'version_check': 'True', 'use_colors': 'True', 'use_experimental_parser': 'False', 'no_print': 'None', 'quiet': 'False', 'warn_error_options': 'WarnErrorOptions(include=[], exclude=[])', 'static_parser': 'True', 'invocation_command': 'dbt build --select salesperson_monthly_summary', 'introspect': 'True', 'target_path': 'None', 'log_format': 'default', 'send_anonymous_usage_stats': 'True'}
[0m10:38:40.868287 [info ] [MainThread]: This version of dbt is deprecated and no longer receives regular patches, including for known bugs. We recommend upgrading to a newer supported version of dbt: https://docs.getdbt.com/docs/dbt-versions
[0m10:38:40.868287 [debug] [MainThread]: Sending event: {'category': 'dbt', 'action': 'deprecated_version_invocation', 'label': '856a2c10-cef5-43e7-b0bb-e4473e5af0f6', 'context': [<snowplow_tracker.self_describing_json.SelfDescribingJson object at 0x000001E794963D10>]}
[0m10:38:41.022207 [debug] [MainThread]: Sending event: {'category': 'dbt', 'action': 'project_id', 'label': '856a2c10-cef5-43e7-b0bb-e4473e5af0f6', 'context': [<snowplow_tracker.self_describing_json.SelfDescribingJson object at 0x000001E794A8AF90>]}
[0m10:38:41.067212 [debug] [MainThread]: Sending event: {'category': 'dbt', 'action': 'adapter_info', 'label': '856a2c10-cef5-43e7-b0bb-e4473e5af0f6', 'context': [<snowplow_tracker.self_describing_json.SelfDescribingJson object at 0x000001E7949254C0>]}
[0m10:38:41.068259 [info ] [MainThread]: Registered adapter: mysql=1.7.0
[0m10:38:41.091213 [debug] [MainThread]: checksum: e60e9a7db60717b27391e9fcca7ffc2f1c59992fad004fb73a09489fe7f93d3f, vars: {}, profile: , target: , version: 1.7.20
[0m10:38:41.092211 [info ] [MainThread]: Unable to do partial parsing because saved manifest not found. Starting full parse.
[0m10:38:41.092211 [debug] [MainThread]: Sending event: {'category': 'dbt', 'action': 'partial_parser', 'label': '856a2c10-cef5-43e7-b0bb-e4473e5af0f6', 'context': [<snowplow_tracker.self_describing_json.SelfDescribingJson object at 0x000001E793AAA480>]}
[0m10:38:43.589729 [debug] [MainThread]: Sending event: {'category': 'dbt', 'action': 'load_project', 'label': '856a2c10-cef5-43e7-b0bb-e4473e5af0f6', 'context': [<snowplow_tracker.self_describing_json.SelfDescribingJson object at 0x000001E79618D4F0>]}
[0m10:38:43.625984 [debug] [MainThread]: Sending event: {'category': 'dbt', 'action': 'resource_counts', 'label': '856a2c10-cef5-43e7-b0bb-e4473e5af0f6', 'context': [<snowplow_tracker.self_describing_json.SelfDescribingJson object at 0x000001E796210290>]}
[0m10:38:43.626992 [info ] [MainThread]: Found 24 models, 57 tests, 7 sources, 0 exposures, 0 metrics, 375 macros, 0 groups, 0 semantic models
[0m10:38:43.629073 [info ] [MainThread]: 
[0m10:38:43.629983 [debug] [MainThread]: Acquiring new mysql connection 'master'
[0m10:38:43.631089 [debug] [ThreadPool]: Acquiring new mysql connection 'list_schemas'
[0m10:38:43.642987 [debug] [ThreadPool]: Using mysql connection "list_schemas"
[0m10:38:43.643988 [debug] [ThreadPool]: On list_schemas: /* {"app": "dbt", "dbt_version": "1.7.20", "profile_name": "fmcg_sales", "target_name": "dev", "connection_name": "list_schemas"} */
select distinct schema_name
        from information_schema.schemata
[0m10:38:43.644988 [debug] [ThreadPool]: Opening a new connection, currently in state init
[0m10:38:43.730013 [debug] [ThreadPool]: SQL status: SUCCESS 7 in 0.0 seconds
[0m10:38:43.730980 [debug] [ThreadPool]: On list_schemas: Close
[0m10:38:43.732977 [debug] [ThreadPool]: Re-using an available connection from the pool (formerly list_schemas, now create__fmcg_sales)
[0m10:38:43.733992 [debug] [ThreadPool]: Creating schema "schema: "fmcg_sales"
"
[0m10:38:43.736991 [debug] [ThreadPool]: Using mysql connection "create__fmcg_sales"
[0m10:38:43.736991 [debug] [ThreadPool]: On create__fmcg_sales: BEGIN
[0m10:38:43.737991 [debug] [ThreadPool]: Opening a new connection, currently in state closed
[0m10:38:43.782992 [debug] [ThreadPool]: SQL status: SUCCESS 0 in 0.0 seconds
[0m10:38:43.782992 [debug] [ThreadPool]: Using mysql connection "create__fmcg_sales"
[0m10:38:43.782992 [debug] [ThreadPool]: On create__fmcg_sales: /* {"app": "dbt", "dbt_version": "1.7.20", "profile_name": "fmcg_sales", "target_name": "dev", "connection_name": "create__fmcg_sales"} */
create schema if not exists `fmcg_sales`
[0m10:38:43.797835 [debug] [ThreadPool]: SQL status: SUCCESS 1 in 0.0 seconds
[0m10:38:43.798842 [debug] [ThreadPool]: On create__fmcg_sales: COMMIT
[0m10:38:43.798842 [debug] [ThreadPool]: Using mysql connection "create__fmcg_sales"
[0m10:38:43.799827 [debug] [ThreadPool]: On create__fmcg_sales: COMMIT
[0m10:38:43.799827 [debug] [ThreadPool]: SQL status: SUCCESS 0 in 0.0 seconds
[0m10:38:43.799827 [debug] [ThreadPool]: On create__fmcg_sales: Close
[0m10:38:43.802812 [debug] [ThreadPool]: Acquiring new mysql connection 'list_None_fmcg_sales'
[0m10:38:43.805813 [debug] [ThreadPool]: Using mysql connection "list_None_fmcg_sales"
[0m10:38:43.806813 [debug] [ThreadPool]: On list_None_fmcg_sales: BEGIN
[0m10:38:43.806813 [debug] [ThreadPool]: Opening a new connection, currently in state init
[0m10:38:43.849999 [debug] [ThreadPool]: SQL status: SUCCESS 0 in 0.0 seconds
[0m10:38:43.851049 [debug] [ThreadPool]: Using mysql connection "list_None_fmcg_sales"
[0m10:38:43.851049 [debug] [ThreadPool]: On list_None_fmcg_sales: /* {"app": "dbt", "dbt_version": "1.7.20", "profile_name": "fmcg_sales", "target_name": "dev", "connection_name": "list_None_fmcg_sales"} */
select
      null as "database",
      table_name as name,
      table_schema as "schema",
      case when table_type = 'BASE TABLE' then 'table'
           when table_type = 'VIEW' then 'view'
           else table_type
      end as table_type
    from information_schema.tables
    where table_schema = 'fmcg_sales'
  
[0m10:38:43.853006 [debug] [ThreadPool]: SQL status: SUCCESS 0 in 0.0 seconds
[0m10:38:43.854007 [debug] [ThreadPool]: On list_None_fmcg_sales: ROLLBACK
[0m10:38:43.855007 [debug] [ThreadPool]: On list_None_fmcg_sales: Close
[0m10:38:43.856007 [debug] [MainThread]: Sending event: {'category': 'dbt', 'action': 'runnable_timing', 'label': '856a2c10-cef5-43e7-b0bb-e4473e5af0f6', 'context': [<snowplow_tracker.self_describing_json.SelfDescribingJson object at 0x000001E796213770>]}
[0m10:38:43.856007 [debug] [MainThread]: Using mysql connection "master"
[0m10:38:43.856007 [debug] [MainThread]: On master: BEGIN
[0m10:38:43.857108 [debug] [MainThread]: Opening a new connection, currently in state init
[0m10:38:43.899033 [debug] [MainThread]: SQL status: SUCCESS 0 in 0.0 seconds
[0m10:38:43.899033 [debug] [MainThread]: On master: COMMIT
[0m10:38:43.900041 [debug] [MainThread]: Using mysql connection "master"
[0m10:38:43.900041 [debug] [MainThread]: On master: COMMIT
[0m10:38:43.900041 [debug] [MainThread]: SQL status: SUCCESS 0 in 0.0 seconds
[0m10:38:43.901080 [debug] [MainThread]: On master: Close
[0m10:38:43.901080 [info ] [MainThread]: Concurrency: 1 threads (target='dev')
[0m10:38:43.902070 [info ] [MainThread]: 
[0m10:38:43.905039 [debug] [Thread-1 (]: Began running node model.fmcg_sales.salesperson_monthly_summary
[0m10:38:43.906040 [info ] [Thread-1 (]: 1 of 4 START sql table model fmcg_sales.salesperson_monthly_summary ............ [RUN]
[0m10:38:43.906040 [debug] [Thread-1 (]: Acquiring new mysql connection 'model.fmcg_sales.salesperson_monthly_summary'
[0m10:38:43.907040 [debug] [Thread-1 (]: Began compiling node model.fmcg_sales.salesperson_monthly_summary
[0m10:38:43.912040 [debug] [Thread-1 (]: Writing injected SQL for node "model.fmcg_sales.salesperson_monthly_summary"
[0m10:38:43.916048 [debug] [Thread-1 (]: Timing info for model.fmcg_sales.salesperson_monthly_summary (compile): 10:38:43.907040 => 10:38:43.915041
[0m10:38:43.916048 [debug] [Thread-1 (]: Began executing node model.fmcg_sales.salesperson_monthly_summary
[0m10:38:43.939042 [debug] [Thread-1 (]: Writing runtime sql for node "model.fmcg_sales.salesperson_monthly_summary"
[0m10:38:43.944045 [debug] [Thread-1 (]: Using mysql connection "model.fmcg_sales.salesperson_monthly_summary"
[0m10:38:43.944045 [debug] [Thread-1 (]: On model.fmcg_sales.salesperson_monthly_summary: BEGIN
[0m10:38:43.944045 [debug] [Thread-1 (]: Opening a new connection, currently in state init
[0m10:38:43.987141 [debug] [Thread-1 (]: SQL status: SUCCESS 0 in 0.0 seconds
[0m10:38:43.987141 [debug] [Thread-1 (]: Using mysql connection "model.fmcg_sales.salesperson_monthly_summary"
[0m10:38:43.987141 [debug] [Thread-1 (]: On model.fmcg_sales.salesperson_monthly_summary: /* {"app": "dbt", "dbt_version": "1.7.20", "profile_name": "fmcg_sales", "target_name": "dev", "node_id": "model.fmcg_sales.salesperson_monthly_summary"} */

  
    

  create  table
    `fmcg_sales`.`salesperson_monthly_summary__dbt_tmp`
    
    
      as
    
    (
      select
    spma.SalesMonth,
    e.EmployeeID as SalesPersonID,
    concat(e.FirstName, ' ', e.LastName) as SalesPersonName,
    e.Gender,
    e.HireDate,
    spma.total_transactions,
    spma.total_quantity,
    spma.total_revenue,
    spma.avg_revenue_per_transaction
from `fmcg_sales`.`sales_person_monthly_agg` spma
join `fmcg_sales`.`stg_employees` e
    on spma.SalesPersonID = e.EmployeeID
    )

  
[0m10:38:43.993740 [debug] [Thread-1 (]: mysql adapter: MySQL error: 1146 (42S02): Table 'fmcg_sales.sales_person_monthly_agg' doesn't exist
[0m10:38:43.993740 [debug] [Thread-1 (]: On model.fmcg_sales.salesperson_monthly_summary: ROLLBACK
[0m10:38:43.994745 [debug] [Thread-1 (]: Timing info for model.fmcg_sales.salesperson_monthly_summary (execute): 10:38:43.917045 => 10:38:43.994745
[0m10:38:43.994745 [debug] [Thread-1 (]: On model.fmcg_sales.salesperson_monthly_summary: Close
[0m10:38:44.095741 [debug] [Thread-1 (]: Database Error in model salesperson_monthly_summary (models\marts\salesperson_monthly_summary.sql)
  1146 (42S02): Table 'fmcg_sales.sales_person_monthly_agg' doesn't exist
  compiled Code at target\run\fmcg_sales\models\marts\salesperson_monthly_summary.sql
[0m10:38:44.096746 [debug] [Thread-1 (]: Sending event: {'category': 'dbt', 'action': 'run_model', 'label': '856a2c10-cef5-43e7-b0bb-e4473e5af0f6', 'context': [<snowplow_tracker.self_describing_json.SelfDescribingJson object at 0x000001E796386060>]}
[0m10:38:44.096746 [error] [Thread-1 (]: 1 of 4 ERROR creating sql table model fmcg_sales.salesperson_monthly_summary ... [[31mERROR[0m in 0.19s]
[0m10:38:44.097741 [debug] [Thread-1 (]: Finished running node model.fmcg_sales.salesperson_monthly_summary
[0m10:38:44.098747 [debug] [Thread-1 (]: Began running node test.fmcg_sales.not_null_salesperson_monthly_summary_SalesMonth.ac15daec5b
[0m10:38:44.098747 [info ] [Thread-1 (]: 2 of 4 SKIP test not_null_salesperson_monthly_summary_SalesMonth ............... [[33mSKIP[0m]
[0m10:38:44.099747 [debug] [Thread-1 (]: Finished running node test.fmcg_sales.not_null_salesperson_monthly_summary_SalesMonth.ac15daec5b
[0m10:38:44.099747 [debug] [Thread-1 (]: Began running node test.fmcg_sales.not_null_salesperson_monthly_summary_SalesPersonID.6931207576
[0m10:38:44.100746 [info ] [Thread-1 (]: 3 of 4 SKIP test not_null_salesperson_monthly_summary_SalesPersonID ............ [[33mSKIP[0m]
[0m10:38:44.100746 [debug] [Thread-1 (]: Finished running node test.fmcg_sales.not_null_salesperson_monthly_summary_SalesPersonID.6931207576
[0m10:38:44.101741 [debug] [Thread-1 (]: Began running node test.fmcg_sales.not_null_salesperson_monthly_summary_SalesPersonName.b896308ef9
[0m10:38:44.101741 [info ] [Thread-1 (]: 4 of 4 SKIP test not_null_salesperson_monthly_summary_SalesPersonName .......... [[33mSKIP[0m]
[0m10:38:44.102741 [debug] [Thread-1 (]: Finished running node test.fmcg_sales.not_null_salesperson_monthly_summary_SalesPersonName.b896308ef9
[0m10:38:44.104746 [debug] [MainThread]: Using mysql connection "master"
[0m10:38:44.104746 [debug] [MainThread]: On master: BEGIN
[0m10:38:44.105748 [debug] [MainThread]: Opening a new connection, currently in state closed
[0m10:38:44.166742 [debug] [MainThread]: SQL status: SUCCESS 0 in 0.0 seconds
[0m10:38:44.166742 [debug] [MainThread]: On master: COMMIT
[0m10:38:44.167837 [debug] [MainThread]: Using mysql connection "master"
[0m10:38:44.167837 [debug] [MainThread]: On master: COMMIT
[0m10:38:44.168746 [debug] [MainThread]: SQL status: SUCCESS 0 in 0.0 seconds
[0m10:38:44.168746 [debug] [MainThread]: On master: Close
[0m10:38:44.169746 [debug] [MainThread]: Connection 'master' was properly closed.
[0m10:38:44.169746 [debug] [MainThread]: Connection 'create__fmcg_sales' was properly closed.
[0m10:38:44.169746 [debug] [MainThread]: Connection 'list_None_fmcg_sales' was properly closed.
[0m10:38:44.169746 [debug] [MainThread]: Connection 'model.fmcg_sales.salesperson_monthly_summary' was properly closed.
[0m10:38:44.171744 [info ] [MainThread]: 
[0m10:38:44.171744 [info ] [MainThread]: Finished running 1 table model, 3 tests in 0 hours 0 minutes and 0.54 seconds (0.54s).
[0m10:38:44.172744 [debug] [MainThread]: Command end result
[0m10:38:44.181744 [info ] [MainThread]: 
[0m10:38:44.182745 [info ] [MainThread]: [31mCompleted with 1 error and 0 warnings:[0m
[0m10:38:44.182745 [info ] [MainThread]: 
[0m10:38:44.182745 [error] [MainThread]:   Database Error in model salesperson_monthly_summary (models\marts\salesperson_monthly_summary.sql)
  1146 (42S02): Table 'fmcg_sales.sales_person_monthly_agg' doesn't exist
  compiled Code at target\run\fmcg_sales\models\marts\salesperson_monthly_summary.sql
[0m10:38:44.183744 [info ] [MainThread]: 
[0m10:38:44.183744 [info ] [MainThread]: Done. PASS=0 WARN=0 ERROR=1 SKIP=3 TOTAL=4
[0m10:38:44.184745 [debug] [MainThread]: Command `dbt build` failed at 10:38:44.184745 after 3.42 seconds
[0m10:38:44.184745 [debug] [MainThread]: Sending event: {'category': 'dbt', 'action': 'invocation', 'label': 'end', 'context': [<snowplow_tracker.self_describing_json.SelfDescribingJson object at 0x000001E794963D10>, <snowplow_tracker.self_describing_json.SelfDescribingJson object at 0x000001E794A65970>, <snowplow_tracker.self_describing_json.SelfDescribingJson object at 0x000001E794A65100>]}
[0m10:38:44.184745 [debug] [MainThread]: Flushing usage events
[0m10:39:53.444524 [debug] [MainThread]: Sending event: {'category': 'dbt', 'action': 'invocation', 'label': 'start', 'context': [<snowplow_tracker.self_describing_json.SelfDescribingJson object at 0x000001ECB7915430>, <snowplow_tracker.self_describing_json.SelfDescribingJson object at 0x000001ECB79166F0>, <snowplow_tracker.self_describing_json.SelfDescribingJson object at 0x000001ECB79162D0>]}


============================== 10:39:53.449526 | 1dde3409-4b76-48ac-a046-10b6f02fab7a ==============================
[0m10:39:53.449526 [info ] [MainThread]: Running with dbt=1.7.20
[0m10:39:53.450523 [debug] [MainThread]: running dbt with arguments {'printer_width': '80', 'indirect_selection': 'eager', 'log_cache_events': 'False', 'write_json': 'True', 'partial_parse': 'True', 'cache_selected_only': 'False', 'warn_error': 'None', 'debug': 'False', 'version_check': 'True', 'log_path': 'C:\\nguyen\\Projects\\Bài 18_ Sales of FMCG Stores\\logs', 'fail_fast': 'False', 'profiles_dir': 'C:\\Users\\ADMIN\\.dbt', 'use_colors': 'True', 'use_experimental_parser': 'False', 'no_print': 'None', 'quiet': 'False', 'warn_error_options': 'WarnErrorOptions(include=[], exclude=[])', 'invocation_command': 'dbt build --select +salesperson_monthly_summary', 'introspect': 'True', 'log_format': 'default', 'target_path': 'None', 'static_parser': 'True', 'send_anonymous_usage_stats': 'True'}
[0m10:39:53.450523 [info ] [MainThread]: This version of dbt is deprecated and no longer receives regular patches, including for known bugs. We recommend upgrading to a newer supported version of dbt: https://docs.getdbt.com/docs/dbt-versions
[0m10:39:53.450523 [debug] [MainThread]: Sending event: {'category': 'dbt', 'action': 'deprecated_version_invocation', 'label': '1dde3409-4b76-48ac-a046-10b6f02fab7a', 'context': [<snowplow_tracker.self_describing_json.SelfDescribingJson object at 0x000001ECB77255B0>]}
[0m10:39:53.564612 [debug] [MainThread]: Sending event: {'category': 'dbt', 'action': 'project_id', 'label': '1dde3409-4b76-48ac-a046-10b6f02fab7a', 'context': [<snowplow_tracker.self_describing_json.SelfDescribingJson object at 0x000001ECB7811640>]}
[0m10:39:53.602604 [debug] [MainThread]: Sending event: {'category': 'dbt', 'action': 'adapter_info', 'label': '1dde3409-4b76-48ac-a046-10b6f02fab7a', 'context': [<snowplow_tracker.self_describing_json.SelfDescribingJson object at 0x000001ECB7ABEC60>]}
[0m10:39:53.604564 [info ] [MainThread]: Registered adapter: mysql=1.7.0
[0m10:39:53.609613 [debug] [MainThread]: checksum: e60e9a7db60717b27391e9fcca7ffc2f1c59992fad004fb73a09489fe7f93d3f, vars: {}, profile: , target: , version: 1.7.20
[0m10:39:53.673550 [debug] [MainThread]: Partial parsing enabled: 0 files deleted, 0 files added, 0 files changed.
[0m10:39:53.673550 [debug] [MainThread]: Partial parsing enabled, no changes found, skipping parsing
[0m10:39:53.678652 [debug] [MainThread]: Sending event: {'category': 'dbt', 'action': 'load_project', 'label': '1dde3409-4b76-48ac-a046-10b6f02fab7a', 'context': [<snowplow_tracker.self_describing_json.SelfDescribingJson object at 0x000001ECB7B87560>]}
[0m10:39:53.693661 [debug] [MainThread]: Sending event: {'category': 'dbt', 'action': 'resource_counts', 'label': '1dde3409-4b76-48ac-a046-10b6f02fab7a', 'context': [<snowplow_tracker.self_describing_json.SelfDescribingJson object at 0x000001ECB8F08CE0>]}
[0m10:39:53.694602 [info ] [MainThread]: Found 24 models, 57 tests, 7 sources, 0 exposures, 0 metrics, 375 macros, 0 groups, 0 semantic models
[0m10:39:53.696650 [info ] [MainThread]: 
[0m10:39:53.697661 [debug] [MainThread]: Acquiring new mysql connection 'master'
[0m10:39:53.698648 [debug] [ThreadPool]: Acquiring new mysql connection 'list_schemas'
[0m10:39:53.704656 [debug] [ThreadPool]: Using mysql connection "list_schemas"
[0m10:39:53.705653 [debug] [ThreadPool]: On list_schemas: /* {"app": "dbt", "dbt_version": "1.7.20", "profile_name": "fmcg_sales", "target_name": "dev", "connection_name": "list_schemas"} */
select distinct schema_name
        from information_schema.schemata
[0m10:39:53.705653 [debug] [ThreadPool]: Opening a new connection, currently in state init
[0m10:39:53.770586 [debug] [ThreadPool]: SQL status: SUCCESS 8 in 0.0 seconds
[0m10:39:53.771550 [debug] [ThreadPool]: On list_schemas: Close
[0m10:39:53.774550 [debug] [ThreadPool]: Acquiring new mysql connection 'list_None_fmcg_sales'
[0m10:39:53.778549 [debug] [ThreadPool]: Using mysql connection "list_None_fmcg_sales"
[0m10:39:53.778549 [debug] [ThreadPool]: On list_None_fmcg_sales: BEGIN
[0m10:39:53.779564 [debug] [ThreadPool]: Opening a new connection, currently in state init
[0m10:39:53.823770 [debug] [ThreadPool]: SQL status: SUCCESS 0 in 0.0 seconds
[0m10:39:53.824771 [debug] [ThreadPool]: Using mysql connection "list_None_fmcg_sales"
[0m10:39:53.824771 [debug] [ThreadPool]: On list_None_fmcg_sales: /* {"app": "dbt", "dbt_version": "1.7.20", "profile_name": "fmcg_sales", "target_name": "dev", "connection_name": "list_None_fmcg_sales"} */
select
      null as "database",
      table_name as name,
      table_schema as "schema",
      case when table_type = 'BASE TABLE' then 'table'
           when table_type = 'VIEW' then 'view'
           else table_type
      end as table_type
    from information_schema.tables
    where table_schema = 'fmcg_sales'
  
[0m10:39:53.826768 [debug] [ThreadPool]: SQL status: SUCCESS 0 in 0.0 seconds
[0m10:39:53.827692 [debug] [ThreadPool]: On list_None_fmcg_sales: ROLLBACK
[0m10:39:53.828681 [debug] [ThreadPool]: On list_None_fmcg_sales: Close
[0m10:39:53.829676 [debug] [MainThread]: Sending event: {'category': 'dbt', 'action': 'runnable_timing', 'label': '1dde3409-4b76-48ac-a046-10b6f02fab7a', 'context': [<snowplow_tracker.self_describing_json.SelfDescribingJson object at 0x000001ECB7939010>]}
[0m10:39:53.829676 [debug] [MainThread]: Using mysql connection "master"
[0m10:39:53.829676 [debug] [MainThread]: On master: BEGIN
[0m10:39:53.829676 [debug] [MainThread]: Opening a new connection, currently in state init
[0m10:39:53.872905 [debug] [MainThread]: SQL status: SUCCESS 0 in 0.0 seconds
[0m10:39:53.872905 [debug] [MainThread]: On master: COMMIT
[0m10:39:53.872905 [debug] [MainThread]: Using mysql connection "master"
[0m10:39:53.873906 [debug] [MainThread]: On master: COMMIT
[0m10:39:53.873906 [debug] [MainThread]: SQL status: SUCCESS 0 in 0.0 seconds
[0m10:39:53.873906 [debug] [MainThread]: On master: Close
[0m10:39:53.875000 [info ] [MainThread]: Concurrency: 1 threads (target='dev')
[0m10:39:53.875906 [info ] [MainThread]: 
[0m10:39:53.877904 [debug] [Thread-1 (]: Began running node test.fmcg_sales.source_not_null_raw_categories_CategoryID.9cf29d54a5
[0m10:39:53.879002 [info ] [Thread-1 (]: 1 of 32 START test source_not_null_raw_categories_CategoryID ................... [RUN]
[0m10:39:53.879002 [debug] [Thread-1 (]: Acquiring new mysql connection 'test.fmcg_sales.source_not_null_raw_categories_CategoryID.9cf29d54a5'
[0m10:39:53.879002 [debug] [Thread-1 (]: Began compiling node test.fmcg_sales.source_not_null_raw_categories_CategoryID.9cf29d54a5
[0m10:39:53.889906 [debug] [Thread-1 (]: Writing injected SQL for node "test.fmcg_sales.source_not_null_raw_categories_CategoryID.9cf29d54a5"
[0m10:39:53.891905 [debug] [Thread-1 (]: Timing info for test.fmcg_sales.source_not_null_raw_categories_CategoryID.9cf29d54a5 (compile): 10:39:53.880004 => 10:39:53.891905
[0m10:39:53.892909 [debug] [Thread-1 (]: Began executing node test.fmcg_sales.source_not_null_raw_categories_CategoryID.9cf29d54a5
[0m10:39:53.904000 [debug] [Thread-1 (]: Writing runtime sql for node "test.fmcg_sales.source_not_null_raw_categories_CategoryID.9cf29d54a5"
[0m10:39:53.906906 [debug] [Thread-1 (]: Using mysql connection "test.fmcg_sales.source_not_null_raw_categories_CategoryID.9cf29d54a5"
[0m10:39:53.907917 [debug] [Thread-1 (]: On test.fmcg_sales.source_not_null_raw_categories_CategoryID.9cf29d54a5: BEGIN
[0m10:39:53.908938 [debug] [Thread-1 (]: Opening a new connection, currently in state init
[0m10:39:53.953904 [debug] [Thread-1 (]: SQL status: SUCCESS 0 in 0.0 seconds
[0m10:39:53.954951 [debug] [Thread-1 (]: Using mysql connection "test.fmcg_sales.source_not_null_raw_categories_CategoryID.9cf29d54a5"
[0m10:39:53.954951 [debug] [Thread-1 (]: On test.fmcg_sales.source_not_null_raw_categories_CategoryID.9cf29d54a5: /* {"app": "dbt", "dbt_version": "1.7.20", "profile_name": "fmcg_sales", "target_name": "dev", "node_id": "test.fmcg_sales.source_not_null_raw_categories_CategoryID.9cf29d54a5"} */
select
      count(*) as failures,
      case
        when count(*) <> 0 then 'true'
        else 'false'
      end as should_warn,
      case
        when count(*) <> 0 then 'true'
        else 'false'
      end as should_error
    from (
      
    
    



select CategoryID
from `fmcg_sales`.`categories`
where CategoryID is null



      
    ) dbt_internal_test
[0m10:39:53.958905 [debug] [Thread-1 (]: mysql adapter: MySQL error: 1146 (42S02): Table 'fmcg_sales.categories' doesn't exist
[0m10:39:53.958905 [debug] [Thread-1 (]: On test.fmcg_sales.source_not_null_raw_categories_CategoryID.9cf29d54a5: ROLLBACK
[0m10:39:53.959906 [debug] [Thread-1 (]: Timing info for test.fmcg_sales.source_not_null_raw_categories_CategoryID.9cf29d54a5 (execute): 10:39:53.892909 => 10:39:53.959906
[0m10:39:53.959906 [debug] [Thread-1 (]: On test.fmcg_sales.source_not_null_raw_categories_CategoryID.9cf29d54a5: Close
[0m10:39:53.972905 [debug] [Thread-1 (]: Database Error in test source_not_null_raw_categories_CategoryID (models\sources.yml)
  1146 (42S02): Table 'fmcg_sales.categories' doesn't exist
  compiled Code at target\run\fmcg_sales\models\sources.yml\source_not_null_raw_categories_CategoryID.sql
[0m10:39:53.973906 [error] [Thread-1 (]: 1 of 32 ERROR source_not_null_raw_categories_CategoryID ........................ [[31mERROR[0m in 0.09s]
[0m10:39:53.973906 [debug] [Thread-1 (]: Finished running node test.fmcg_sales.source_not_null_raw_categories_CategoryID.9cf29d54a5
[0m10:39:53.975007 [debug] [Thread-1 (]: Began running node test.fmcg_sales.source_not_null_raw_cities_CityID.cb2e3b5754
[0m10:39:53.975007 [info ] [Thread-1 (]: 2 of 32 START test source_not_null_raw_cities_CityID ........................... [RUN]
[0m10:39:53.975906 [debug] [Thread-1 (]: Re-using an available connection from the pool (formerly test.fmcg_sales.source_not_null_raw_categories_CategoryID.9cf29d54a5, now test.fmcg_sales.source_not_null_raw_cities_CityID.cb2e3b5754)
[0m10:39:53.975906 [debug] [Thread-1 (]: Began compiling node test.fmcg_sales.source_not_null_raw_cities_CityID.cb2e3b5754
[0m10:39:53.979002 [debug] [Thread-1 (]: Writing injected SQL for node "test.fmcg_sales.source_not_null_raw_cities_CityID.cb2e3b5754"
[0m10:39:53.980009 [debug] [Thread-1 (]: Timing info for test.fmcg_sales.source_not_null_raw_cities_CityID.cb2e3b5754 (compile): 10:39:53.975906 => 10:39:53.980009
[0m10:39:53.980972 [debug] [Thread-1 (]: Began executing node test.fmcg_sales.source_not_null_raw_cities_CityID.cb2e3b5754
[0m10:39:53.983006 [debug] [Thread-1 (]: Writing runtime sql for node "test.fmcg_sales.source_not_null_raw_cities_CityID.cb2e3b5754"
[0m10:39:53.984015 [debug] [Thread-1 (]: Using mysql connection "test.fmcg_sales.source_not_null_raw_cities_CityID.cb2e3b5754"
[0m10:39:53.984916 [debug] [Thread-1 (]: On test.fmcg_sales.source_not_null_raw_cities_CityID.cb2e3b5754: BEGIN
[0m10:39:53.986023 [debug] [Thread-1 (]: Opening a new connection, currently in state closed
[0m10:39:54.031952 [debug] [Thread-1 (]: SQL status: SUCCESS 0 in 0.0 seconds
[0m10:39:54.032952 [debug] [Thread-1 (]: Using mysql connection "test.fmcg_sales.source_not_null_raw_cities_CityID.cb2e3b5754"
[0m10:39:54.032952 [debug] [Thread-1 (]: On test.fmcg_sales.source_not_null_raw_cities_CityID.cb2e3b5754: /* {"app": "dbt", "dbt_version": "1.7.20", "profile_name": "fmcg_sales", "target_name": "dev", "node_id": "test.fmcg_sales.source_not_null_raw_cities_CityID.cb2e3b5754"} */
select
      count(*) as failures,
      case
        when count(*) <> 0 then 'true'
        else 'false'
      end as should_warn,
      case
        when count(*) <> 0 then 'true'
        else 'false'
      end as should_error
    from (
      
    
    



select CityID
from `fmcg_sales`.`cities`
where CityID is null



      
    ) dbt_internal_test
[0m10:39:54.035004 [debug] [Thread-1 (]: mysql adapter: MySQL error: 1146 (42S02): Table 'fmcg_sales.cities' doesn't exist
[0m10:39:54.035004 [debug] [Thread-1 (]: On test.fmcg_sales.source_not_null_raw_cities_CityID.cb2e3b5754: ROLLBACK
[0m10:39:54.036016 [debug] [Thread-1 (]: Timing info for test.fmcg_sales.source_not_null_raw_cities_CityID.cb2e3b5754 (execute): 10:39:53.980972 => 10:39:54.036016
[0m10:39:54.036016 [debug] [Thread-1 (]: On test.fmcg_sales.source_not_null_raw_cities_CityID.cb2e3b5754: Close
[0m10:39:54.037905 [debug] [Thread-1 (]: Database Error in test source_not_null_raw_cities_CityID (models\sources.yml)
  1146 (42S02): Table 'fmcg_sales.cities' doesn't exist
  compiled Code at target\run\fmcg_sales\models\sources.yml\source_not_null_raw_cities_CityID.sql
[0m10:39:54.038905 [error] [Thread-1 (]: 2 of 32 ERROR source_not_null_raw_cities_CityID ................................ [[31mERROR[0m in 0.06s]
[0m10:39:54.038905 [debug] [Thread-1 (]: Finished running node test.fmcg_sales.source_not_null_raw_cities_CityID.cb2e3b5754
[0m10:39:54.040001 [debug] [Thread-1 (]: Began running node test.fmcg_sales.source_not_null_raw_countries_CountryID.8f8567ebcb
[0m10:39:54.040001 [info ] [Thread-1 (]: 3 of 32 START test source_not_null_raw_countries_CountryID ..................... [RUN]
[0m10:39:54.040947 [debug] [Thread-1 (]: Re-using an available connection from the pool (formerly test.fmcg_sales.source_not_null_raw_cities_CityID.cb2e3b5754, now test.fmcg_sales.source_not_null_raw_countries_CountryID.8f8567ebcb)
[0m10:39:54.040947 [debug] [Thread-1 (]: Began compiling node test.fmcg_sales.source_not_null_raw_countries_CountryID.8f8567ebcb
[0m10:39:54.044002 [debug] [Thread-1 (]: Writing injected SQL for node "test.fmcg_sales.source_not_null_raw_countries_CountryID.8f8567ebcb"
[0m10:39:54.046906 [debug] [Thread-1 (]: Timing info for test.fmcg_sales.source_not_null_raw_countries_CountryID.8f8567ebcb (compile): 10:39:54.040947 => 10:39:54.046011
[0m10:39:54.047915 [debug] [Thread-1 (]: Began executing node test.fmcg_sales.source_not_null_raw_countries_CountryID.8f8567ebcb
[0m10:39:54.050907 [debug] [Thread-1 (]: Writing runtime sql for node "test.fmcg_sales.source_not_null_raw_countries_CountryID.8f8567ebcb"
[0m10:39:54.052911 [debug] [Thread-1 (]: Using mysql connection "test.fmcg_sales.source_not_null_raw_countries_CountryID.8f8567ebcb"
[0m10:39:54.052911 [debug] [Thread-1 (]: On test.fmcg_sales.source_not_null_raw_countries_CountryID.8f8567ebcb: BEGIN
[0m10:39:54.052911 [debug] [Thread-1 (]: Opening a new connection, currently in state closed
[0m10:39:54.097949 [debug] [Thread-1 (]: SQL status: SUCCESS 0 in 0.0 seconds
[0m10:39:54.097949 [debug] [Thread-1 (]: Using mysql connection "test.fmcg_sales.source_not_null_raw_countries_CountryID.8f8567ebcb"
[0m10:39:54.099002 [debug] [Thread-1 (]: On test.fmcg_sales.source_not_null_raw_countries_CountryID.8f8567ebcb: /* {"app": "dbt", "dbt_version": "1.7.20", "profile_name": "fmcg_sales", "target_name": "dev", "node_id": "test.fmcg_sales.source_not_null_raw_countries_CountryID.8f8567ebcb"} */
select
      count(*) as failures,
      case
        when count(*) <> 0 then 'true'
        else 'false'
      end as should_warn,
      case
        when count(*) <> 0 then 'true'
        else 'false'
      end as should_error
    from (
      
    
    



select CountryID
from `fmcg_sales`.`countries`
where CountryID is null



      
    ) dbt_internal_test
[0m10:39:54.100963 [debug] [Thread-1 (]: mysql adapter: MySQL error: 1146 (42S02): Table 'fmcg_sales.countries' doesn't exist
[0m10:39:54.101949 [debug] [Thread-1 (]: On test.fmcg_sales.source_not_null_raw_countries_CountryID.8f8567ebcb: ROLLBACK
[0m10:39:54.101949 [debug] [Thread-1 (]: Timing info for test.fmcg_sales.source_not_null_raw_countries_CountryID.8f8567ebcb (execute): 10:39:54.047915 => 10:39:54.101949
[0m10:39:54.102943 [debug] [Thread-1 (]: On test.fmcg_sales.source_not_null_raw_countries_CountryID.8f8567ebcb: Close
[0m10:39:54.105010 [debug] [Thread-1 (]: Database Error in test source_not_null_raw_countries_CountryID (models\sources.yml)
  1146 (42S02): Table 'fmcg_sales.countries' doesn't exist
  compiled Code at target\run\fmcg_sales\models\sources.yml\source_not_null_raw_countries_CountryID.sql
[0m10:39:54.105010 [error] [Thread-1 (]: 3 of 32 ERROR source_not_null_raw_countries_CountryID .......................... [[31mERROR[0m in 0.07s]
[0m10:39:54.105910 [debug] [Thread-1 (]: Finished running node test.fmcg_sales.source_not_null_raw_countries_CountryID.8f8567ebcb
[0m10:39:54.105910 [debug] [Thread-1 (]: Began running node test.fmcg_sales.source_not_null_raw_customers_CustomerID.4ba89b58e3
[0m10:39:54.105910 [info ] [Thread-1 (]: 4 of 32 START test source_not_null_raw_customers_CustomerID .................... [RUN]
[0m10:39:54.107005 [debug] [Thread-1 (]: Re-using an available connection from the pool (formerly test.fmcg_sales.source_not_null_raw_countries_CountryID.8f8567ebcb, now test.fmcg_sales.source_not_null_raw_customers_CustomerID.4ba89b58e3)
[0m10:39:54.107005 [debug] [Thread-1 (]: Began compiling node test.fmcg_sales.source_not_null_raw_customers_CustomerID.4ba89b58e3
[0m10:39:54.111005 [debug] [Thread-1 (]: Writing injected SQL for node "test.fmcg_sales.source_not_null_raw_customers_CustomerID.4ba89b58e3"
[0m10:39:54.112910 [debug] [Thread-1 (]: Timing info for test.fmcg_sales.source_not_null_raw_customers_CustomerID.4ba89b58e3 (compile): 10:39:54.107905 => 10:39:54.111914
[0m10:39:54.112910 [debug] [Thread-1 (]: Began executing node test.fmcg_sales.source_not_null_raw_customers_CustomerID.4ba89b58e3
[0m10:39:54.115905 [debug] [Thread-1 (]: Writing runtime sql for node "test.fmcg_sales.source_not_null_raw_customers_CustomerID.4ba89b58e3"
[0m10:39:54.116907 [debug] [Thread-1 (]: Using mysql connection "test.fmcg_sales.source_not_null_raw_customers_CustomerID.4ba89b58e3"
[0m10:39:54.118027 [debug] [Thread-1 (]: On test.fmcg_sales.source_not_null_raw_customers_CustomerID.4ba89b58e3: BEGIN
[0m10:39:54.118027 [debug] [Thread-1 (]: Opening a new connection, currently in state closed
[0m10:39:54.163906 [debug] [Thread-1 (]: SQL status: SUCCESS 0 in 0.0 seconds
[0m10:39:54.165016 [debug] [Thread-1 (]: Using mysql connection "test.fmcg_sales.source_not_null_raw_customers_CustomerID.4ba89b58e3"
[0m10:39:54.165016 [debug] [Thread-1 (]: On test.fmcg_sales.source_not_null_raw_customers_CustomerID.4ba89b58e3: /* {"app": "dbt", "dbt_version": "1.7.20", "profile_name": "fmcg_sales", "target_name": "dev", "node_id": "test.fmcg_sales.source_not_null_raw_customers_CustomerID.4ba89b58e3"} */
select
      count(*) as failures,
      case
        when count(*) <> 0 then 'true'
        else 'false'
      end as should_warn,
      case
        when count(*) <> 0 then 'true'
        else 'false'
      end as should_error
    from (
      
    
    



select CustomerID
from `fmcg_sales`.`customers`
where CustomerID is null



      
    ) dbt_internal_test
[0m10:39:54.166904 [debug] [Thread-1 (]: mysql adapter: MySQL error: 1146 (42S02): Table 'fmcg_sales.customers' doesn't exist
[0m10:39:54.166904 [debug] [Thread-1 (]: On test.fmcg_sales.source_not_null_raw_customers_CustomerID.4ba89b58e3: ROLLBACK
[0m10:39:54.167904 [debug] [Thread-1 (]: Timing info for test.fmcg_sales.source_not_null_raw_customers_CustomerID.4ba89b58e3 (execute): 10:39:54.113910 => 10:39:54.166904
[0m10:39:54.167904 [debug] [Thread-1 (]: On test.fmcg_sales.source_not_null_raw_customers_CustomerID.4ba89b58e3: Close
[0m10:39:54.169918 [debug] [Thread-1 (]: Database Error in test source_not_null_raw_customers_CustomerID (models\sources.yml)
  1146 (42S02): Table 'fmcg_sales.customers' doesn't exist
  compiled Code at target\run\fmcg_sales\models\sources.yml\source_not_null_raw_customers_CustomerID.sql
[0m10:39:54.169918 [error] [Thread-1 (]: 4 of 32 ERROR source_not_null_raw_customers_CustomerID ......................... [[31mERROR[0m in 0.06s]
[0m10:39:54.170924 [debug] [Thread-1 (]: Finished running node test.fmcg_sales.source_not_null_raw_customers_CustomerID.4ba89b58e3
[0m10:39:54.170924 [debug] [Thread-1 (]: Began running node test.fmcg_sales.source_not_null_raw_employees_EmployeeID.4e95fdb9d3
[0m10:39:54.171906 [info ] [Thread-1 (]: 5 of 32 START test source_not_null_raw_employees_EmployeeID .................... [RUN]
[0m10:39:54.171906 [debug] [Thread-1 (]: Re-using an available connection from the pool (formerly test.fmcg_sales.source_not_null_raw_customers_CustomerID.4ba89b58e3, now test.fmcg_sales.source_not_null_raw_employees_EmployeeID.4e95fdb9d3)
[0m10:39:54.172950 [debug] [Thread-1 (]: Began compiling node test.fmcg_sales.source_not_null_raw_employees_EmployeeID.4e95fdb9d3
[0m10:39:54.176007 [debug] [Thread-1 (]: Writing injected SQL for node "test.fmcg_sales.source_not_null_raw_employees_EmployeeID.4e95fdb9d3"
[0m10:39:54.177906 [debug] [Thread-1 (]: Timing info for test.fmcg_sales.source_not_null_raw_employees_EmployeeID.4e95fdb9d3 (compile): 10:39:54.172950 => 10:39:54.177007
[0m10:39:54.177906 [debug] [Thread-1 (]: Began executing node test.fmcg_sales.source_not_null_raw_employees_EmployeeID.4e95fdb9d3
[0m10:39:54.179998 [debug] [Thread-1 (]: Writing runtime sql for node "test.fmcg_sales.source_not_null_raw_employees_EmployeeID.4e95fdb9d3"
[0m10:39:54.181011 [debug] [Thread-1 (]: Using mysql connection "test.fmcg_sales.source_not_null_raw_employees_EmployeeID.4e95fdb9d3"
[0m10:39:54.181907 [debug] [Thread-1 (]: On test.fmcg_sales.source_not_null_raw_employees_EmployeeID.4e95fdb9d3: BEGIN
[0m10:39:54.182920 [debug] [Thread-1 (]: Opening a new connection, currently in state closed
[0m10:39:54.228905 [debug] [Thread-1 (]: SQL status: SUCCESS 0 in 0.0 seconds
[0m10:39:54.228905 [debug] [Thread-1 (]: Using mysql connection "test.fmcg_sales.source_not_null_raw_employees_EmployeeID.4e95fdb9d3"
[0m10:39:54.229906 [debug] [Thread-1 (]: On test.fmcg_sales.source_not_null_raw_employees_EmployeeID.4e95fdb9d3: /* {"app": "dbt", "dbt_version": "1.7.20", "profile_name": "fmcg_sales", "target_name": "dev", "node_id": "test.fmcg_sales.source_not_null_raw_employees_EmployeeID.4e95fdb9d3"} */
select
      count(*) as failures,
      case
        when count(*) <> 0 then 'true'
        else 'false'
      end as should_warn,
      case
        when count(*) <> 0 then 'true'
        else 'false'
      end as should_error
    from (
      
    
    



select EmployeeID
from `fmcg_sales`.`employees`
where EmployeeID is null



      
    ) dbt_internal_test
[0m10:39:54.230942 [debug] [Thread-1 (]: mysql adapter: MySQL error: 1146 (42S02): Table 'fmcg_sales.employees' doesn't exist
[0m10:39:54.230942 [debug] [Thread-1 (]: On test.fmcg_sales.source_not_null_raw_employees_EmployeeID.4e95fdb9d3: ROLLBACK
[0m10:39:54.231925 [debug] [Thread-1 (]: Timing info for test.fmcg_sales.source_not_null_raw_employees_EmployeeID.4e95fdb9d3 (execute): 10:39:54.177906 => 10:39:54.231925
[0m10:39:54.231925 [debug] [Thread-1 (]: On test.fmcg_sales.source_not_null_raw_employees_EmployeeID.4e95fdb9d3: Close
[0m10:39:54.233905 [debug] [Thread-1 (]: Database Error in test source_not_null_raw_employees_EmployeeID (models\sources.yml)
  1146 (42S02): Table 'fmcg_sales.employees' doesn't exist
  compiled Code at target\run\fmcg_sales\models\sources.yml\source_not_null_raw_employees_EmployeeID.sql
[0m10:39:54.234905 [error] [Thread-1 (]: 5 of 32 ERROR source_not_null_raw_employees_EmployeeID ......................... [[31mERROR[0m in 0.06s]
[0m10:39:54.234905 [debug] [Thread-1 (]: Finished running node test.fmcg_sales.source_not_null_raw_employees_EmployeeID.4e95fdb9d3
[0m10:39:54.235945 [debug] [Thread-1 (]: Began running node test.fmcg_sales.source_not_null_raw_products_ProductID.9bf99791be
[0m10:39:54.235945 [info ] [Thread-1 (]: 6 of 32 START test source_not_null_raw_products_ProductID ...................... [RUN]
[0m10:39:54.236948 [debug] [Thread-1 (]: Re-using an available connection from the pool (formerly test.fmcg_sales.source_not_null_raw_employees_EmployeeID.4e95fdb9d3, now test.fmcg_sales.source_not_null_raw_products_ProductID.9bf99791be)
[0m10:39:54.236948 [debug] [Thread-1 (]: Began compiling node test.fmcg_sales.source_not_null_raw_products_ProductID.9bf99791be
[0m10:39:54.240004 [debug] [Thread-1 (]: Writing injected SQL for node "test.fmcg_sales.source_not_null_raw_products_ProductID.9bf99791be"
[0m10:39:54.241008 [debug] [Thread-1 (]: Timing info for test.fmcg_sales.source_not_null_raw_products_ProductID.9bf99791be (compile): 10:39:54.236948 => 10:39:54.241008
[0m10:39:54.241008 [debug] [Thread-1 (]: Began executing node test.fmcg_sales.source_not_null_raw_products_ProductID.9bf99791be
[0m10:39:54.243003 [debug] [Thread-1 (]: Writing runtime sql for node "test.fmcg_sales.source_not_null_raw_products_ProductID.9bf99791be"
[0m10:39:54.243911 [debug] [Thread-1 (]: Using mysql connection "test.fmcg_sales.source_not_null_raw_products_ProductID.9bf99791be"
[0m10:39:54.243911 [debug] [Thread-1 (]: On test.fmcg_sales.source_not_null_raw_products_ProductID.9bf99791be: BEGIN
[0m10:39:54.243911 [debug] [Thread-1 (]: Opening a new connection, currently in state closed
[0m10:39:54.291905 [debug] [Thread-1 (]: SQL status: SUCCESS 0 in 0.0 seconds
[0m10:39:54.291905 [debug] [Thread-1 (]: Using mysql connection "test.fmcg_sales.source_not_null_raw_products_ProductID.9bf99791be"
[0m10:39:54.292907 [debug] [Thread-1 (]: On test.fmcg_sales.source_not_null_raw_products_ProductID.9bf99791be: /* {"app": "dbt", "dbt_version": "1.7.20", "profile_name": "fmcg_sales", "target_name": "dev", "node_id": "test.fmcg_sales.source_not_null_raw_products_ProductID.9bf99791be"} */
select
      count(*) as failures,
      case
        when count(*) <> 0 then 'true'
        else 'false'
      end as should_warn,
      case
        when count(*) <> 0 then 'true'
        else 'false'
      end as should_error
    from (
      
    
    



select ProductID
from `fmcg_sales`.`products`
where ProductID is null



      
    ) dbt_internal_test
[0m10:39:54.295006 [debug] [Thread-1 (]: mysql adapter: MySQL error: 1146 (42S02): Table 'fmcg_sales.products' doesn't exist
[0m10:39:54.296016 [debug] [Thread-1 (]: On test.fmcg_sales.source_not_null_raw_products_ProductID.9bf99791be: ROLLBACK
[0m10:39:54.296016 [debug] [Thread-1 (]: Timing info for test.fmcg_sales.source_not_null_raw_products_ProductID.9bf99791be (execute): 10:39:54.241008 => 10:39:54.296016
[0m10:39:54.297009 [debug] [Thread-1 (]: On test.fmcg_sales.source_not_null_raw_products_ProductID.9bf99791be: Close
[0m10:39:54.299012 [debug] [Thread-1 (]: Database Error in test source_not_null_raw_products_ProductID (models\sources.yml)
  1146 (42S02): Table 'fmcg_sales.products' doesn't exist
  compiled Code at target\run\fmcg_sales\models\sources.yml\source_not_null_raw_products_ProductID.sql
[0m10:39:54.299906 [error] [Thread-1 (]: 6 of 32 ERROR source_not_null_raw_products_ProductID ........................... [[31mERROR[0m in 0.06s]
[0m10:39:54.299906 [debug] [Thread-1 (]: Finished running node test.fmcg_sales.source_not_null_raw_products_ProductID.9bf99791be
[0m10:39:54.300910 [debug] [Thread-1 (]: Began running node test.fmcg_sales.source_not_null_raw_sales_CustomerID.8f2a6c215b
[0m10:39:54.300910 [info ] [Thread-1 (]: 7 of 32 START test source_not_null_raw_sales_CustomerID ........................ [RUN]
[0m10:39:54.301906 [debug] [Thread-1 (]: Re-using an available connection from the pool (formerly test.fmcg_sales.source_not_null_raw_products_ProductID.9bf99791be, now test.fmcg_sales.source_not_null_raw_sales_CustomerID.8f2a6c215b)
[0m10:39:54.301906 [debug] [Thread-1 (]: Began compiling node test.fmcg_sales.source_not_null_raw_sales_CustomerID.8f2a6c215b
[0m10:39:54.305001 [debug] [Thread-1 (]: Writing injected SQL for node "test.fmcg_sales.source_not_null_raw_sales_CustomerID.8f2a6c215b"
[0m10:39:54.306906 [debug] [Thread-1 (]: Timing info for test.fmcg_sales.source_not_null_raw_sales_CustomerID.8f2a6c215b (compile): 10:39:54.301906 => 10:39:54.306906
[0m10:39:54.307913 [debug] [Thread-1 (]: Began executing node test.fmcg_sales.source_not_null_raw_sales_CustomerID.8f2a6c215b
[0m10:39:54.308906 [debug] [Thread-1 (]: Writing runtime sql for node "test.fmcg_sales.source_not_null_raw_sales_CustomerID.8f2a6c215b"
[0m10:39:54.309907 [debug] [Thread-1 (]: Using mysql connection "test.fmcg_sales.source_not_null_raw_sales_CustomerID.8f2a6c215b"
[0m10:39:54.310908 [debug] [Thread-1 (]: On test.fmcg_sales.source_not_null_raw_sales_CustomerID.8f2a6c215b: BEGIN
[0m10:39:54.310908 [debug] [Thread-1 (]: Opening a new connection, currently in state closed
[0m10:39:54.361905 [debug] [Thread-1 (]: SQL status: SUCCESS 0 in 0.0 seconds
[0m10:39:54.362944 [debug] [Thread-1 (]: Using mysql connection "test.fmcg_sales.source_not_null_raw_sales_CustomerID.8f2a6c215b"
[0m10:39:54.362944 [debug] [Thread-1 (]: On test.fmcg_sales.source_not_null_raw_sales_CustomerID.8f2a6c215b: /* {"app": "dbt", "dbt_version": "1.7.20", "profile_name": "fmcg_sales", "target_name": "dev", "node_id": "test.fmcg_sales.source_not_null_raw_sales_CustomerID.8f2a6c215b"} */
select
      count(*) as failures,
      case
        when count(*) <> 0 then 'true'
        else 'false'
      end as should_warn,
      case
        when count(*) <> 0 then 'true'
        else 'false'
      end as should_error
    from (
      
    
    



select CustomerID
from `fmcg_sales`.`sales`
where CustomerID is null



      
    ) dbt_internal_test
[0m10:39:54.364906 [debug] [Thread-1 (]: mysql adapter: MySQL error: 1146 (42S02): Table 'fmcg_sales.sales' doesn't exist
[0m10:39:54.364906 [debug] [Thread-1 (]: On test.fmcg_sales.source_not_null_raw_sales_CustomerID.8f2a6c215b: ROLLBACK
[0m10:39:54.365903 [debug] [Thread-1 (]: Timing info for test.fmcg_sales.source_not_null_raw_sales_CustomerID.8f2a6c215b (execute): 10:39:54.307913 => 10:39:54.365903
[0m10:39:54.365903 [debug] [Thread-1 (]: On test.fmcg_sales.source_not_null_raw_sales_CustomerID.8f2a6c215b: Close
[0m10:39:54.367906 [debug] [Thread-1 (]: Database Error in test source_not_null_raw_sales_CustomerID (models\sources.yml)
  1146 (42S02): Table 'fmcg_sales.sales' doesn't exist
  compiled Code at target\run\fmcg_sales\models\sources.yml\source_not_null_raw_sales_CustomerID.sql
[0m10:39:54.368905 [error] [Thread-1 (]: 7 of 32 ERROR source_not_null_raw_sales_CustomerID ............................. [[31mERROR[0m in 0.07s]
[0m10:39:54.368905 [debug] [Thread-1 (]: Finished running node test.fmcg_sales.source_not_null_raw_sales_CustomerID.8f2a6c215b
[0m10:39:54.369904 [debug] [Thread-1 (]: Began running node test.fmcg_sales.source_not_null_raw_sales_ProductID.37d6340449
[0m10:39:54.369904 [info ] [Thread-1 (]: 8 of 32 START test source_not_null_raw_sales_ProductID ......................... [RUN]
[0m10:39:54.370905 [debug] [Thread-1 (]: Re-using an available connection from the pool (formerly test.fmcg_sales.source_not_null_raw_sales_CustomerID.8f2a6c215b, now test.fmcg_sales.source_not_null_raw_sales_ProductID.37d6340449)
[0m10:39:54.370905 [debug] [Thread-1 (]: Began compiling node test.fmcg_sales.source_not_null_raw_sales_ProductID.37d6340449
[0m10:39:54.373906 [debug] [Thread-1 (]: Writing injected SQL for node "test.fmcg_sales.source_not_null_raw_sales_ProductID.37d6340449"
[0m10:39:54.374906 [debug] [Thread-1 (]: Timing info for test.fmcg_sales.source_not_null_raw_sales_ProductID.37d6340449 (compile): 10:39:54.370905 => 10:39:54.374906
[0m10:39:54.375914 [debug] [Thread-1 (]: Began executing node test.fmcg_sales.source_not_null_raw_sales_ProductID.37d6340449
[0m10:39:54.377906 [debug] [Thread-1 (]: Writing runtime sql for node "test.fmcg_sales.source_not_null_raw_sales_ProductID.37d6340449"
[0m10:39:54.378904 [debug] [Thread-1 (]: Using mysql connection "test.fmcg_sales.source_not_null_raw_sales_ProductID.37d6340449"
[0m10:39:54.378904 [debug] [Thread-1 (]: On test.fmcg_sales.source_not_null_raw_sales_ProductID.37d6340449: BEGIN
[0m10:39:54.379910 [debug] [Thread-1 (]: Opening a new connection, currently in state closed
[0m10:39:54.443908 [debug] [Thread-1 (]: SQL status: SUCCESS 0 in 0.0 seconds
[0m10:39:54.443908 [debug] [Thread-1 (]: Using mysql connection "test.fmcg_sales.source_not_null_raw_sales_ProductID.37d6340449"
[0m10:39:54.444905 [debug] [Thread-1 (]: On test.fmcg_sales.source_not_null_raw_sales_ProductID.37d6340449: /* {"app": "dbt", "dbt_version": "1.7.20", "profile_name": "fmcg_sales", "target_name": "dev", "node_id": "test.fmcg_sales.source_not_null_raw_sales_ProductID.37d6340449"} */
select
      count(*) as failures,
      case
        when count(*) <> 0 then 'true'
        else 'false'
      end as should_warn,
      case
        when count(*) <> 0 then 'true'
        else 'false'
      end as should_error
    from (
      
    
    



select ProductID
from `fmcg_sales`.`sales`
where ProductID is null



      
    ) dbt_internal_test
[0m10:39:54.446904 [debug] [Thread-1 (]: mysql adapter: MySQL error: 1146 (42S02): Table 'fmcg_sales.sales' doesn't exist
[0m10:39:54.446904 [debug] [Thread-1 (]: On test.fmcg_sales.source_not_null_raw_sales_ProductID.37d6340449: ROLLBACK
[0m10:39:54.447907 [debug] [Thread-1 (]: Timing info for test.fmcg_sales.source_not_null_raw_sales_ProductID.37d6340449 (execute): 10:39:54.375914 => 10:39:54.447907
[0m10:39:54.448905 [debug] [Thread-1 (]: On test.fmcg_sales.source_not_null_raw_sales_ProductID.37d6340449: Close
[0m10:39:54.450920 [debug] [Thread-1 (]: Database Error in test source_not_null_raw_sales_ProductID (models\sources.yml)
  1146 (42S02): Table 'fmcg_sales.sales' doesn't exist
  compiled Code at target\run\fmcg_sales\models\sources.yml\source_not_null_raw_sales_ProductID.sql
[0m10:39:54.450920 [error] [Thread-1 (]: 8 of 32 ERROR source_not_null_raw_sales_ProductID .............................. [[31mERROR[0m in 0.08s]
[0m10:39:54.451926 [debug] [Thread-1 (]: Finished running node test.fmcg_sales.source_not_null_raw_sales_ProductID.37d6340449
[0m10:39:54.451926 [debug] [Thread-1 (]: Began running node test.fmcg_sales.source_not_null_raw_sales_SalesID.86fcce832a
[0m10:39:54.452941 [info ] [Thread-1 (]: 9 of 32 START test source_not_null_raw_sales_SalesID ........................... [RUN]
[0m10:39:54.453907 [debug] [Thread-1 (]: Re-using an available connection from the pool (formerly test.fmcg_sales.source_not_null_raw_sales_ProductID.37d6340449, now test.fmcg_sales.source_not_null_raw_sales_SalesID.86fcce832a)
[0m10:39:54.453907 [debug] [Thread-1 (]: Began compiling node test.fmcg_sales.source_not_null_raw_sales_SalesID.86fcce832a
[0m10:39:54.456905 [debug] [Thread-1 (]: Writing injected SQL for node "test.fmcg_sales.source_not_null_raw_sales_SalesID.86fcce832a"
[0m10:39:54.458907 [debug] [Thread-1 (]: Timing info for test.fmcg_sales.source_not_null_raw_sales_SalesID.86fcce832a (compile): 10:39:54.453907 => 10:39:54.457906
[0m10:39:54.458907 [debug] [Thread-1 (]: Began executing node test.fmcg_sales.source_not_null_raw_sales_SalesID.86fcce832a
[0m10:39:54.460907 [debug] [Thread-1 (]: Writing runtime sql for node "test.fmcg_sales.source_not_null_raw_sales_SalesID.86fcce832a"
[0m10:39:54.461907 [debug] [Thread-1 (]: Using mysql connection "test.fmcg_sales.source_not_null_raw_sales_SalesID.86fcce832a"
[0m10:39:54.461907 [debug] [Thread-1 (]: On test.fmcg_sales.source_not_null_raw_sales_SalesID.86fcce832a: BEGIN
[0m10:39:54.462906 [debug] [Thread-1 (]: Opening a new connection, currently in state closed
[0m10:39:54.505906 [debug] [Thread-1 (]: SQL status: SUCCESS 0 in 0.0 seconds
[0m10:39:54.506905 [debug] [Thread-1 (]: Using mysql connection "test.fmcg_sales.source_not_null_raw_sales_SalesID.86fcce832a"
[0m10:39:54.506905 [debug] [Thread-1 (]: On test.fmcg_sales.source_not_null_raw_sales_SalesID.86fcce832a: /* {"app": "dbt", "dbt_version": "1.7.20", "profile_name": "fmcg_sales", "target_name": "dev", "node_id": "test.fmcg_sales.source_not_null_raw_sales_SalesID.86fcce832a"} */
select
      count(*) as failures,
      case
        when count(*) <> 0 then 'true'
        else 'false'
      end as should_warn,
      case
        when count(*) <> 0 then 'true'
        else 'false'
      end as should_error
    from (
      
    
    



select SalesID
from `fmcg_sales`.`sales`
where SalesID is null



      
    ) dbt_internal_test
[0m10:39:54.508905 [debug] [Thread-1 (]: mysql adapter: MySQL error: 1146 (42S02): Table 'fmcg_sales.sales' doesn't exist
[0m10:39:54.508905 [debug] [Thread-1 (]: On test.fmcg_sales.source_not_null_raw_sales_SalesID.86fcce832a: ROLLBACK
[0m10:39:54.509906 [debug] [Thread-1 (]: Timing info for test.fmcg_sales.source_not_null_raw_sales_SalesID.86fcce832a (execute): 10:39:54.458907 => 10:39:54.508905
[0m10:39:54.509906 [debug] [Thread-1 (]: On test.fmcg_sales.source_not_null_raw_sales_SalesID.86fcce832a: Close
[0m10:39:54.511905 [debug] [Thread-1 (]: Database Error in test source_not_null_raw_sales_SalesID (models\sources.yml)
  1146 (42S02): Table 'fmcg_sales.sales' doesn't exist
  compiled Code at target\run\fmcg_sales\models\sources.yml\source_not_null_raw_sales_SalesID.sql
[0m10:39:54.511905 [error] [Thread-1 (]: 9 of 32 ERROR source_not_null_raw_sales_SalesID ................................ [[31mERROR[0m in 0.06s]
[0m10:39:54.512905 [debug] [Thread-1 (]: Finished running node test.fmcg_sales.source_not_null_raw_sales_SalesID.86fcce832a
[0m10:39:54.512905 [debug] [Thread-1 (]: Began running node test.fmcg_sales.source_not_null_raw_sales_SalesPersonID.30fb6636b7
[0m10:39:54.512905 [info ] [Thread-1 (]: 10 of 32 START test source_not_null_raw_sales_SalesPersonID .................... [RUN]
[0m10:39:54.514011 [debug] [Thread-1 (]: Re-using an available connection from the pool (formerly test.fmcg_sales.source_not_null_raw_sales_SalesID.86fcce832a, now test.fmcg_sales.source_not_null_raw_sales_SalesPersonID.30fb6636b7)
[0m10:39:54.514906 [debug] [Thread-1 (]: Began compiling node test.fmcg_sales.source_not_null_raw_sales_SalesPersonID.30fb6636b7
[0m10:39:54.517906 [debug] [Thread-1 (]: Writing injected SQL for node "test.fmcg_sales.source_not_null_raw_sales_SalesPersonID.30fb6636b7"
[0m10:39:54.519488 [debug] [Thread-1 (]: Timing info for test.fmcg_sales.source_not_null_raw_sales_SalesPersonID.30fb6636b7 (compile): 10:39:54.514906 => 10:39:54.519488
[0m10:39:54.520501 [debug] [Thread-1 (]: Began executing node test.fmcg_sales.source_not_null_raw_sales_SalesPersonID.30fb6636b7
[0m10:39:54.522510 [debug] [Thread-1 (]: Writing runtime sql for node "test.fmcg_sales.source_not_null_raw_sales_SalesPersonID.30fb6636b7"
[0m10:39:54.524505 [debug] [Thread-1 (]: Using mysql connection "test.fmcg_sales.source_not_null_raw_sales_SalesPersonID.30fb6636b7"
[0m10:39:54.525513 [debug] [Thread-1 (]: On test.fmcg_sales.source_not_null_raw_sales_SalesPersonID.30fb6636b7: BEGIN
[0m10:39:54.526510 [debug] [Thread-1 (]: Opening a new connection, currently in state closed
[0m10:39:54.570940 [debug] [Thread-1 (]: SQL status: SUCCESS 0 in 0.0 seconds
[0m10:39:54.572046 [debug] [Thread-1 (]: Using mysql connection "test.fmcg_sales.source_not_null_raw_sales_SalesPersonID.30fb6636b7"
[0m10:39:54.572046 [debug] [Thread-1 (]: On test.fmcg_sales.source_not_null_raw_sales_SalesPersonID.30fb6636b7: /* {"app": "dbt", "dbt_version": "1.7.20", "profile_name": "fmcg_sales", "target_name": "dev", "node_id": "test.fmcg_sales.source_not_null_raw_sales_SalesPersonID.30fb6636b7"} */
select
      count(*) as failures,
      case
        when count(*) <> 0 then 'true'
        else 'false'
      end as should_warn,
      case
        when count(*) <> 0 then 'true'
        else 'false'
      end as should_error
    from (
      
    
    



select SalesPersonID
from `fmcg_sales`.`sales`
where SalesPersonID is null



      
    ) dbt_internal_test
[0m10:39:54.573945 [debug] [Thread-1 (]: mysql adapter: MySQL error: 1146 (42S02): Table 'fmcg_sales.sales' doesn't exist
[0m10:39:54.573945 [debug] [Thread-1 (]: On test.fmcg_sales.source_not_null_raw_sales_SalesPersonID.30fb6636b7: ROLLBACK
[0m10:39:54.574946 [debug] [Thread-1 (]: Timing info for test.fmcg_sales.source_not_null_raw_sales_SalesPersonID.30fb6636b7 (execute): 10:39:54.520501 => 10:39:54.574946
[0m10:39:54.574946 [debug] [Thread-1 (]: On test.fmcg_sales.source_not_null_raw_sales_SalesPersonID.30fb6636b7: Close
[0m10:39:54.576946 [debug] [Thread-1 (]: Database Error in test source_not_null_raw_sales_SalesPersonID (models\sources.yml)
  1146 (42S02): Table 'fmcg_sales.sales' doesn't exist
  compiled Code at target\run\fmcg_sales\models\sources.yml\source_not_null_raw_sales_SalesPersonID.sql
[0m10:39:54.576946 [error] [Thread-1 (]: 10 of 32 ERROR source_not_null_raw_sales_SalesPersonID ......................... [[31mERROR[0m in 0.06s]
[0m10:39:54.577947 [debug] [Thread-1 (]: Finished running node test.fmcg_sales.source_not_null_raw_sales_SalesPersonID.30fb6636b7
[0m10:39:54.577947 [debug] [Thread-1 (]: Began running node test.fmcg_sales.source_unique_raw_categories_CategoryID.e58fa11b48
[0m10:39:54.579044 [info ] [Thread-1 (]: 11 of 32 START test source_unique_raw_categories_CategoryID .................... [RUN]
[0m10:39:54.579044 [debug] [Thread-1 (]: Re-using an available connection from the pool (formerly test.fmcg_sales.source_not_null_raw_sales_SalesPersonID.30fb6636b7, now test.fmcg_sales.source_unique_raw_categories_CategoryID.e58fa11b48)
[0m10:39:54.579947 [debug] [Thread-1 (]: Began compiling node test.fmcg_sales.source_unique_raw_categories_CategoryID.e58fa11b48
[0m10:39:54.584954 [debug] [Thread-1 (]: Writing injected SQL for node "test.fmcg_sales.source_unique_raw_categories_CategoryID.e58fa11b48"
[0m10:39:54.585947 [debug] [Thread-1 (]: Timing info for test.fmcg_sales.source_unique_raw_categories_CategoryID.e58fa11b48 (compile): 10:39:54.579947 => 10:39:54.585947
[0m10:39:54.586952 [debug] [Thread-1 (]: Began executing node test.fmcg_sales.source_unique_raw_categories_CategoryID.e58fa11b48
[0m10:39:54.588951 [debug] [Thread-1 (]: Writing runtime sql for node "test.fmcg_sales.source_unique_raw_categories_CategoryID.e58fa11b48"
[0m10:39:54.590947 [debug] [Thread-1 (]: Using mysql connection "test.fmcg_sales.source_unique_raw_categories_CategoryID.e58fa11b48"
[0m10:39:54.590947 [debug] [Thread-1 (]: On test.fmcg_sales.source_unique_raw_categories_CategoryID.e58fa11b48: BEGIN
[0m10:39:54.591954 [debug] [Thread-1 (]: Opening a new connection, currently in state closed
[0m10:39:54.636947 [debug] [Thread-1 (]: SQL status: SUCCESS 0 in 0.0 seconds
[0m10:39:54.636947 [debug] [Thread-1 (]: Using mysql connection "test.fmcg_sales.source_unique_raw_categories_CategoryID.e58fa11b48"
[0m10:39:54.636947 [debug] [Thread-1 (]: On test.fmcg_sales.source_unique_raw_categories_CategoryID.e58fa11b48: /* {"app": "dbt", "dbt_version": "1.7.20", "profile_name": "fmcg_sales", "target_name": "dev", "node_id": "test.fmcg_sales.source_unique_raw_categories_CategoryID.e58fa11b48"} */
select
      count(*) as failures,
      case
        when count(*) <> 0 then 'true'
        else 'false'
      end as should_warn,
      case
        when count(*) <> 0 then 'true'
        else 'false'
      end as should_error
    from (
      
    
    

select
    CategoryID as unique_field,
    count(*) as n_records

from `fmcg_sales`.`categories`
where CategoryID is not null
group by CategoryID
having count(*) > 1



      
    ) dbt_internal_test
[0m10:39:54.639496 [debug] [Thread-1 (]: mysql adapter: MySQL error: 1146 (42S02): Table 'fmcg_sales.categories' doesn't exist
[0m10:39:54.639496 [debug] [Thread-1 (]: On test.fmcg_sales.source_unique_raw_categories_CategoryID.e58fa11b48: ROLLBACK
[0m10:39:54.640497 [debug] [Thread-1 (]: Timing info for test.fmcg_sales.source_unique_raw_categories_CategoryID.e58fa11b48 (execute): 10:39:54.586952 => 10:39:54.640497
[0m10:39:54.640497 [debug] [Thread-1 (]: On test.fmcg_sales.source_unique_raw_categories_CategoryID.e58fa11b48: Close
[0m10:39:54.642496 [debug] [Thread-1 (]: Database Error in test source_unique_raw_categories_CategoryID (models\sources.yml)
  1146 (42S02): Table 'fmcg_sales.categories' doesn't exist
  compiled Code at target\run\fmcg_sales\models\sources.yml\source_unique_raw_categories_CategoryID.sql
[0m10:39:54.642496 [error] [Thread-1 (]: 11 of 32 ERROR source_unique_raw_categories_CategoryID ......................... [[31mERROR[0m in 0.06s]
[0m10:39:54.643497 [debug] [Thread-1 (]: Finished running node test.fmcg_sales.source_unique_raw_categories_CategoryID.e58fa11b48
[0m10:39:54.643497 [debug] [Thread-1 (]: Began running node test.fmcg_sales.source_unique_raw_cities_CityID.14f534fc7e
[0m10:39:54.644496 [info ] [Thread-1 (]: 12 of 32 START test source_unique_raw_cities_CityID ............................ [RUN]
[0m10:39:54.644496 [debug] [Thread-1 (]: Re-using an available connection from the pool (formerly test.fmcg_sales.source_unique_raw_categories_CategoryID.e58fa11b48, now test.fmcg_sales.source_unique_raw_cities_CityID.14f534fc7e)
[0m10:39:54.644496 [debug] [Thread-1 (]: Began compiling node test.fmcg_sales.source_unique_raw_cities_CityID.14f534fc7e
[0m10:39:54.648590 [debug] [Thread-1 (]: Writing injected SQL for node "test.fmcg_sales.source_unique_raw_cities_CityID.14f534fc7e"
[0m10:39:54.649794 [debug] [Thread-1 (]: Timing info for test.fmcg_sales.source_unique_raw_cities_CityID.14f534fc7e (compile): 10:39:54.645597 => 10:39:54.649794
[0m10:39:54.649794 [debug] [Thread-1 (]: Began executing node test.fmcg_sales.source_unique_raw_cities_CityID.14f534fc7e
[0m10:39:54.651801 [debug] [Thread-1 (]: Writing runtime sql for node "test.fmcg_sales.source_unique_raw_cities_CityID.14f534fc7e"
[0m10:39:54.652800 [debug] [Thread-1 (]: Using mysql connection "test.fmcg_sales.source_unique_raw_cities_CityID.14f534fc7e"
[0m10:39:54.652800 [debug] [Thread-1 (]: On test.fmcg_sales.source_unique_raw_cities_CityID.14f534fc7e: BEGIN
[0m10:39:54.652800 [debug] [Thread-1 (]: Opening a new connection, currently in state closed
[0m10:39:54.701823 [debug] [Thread-1 (]: SQL status: SUCCESS 0 in 0.0 seconds
[0m10:39:54.701823 [debug] [Thread-1 (]: Using mysql connection "test.fmcg_sales.source_unique_raw_cities_CityID.14f534fc7e"
[0m10:39:54.702825 [debug] [Thread-1 (]: On test.fmcg_sales.source_unique_raw_cities_CityID.14f534fc7e: /* {"app": "dbt", "dbt_version": "1.7.20", "profile_name": "fmcg_sales", "target_name": "dev", "node_id": "test.fmcg_sales.source_unique_raw_cities_CityID.14f534fc7e"} */
select
      count(*) as failures,
      case
        when count(*) <> 0 then 'true'
        else 'false'
      end as should_warn,
      case
        when count(*) <> 0 then 'true'
        else 'false'
      end as should_error
    from (
      
    
    

select
    CityID as unique_field,
    count(*) as n_records

from `fmcg_sales`.`cities`
where CityID is not null
group by CityID
having count(*) > 1



      
    ) dbt_internal_test
[0m10:39:54.703819 [debug] [Thread-1 (]: mysql adapter: MySQL error: 1146 (42S02): Table 'fmcg_sales.cities' doesn't exist
[0m10:39:54.703819 [debug] [Thread-1 (]: On test.fmcg_sales.source_unique_raw_cities_CityID.14f534fc7e: ROLLBACK
[0m10:39:54.704819 [debug] [Thread-1 (]: Timing info for test.fmcg_sales.source_unique_raw_cities_CityID.14f534fc7e (execute): 10:39:54.650801 => 10:39:54.704819
[0m10:39:54.704819 [debug] [Thread-1 (]: On test.fmcg_sales.source_unique_raw_cities_CityID.14f534fc7e: Close
[0m10:39:54.706905 [debug] [Thread-1 (]: Database Error in test source_unique_raw_cities_CityID (models\sources.yml)
  1146 (42S02): Table 'fmcg_sales.cities' doesn't exist
  compiled Code at target\run\fmcg_sales\models\sources.yml\source_unique_raw_cities_CityID.sql
[0m10:39:54.707903 [error] [Thread-1 (]: 12 of 32 ERROR source_unique_raw_cities_CityID ................................. [[31mERROR[0m in 0.06s]
[0m10:39:54.707903 [debug] [Thread-1 (]: Finished running node test.fmcg_sales.source_unique_raw_cities_CityID.14f534fc7e
[0m10:39:54.708901 [debug] [Thread-1 (]: Began running node test.fmcg_sales.source_unique_raw_countries_CountryID.0bb87deb98
[0m10:39:54.708901 [info ] [Thread-1 (]: 13 of 32 START test source_unique_raw_countries_CountryID ...................... [RUN]
[0m10:39:54.709799 [debug] [Thread-1 (]: Re-using an available connection from the pool (formerly test.fmcg_sales.source_unique_raw_cities_CityID.14f534fc7e, now test.fmcg_sales.source_unique_raw_countries_CountryID.0bb87deb98)
[0m10:39:54.709799 [debug] [Thread-1 (]: Began compiling node test.fmcg_sales.source_unique_raw_countries_CountryID.0bb87deb98
[0m10:39:54.712832 [debug] [Thread-1 (]: Writing injected SQL for node "test.fmcg_sales.source_unique_raw_countries_CountryID.0bb87deb98"
[0m10:39:54.713801 [debug] [Thread-1 (]: Timing info for test.fmcg_sales.source_unique_raw_countries_CountryID.0bb87deb98 (compile): 10:39:54.709799 => 10:39:54.713801
[0m10:39:54.714810 [debug] [Thread-1 (]: Began executing node test.fmcg_sales.source_unique_raw_countries_CountryID.0bb87deb98
[0m10:39:54.716906 [debug] [Thread-1 (]: Writing runtime sql for node "test.fmcg_sales.source_unique_raw_countries_CountryID.0bb87deb98"
[0m10:39:54.717909 [debug] [Thread-1 (]: Using mysql connection "test.fmcg_sales.source_unique_raw_countries_CountryID.0bb87deb98"
[0m10:39:54.718804 [debug] [Thread-1 (]: On test.fmcg_sales.source_unique_raw_countries_CountryID.0bb87deb98: BEGIN
[0m10:39:54.718804 [debug] [Thread-1 (]: Opening a new connection, currently in state closed
[0m10:39:54.770803 [debug] [Thread-1 (]: SQL status: SUCCESS 0 in 0.0 seconds
[0m10:39:54.771805 [debug] [Thread-1 (]: Using mysql connection "test.fmcg_sales.source_unique_raw_countries_CountryID.0bb87deb98"
[0m10:39:54.771805 [debug] [Thread-1 (]: On test.fmcg_sales.source_unique_raw_countries_CountryID.0bb87deb98: /* {"app": "dbt", "dbt_version": "1.7.20", "profile_name": "fmcg_sales", "target_name": "dev", "node_id": "test.fmcg_sales.source_unique_raw_countries_CountryID.0bb87deb98"} */
select
      count(*) as failures,
      case
        when count(*) <> 0 then 'true'
        else 'false'
      end as should_warn,
      case
        when count(*) <> 0 then 'true'
        else 'false'
      end as should_error
    from (
      
    
    

select
    CountryID as unique_field,
    count(*) as n_records

from `fmcg_sales`.`countries`
where CountryID is not null
group by CountryID
having count(*) > 1



      
    ) dbt_internal_test
[0m10:39:54.773799 [debug] [Thread-1 (]: mysql adapter: MySQL error: 1146 (42S02): Table 'fmcg_sales.countries' doesn't exist
[0m10:39:54.774800 [debug] [Thread-1 (]: On test.fmcg_sales.source_unique_raw_countries_CountryID.0bb87deb98: ROLLBACK
[0m10:39:54.774800 [debug] [Thread-1 (]: Timing info for test.fmcg_sales.source_unique_raw_countries_CountryID.0bb87deb98 (execute): 10:39:54.714810 => 10:39:54.774800
[0m10:39:54.775798 [debug] [Thread-1 (]: On test.fmcg_sales.source_unique_raw_countries_CountryID.0bb87deb98: Close
[0m10:39:54.777814 [debug] [Thread-1 (]: Database Error in test source_unique_raw_countries_CountryID (models\sources.yml)
  1146 (42S02): Table 'fmcg_sales.countries' doesn't exist
  compiled Code at target\run\fmcg_sales\models\sources.yml\source_unique_raw_countries_CountryID.sql
[0m10:39:54.777814 [error] [Thread-1 (]: 13 of 32 ERROR source_unique_raw_countries_CountryID ........................... [[31mERROR[0m in 0.07s]
[0m10:39:54.778814 [debug] [Thread-1 (]: Finished running node test.fmcg_sales.source_unique_raw_countries_CountryID.0bb87deb98
[0m10:39:54.778814 [debug] [Thread-1 (]: Began running node test.fmcg_sales.source_unique_raw_customers_CustomerID.33f6fa49af
[0m10:39:54.779798 [info ] [Thread-1 (]: 14 of 32 START test source_unique_raw_customers_CustomerID ..................... [RUN]
[0m10:39:54.780799 [debug] [Thread-1 (]: Re-using an available connection from the pool (formerly test.fmcg_sales.source_unique_raw_countries_CountryID.0bb87deb98, now test.fmcg_sales.source_unique_raw_customers_CustomerID.33f6fa49af)
[0m10:39:54.780799 [debug] [Thread-1 (]: Began compiling node test.fmcg_sales.source_unique_raw_customers_CustomerID.33f6fa49af
[0m10:39:54.783814 [debug] [Thread-1 (]: Writing injected SQL for node "test.fmcg_sales.source_unique_raw_customers_CustomerID.33f6fa49af"
[0m10:39:54.785590 [debug] [Thread-1 (]: Timing info for test.fmcg_sales.source_unique_raw_customers_CustomerID.33f6fa49af (compile): 10:39:54.780799 => 10:39:54.785590
[0m10:39:54.786586 [debug] [Thread-1 (]: Began executing node test.fmcg_sales.source_unique_raw_customers_CustomerID.33f6fa49af
[0m10:39:54.787636 [debug] [Thread-1 (]: Writing runtime sql for node "test.fmcg_sales.source_unique_raw_customers_CustomerID.33f6fa49af"
[0m10:39:54.789586 [debug] [Thread-1 (]: Using mysql connection "test.fmcg_sales.source_unique_raw_customers_CustomerID.33f6fa49af"
[0m10:39:54.790769 [debug] [Thread-1 (]: On test.fmcg_sales.source_unique_raw_customers_CustomerID.33f6fa49af: BEGIN
[0m10:39:54.790769 [debug] [Thread-1 (]: Opening a new connection, currently in state closed
[0m10:39:54.845535 [debug] [Thread-1 (]: SQL status: SUCCESS 0 in 0.0 seconds
[0m10:39:54.846083 [debug] [Thread-1 (]: Using mysql connection "test.fmcg_sales.source_unique_raw_customers_CustomerID.33f6fa49af"
[0m10:39:54.846623 [debug] [Thread-1 (]: On test.fmcg_sales.source_unique_raw_customers_CustomerID.33f6fa49af: /* {"app": "dbt", "dbt_version": "1.7.20", "profile_name": "fmcg_sales", "target_name": "dev", "node_id": "test.fmcg_sales.source_unique_raw_customers_CustomerID.33f6fa49af"} */
select
      count(*) as failures,
      case
        when count(*) <> 0 then 'true'
        else 'false'
      end as should_warn,
      case
        when count(*) <> 0 then 'true'
        else 'false'
      end as should_error
    from (
      
    
    

select
    CustomerID as unique_field,
    count(*) as n_records

from `fmcg_sales`.`customers`
where CustomerID is not null
group by CustomerID
having count(*) > 1



      
    ) dbt_internal_test
[0m10:39:54.848246 [debug] [Thread-1 (]: mysql adapter: MySQL error: 1146 (42S02): Table 'fmcg_sales.customers' doesn't exist
[0m10:39:54.848782 [debug] [Thread-1 (]: On test.fmcg_sales.source_unique_raw_customers_CustomerID.33f6fa49af: ROLLBACK
[0m10:39:54.849881 [debug] [Thread-1 (]: Timing info for test.fmcg_sales.source_unique_raw_customers_CustomerID.33f6fa49af (execute): 10:39:54.786586 => 10:39:54.849338
[0m10:39:54.849881 [debug] [Thread-1 (]: On test.fmcg_sales.source_unique_raw_customers_CustomerID.33f6fa49af: Close
[0m10:39:54.853186 [debug] [Thread-1 (]: Database Error in test source_unique_raw_customers_CustomerID (models\sources.yml)
  1146 (42S02): Table 'fmcg_sales.customers' doesn't exist
  compiled Code at target\run\fmcg_sales\models\sources.yml\source_unique_raw_customers_CustomerID.sql
[0m10:39:54.853782 [error] [Thread-1 (]: 14 of 32 ERROR source_unique_raw_customers_CustomerID .......................... [[31mERROR[0m in 0.07s]
[0m10:39:54.854944 [debug] [Thread-1 (]: Finished running node test.fmcg_sales.source_unique_raw_customers_CustomerID.33f6fa49af
[0m10:39:54.854944 [debug] [Thread-1 (]: Began running node test.fmcg_sales.source_unique_raw_employees_EmployeeID.9f1f8ab223
[0m10:39:54.856006 [info ] [Thread-1 (]: 15 of 32 START test source_unique_raw_employees_EmployeeID ..................... [RUN]
[0m10:39:54.856534 [debug] [Thread-1 (]: Re-using an available connection from the pool (formerly test.fmcg_sales.source_unique_raw_customers_CustomerID.33f6fa49af, now test.fmcg_sales.source_unique_raw_employees_EmployeeID.9f1f8ab223)
[0m10:39:54.857104 [debug] [Thread-1 (]: Began compiling node test.fmcg_sales.source_unique_raw_employees_EmployeeID.9f1f8ab223
[0m10:39:54.859303 [debug] [Thread-1 (]: Writing injected SQL for node "test.fmcg_sales.source_unique_raw_employees_EmployeeID.9f1f8ab223"
[0m10:39:54.860301 [debug] [Thread-1 (]: Timing info for test.fmcg_sales.source_unique_raw_employees_EmployeeID.9f1f8ab223 (compile): 10:39:54.857104 => 10:39:54.860301
[0m10:39:54.861292 [debug] [Thread-1 (]: Began executing node test.fmcg_sales.source_unique_raw_employees_EmployeeID.9f1f8ab223
[0m10:39:54.862290 [debug] [Thread-1 (]: Writing runtime sql for node "test.fmcg_sales.source_unique_raw_employees_EmployeeID.9f1f8ab223"
[0m10:39:54.863290 [debug] [Thread-1 (]: Using mysql connection "test.fmcg_sales.source_unique_raw_employees_EmployeeID.9f1f8ab223"
[0m10:39:54.864285 [debug] [Thread-1 (]: On test.fmcg_sales.source_unique_raw_employees_EmployeeID.9f1f8ab223: BEGIN
[0m10:39:54.864285 [debug] [Thread-1 (]: Opening a new connection, currently in state closed
[0m10:39:54.911461 [debug] [Thread-1 (]: SQL status: SUCCESS 0 in 0.0 seconds
[0m10:39:54.911461 [debug] [Thread-1 (]: Using mysql connection "test.fmcg_sales.source_unique_raw_employees_EmployeeID.9f1f8ab223"
[0m10:39:54.911461 [debug] [Thread-1 (]: On test.fmcg_sales.source_unique_raw_employees_EmployeeID.9f1f8ab223: /* {"app": "dbt", "dbt_version": "1.7.20", "profile_name": "fmcg_sales", "target_name": "dev", "node_id": "test.fmcg_sales.source_unique_raw_employees_EmployeeID.9f1f8ab223"} */
select
      count(*) as failures,
      case
        when count(*) <> 0 then 'true'
        else 'false'
      end as should_warn,
      case
        when count(*) <> 0 then 'true'
        else 'false'
      end as should_error
    from (
      
    
    

select
    EmployeeID as unique_field,
    count(*) as n_records

from `fmcg_sales`.`employees`
where EmployeeID is not null
group by EmployeeID
having count(*) > 1



      
    ) dbt_internal_test
[0m10:39:54.913454 [debug] [Thread-1 (]: mysql adapter: MySQL error: 1146 (42S02): Table 'fmcg_sales.employees' doesn't exist
[0m10:39:54.913454 [debug] [Thread-1 (]: On test.fmcg_sales.source_unique_raw_employees_EmployeeID.9f1f8ab223: ROLLBACK
[0m10:39:54.914571 [debug] [Thread-1 (]: Timing info for test.fmcg_sales.source_unique_raw_employees_EmployeeID.9f1f8ab223 (execute): 10:39:54.861292 => 10:39:54.914571
[0m10:39:54.915162 [debug] [Thread-1 (]: On test.fmcg_sales.source_unique_raw_employees_EmployeeID.9f1f8ab223: Close
[0m10:39:54.917170 [debug] [Thread-1 (]: Database Error in test source_unique_raw_employees_EmployeeID (models\sources.yml)
  1146 (42S02): Table 'fmcg_sales.employees' doesn't exist
  compiled Code at target\run\fmcg_sales\models\sources.yml\source_unique_raw_employees_EmployeeID.sql
[0m10:39:54.918170 [error] [Thread-1 (]: 15 of 32 ERROR source_unique_raw_employees_EmployeeID .......................... [[31mERROR[0m in 0.06s]
[0m10:39:54.918170 [debug] [Thread-1 (]: Finished running node test.fmcg_sales.source_unique_raw_employees_EmployeeID.9f1f8ab223
[0m10:39:54.918170 [debug] [Thread-1 (]: Began running node test.fmcg_sales.source_unique_raw_products_ProductID.1ada118eb2
[0m10:39:54.919277 [info ] [Thread-1 (]: 16 of 32 START test source_unique_raw_products_ProductID ....................... [RUN]
[0m10:39:54.920222 [debug] [Thread-1 (]: Re-using an available connection from the pool (formerly test.fmcg_sales.source_unique_raw_employees_EmployeeID.9f1f8ab223, now test.fmcg_sales.source_unique_raw_products_ProductID.1ada118eb2)
[0m10:39:54.920222 [debug] [Thread-1 (]: Began compiling node test.fmcg_sales.source_unique_raw_products_ProductID.1ada118eb2
[0m10:39:54.922267 [debug] [Thread-1 (]: Writing injected SQL for node "test.fmcg_sales.source_unique_raw_products_ProductID.1ada118eb2"
[0m10:39:54.924648 [debug] [Thread-1 (]: Timing info for test.fmcg_sales.source_unique_raw_products_ProductID.1ada118eb2 (compile): 10:39:54.920222 => 10:39:54.924648
[0m10:39:54.924648 [debug] [Thread-1 (]: Began executing node test.fmcg_sales.source_unique_raw_products_ProductID.1ada118eb2
[0m10:39:54.926756 [debug] [Thread-1 (]: Writing runtime sql for node "test.fmcg_sales.source_unique_raw_products_ProductID.1ada118eb2"
[0m10:39:54.927654 [debug] [Thread-1 (]: Using mysql connection "test.fmcg_sales.source_unique_raw_products_ProductID.1ada118eb2"
[0m10:39:54.927654 [debug] [Thread-1 (]: On test.fmcg_sales.source_unique_raw_products_ProductID.1ada118eb2: BEGIN
[0m10:39:54.928654 [debug] [Thread-1 (]: Opening a new connection, currently in state closed
[0m10:39:54.973082 [debug] [Thread-1 (]: SQL status: SUCCESS 0 in 0.0 seconds
[0m10:39:54.973082 [debug] [Thread-1 (]: Using mysql connection "test.fmcg_sales.source_unique_raw_products_ProductID.1ada118eb2"
[0m10:39:54.974121 [debug] [Thread-1 (]: On test.fmcg_sales.source_unique_raw_products_ProductID.1ada118eb2: /* {"app": "dbt", "dbt_version": "1.7.20", "profile_name": "fmcg_sales", "target_name": "dev", "node_id": "test.fmcg_sales.source_unique_raw_products_ProductID.1ada118eb2"} */
select
      count(*) as failures,
      case
        when count(*) <> 0 then 'true'
        else 'false'
      end as should_warn,
      case
        when count(*) <> 0 then 'true'
        else 'false'
      end as should_error
    from (
      
    
    

select
    ProductID as unique_field,
    count(*) as n_records

from `fmcg_sales`.`products`
where ProductID is not null
group by ProductID
having count(*) > 1



      
    ) dbt_internal_test
[0m10:39:54.975128 [debug] [Thread-1 (]: mysql adapter: MySQL error: 1146 (42S02): Table 'fmcg_sales.products' doesn't exist
[0m10:39:54.976072 [debug] [Thread-1 (]: On test.fmcg_sales.source_unique_raw_products_ProductID.1ada118eb2: ROLLBACK
[0m10:39:54.976072 [debug] [Thread-1 (]: Timing info for test.fmcg_sales.source_unique_raw_products_ProductID.1ada118eb2 (execute): 10:39:54.925657 => 10:39:54.976072
[0m10:39:54.977121 [debug] [Thread-1 (]: On test.fmcg_sales.source_unique_raw_products_ProductID.1ada118eb2: Close
[0m10:39:54.979127 [debug] [Thread-1 (]: Database Error in test source_unique_raw_products_ProductID (models\sources.yml)
  1146 (42S02): Table 'fmcg_sales.products' doesn't exist
  compiled Code at target\run\fmcg_sales\models\sources.yml\source_unique_raw_products_ProductID.sql
[0m10:39:54.979127 [error] [Thread-1 (]: 16 of 32 ERROR source_unique_raw_products_ProductID ............................ [[31mERROR[0m in 0.06s]
[0m10:39:54.980024 [debug] [Thread-1 (]: Finished running node test.fmcg_sales.source_unique_raw_products_ProductID.1ada118eb2
[0m10:39:54.980024 [debug] [Thread-1 (]: Began running node test.fmcg_sales.source_unique_raw_sales_SalesID.c0a2356cf2
[0m10:39:54.981024 [info ] [Thread-1 (]: 17 of 32 START test source_unique_raw_sales_SalesID ............................ [RUN]
[0m10:39:54.981024 [debug] [Thread-1 (]: Re-using an available connection from the pool (formerly test.fmcg_sales.source_unique_raw_products_ProductID.1ada118eb2, now test.fmcg_sales.source_unique_raw_sales_SalesID.c0a2356cf2)
[0m10:39:54.982024 [debug] [Thread-1 (]: Began compiling node test.fmcg_sales.source_unique_raw_sales_SalesID.c0a2356cf2
[0m10:39:54.984039 [debug] [Thread-1 (]: Writing injected SQL for node "test.fmcg_sales.source_unique_raw_sales_SalesID.c0a2356cf2"
[0m10:39:54.986024 [debug] [Thread-1 (]: Timing info for test.fmcg_sales.source_unique_raw_sales_SalesID.c0a2356cf2 (compile): 10:39:54.982024 => 10:39:54.985039
[0m10:39:54.986024 [debug] [Thread-1 (]: Began executing node test.fmcg_sales.source_unique_raw_sales_SalesID.c0a2356cf2
[0m10:39:54.988029 [debug] [Thread-1 (]: Writing runtime sql for node "test.fmcg_sales.source_unique_raw_sales_SalesID.c0a2356cf2"
[0m10:39:54.989028 [debug] [Thread-1 (]: Using mysql connection "test.fmcg_sales.source_unique_raw_sales_SalesID.c0a2356cf2"
[0m10:39:54.990025 [debug] [Thread-1 (]: On test.fmcg_sales.source_unique_raw_sales_SalesID.c0a2356cf2: BEGIN
[0m10:39:54.990025 [debug] [Thread-1 (]: Opening a new connection, currently in state closed
[0m10:39:55.040027 [debug] [Thread-1 (]: SQL status: SUCCESS 0 in 0.0 seconds
[0m10:39:55.040027 [debug] [Thread-1 (]: Using mysql connection "test.fmcg_sales.source_unique_raw_sales_SalesID.c0a2356cf2"
[0m10:39:55.040027 [debug] [Thread-1 (]: On test.fmcg_sales.source_unique_raw_sales_SalesID.c0a2356cf2: /* {"app": "dbt", "dbt_version": "1.7.20", "profile_name": "fmcg_sales", "target_name": "dev", "node_id": "test.fmcg_sales.source_unique_raw_sales_SalesID.c0a2356cf2"} */
select
      count(*) as failures,
      case
        when count(*) <> 0 then 'true'
        else 'false'
      end as should_warn,
      case
        when count(*) <> 0 then 'true'
        else 'false'
      end as should_error
    from (
      
    
    

select
    SalesID as unique_field,
    count(*) as n_records

from `fmcg_sales`.`sales`
where SalesID is not null
group by SalesID
having count(*) > 1



      
    ) dbt_internal_test
[0m10:39:55.041028 [debug] [Thread-1 (]: mysql adapter: MySQL error: 1146 (42S02): Table 'fmcg_sales.sales' doesn't exist
[0m10:39:55.042029 [debug] [Thread-1 (]: On test.fmcg_sales.source_unique_raw_sales_SalesID.c0a2356cf2: ROLLBACK
[0m10:39:55.043057 [debug] [Thread-1 (]: Timing info for test.fmcg_sales.source_unique_raw_sales_SalesID.c0a2356cf2 (execute): 10:39:54.986024 => 10:39:55.042029
[0m10:39:55.046046 [debug] [Thread-1 (]: On test.fmcg_sales.source_unique_raw_sales_SalesID.c0a2356cf2: Close
[0m10:39:55.048041 [debug] [Thread-1 (]: Database Error in test source_unique_raw_sales_SalesID (models\sources.yml)
  1146 (42S02): Table 'fmcg_sales.sales' doesn't exist
  compiled Code at target\run\fmcg_sales\models\sources.yml\source_unique_raw_sales_SalesID.sql
[0m10:39:55.048041 [error] [Thread-1 (]: 17 of 32 ERROR source_unique_raw_sales_SalesID ................................. [[31mERROR[0m in 0.07s]
[0m10:39:55.049040 [debug] [Thread-1 (]: Finished running node test.fmcg_sales.source_unique_raw_sales_SalesID.c0a2356cf2
[0m10:39:55.050023 [debug] [Thread-1 (]: Began running node model.fmcg_sales.stg_categories
[0m10:39:55.050023 [info ] [Thread-1 (]: 18 of 32 SKIP relation fmcg_sales.stg_categories ............................... [[33mSKIP[0m]
[0m10:39:55.051022 [debug] [Thread-1 (]: Finished running node model.fmcg_sales.stg_categories
[0m10:39:55.051022 [debug] [Thread-1 (]: Began running node model.fmcg_sales.stg_cities
[0m10:39:55.052022 [info ] [Thread-1 (]: 19 of 32 SKIP relation fmcg_sales.stg_cities ................................... [[33mSKIP[0m]
[0m10:39:55.052022 [debug] [Thread-1 (]: Finished running node model.fmcg_sales.stg_cities
[0m10:39:55.052022 [debug] [Thread-1 (]: Began running node model.fmcg_sales.stg_countries
[0m10:39:55.053023 [info ] [Thread-1 (]: 20 of 32 SKIP relation fmcg_sales.stg_countries ................................ [[33mSKIP[0m]
[0m10:39:55.054025 [debug] [Thread-1 (]: Finished running node model.fmcg_sales.stg_countries
[0m10:39:55.054025 [debug] [Thread-1 (]: Began running node model.fmcg_sales.stg_customers
[0m10:39:55.055026 [info ] [Thread-1 (]: 21 of 32 SKIP relation fmcg_sales.stg_customers ................................ [[33mSKIP[0m]
[0m10:39:55.055026 [debug] [Thread-1 (]: Finished running node model.fmcg_sales.stg_customers
[0m10:39:55.056030 [debug] [Thread-1 (]: Began running node model.fmcg_sales.stg_employees
[0m10:39:55.056030 [info ] [Thread-1 (]: 22 of 32 SKIP relation fmcg_sales.stg_employees ................................ [[33mSKIP[0m]
[0m10:39:55.057024 [debug] [Thread-1 (]: Finished running node model.fmcg_sales.stg_employees
[0m10:39:55.057024 [debug] [Thread-1 (]: Began running node model.fmcg_sales.stg_products
[0m10:39:55.058022 [info ] [Thread-1 (]: 23 of 32 SKIP relation fmcg_sales.stg_products ................................. [[33mSKIP[0m]
[0m10:39:55.058022 [debug] [Thread-1 (]: Finished running node model.fmcg_sales.stg_products
[0m10:39:55.058022 [debug] [Thread-1 (]: Began running node model.fmcg_sales.stg_sales
[0m10:39:55.059024 [info ] [Thread-1 (]: 24 of 32 SKIP relation fmcg_sales.stg_sales .................................... [[33mSKIP[0m]
[0m10:39:55.059024 [debug] [Thread-1 (]: Finished running node model.fmcg_sales.stg_sales
[0m10:39:55.060024 [debug] [Thread-1 (]: Began running node model.fmcg_sales.int_sales_enriched
[0m10:39:55.061025 [info ] [Thread-1 (]: 25 of 32 SKIP relation fmcg_sales.int_sales_enriched ........................... [[33mSKIP[0m]
[0m10:39:55.062032 [debug] [Thread-1 (]: Finished running node model.fmcg_sales.int_sales_enriched
[0m10:39:55.062032 [debug] [Thread-1 (]: Began running node model.fmcg_sales.sales_person_monthly_agg
[0m10:39:55.063028 [info ] [Thread-1 (]: 26 of 32 SKIP relation fmcg_sales.sales_person_monthly_agg ..................... [[33mSKIP[0m]
[0m10:39:55.064027 [debug] [Thread-1 (]: Finished running node model.fmcg_sales.sales_person_monthly_agg
[0m10:39:55.064027 [debug] [Thread-1 (]: Began running node test.fmcg_sales.not_null_sales_person_monthly_agg_SalesMonth.1681f80c8b
[0m10:39:55.065024 [info ] [Thread-1 (]: 27 of 32 SKIP test not_null_sales_person_monthly_agg_SalesMonth ................ [[33mSKIP[0m]
[0m10:39:55.065024 [debug] [Thread-1 (]: Finished running node test.fmcg_sales.not_null_sales_person_monthly_agg_SalesMonth.1681f80c8b
[0m10:39:55.066023 [debug] [Thread-1 (]: Began running node test.fmcg_sales.not_null_sales_person_monthly_agg_SalesPersonID.ec25ae8658
[0m10:39:55.067030 [info ] [Thread-1 (]: 28 of 32 SKIP test not_null_sales_person_monthly_agg_SalesPersonID ............. [[33mSKIP[0m]
[0m10:39:55.067030 [debug] [Thread-1 (]: Finished running node test.fmcg_sales.not_null_sales_person_monthly_agg_SalesPersonID.ec25ae8658
[0m10:39:55.068024 [debug] [Thread-1 (]: Began running node model.fmcg_sales.salesperson_monthly_summary
[0m10:39:55.069024 [info ] [Thread-1 (]: 29 of 32 SKIP relation fmcg_sales.salesperson_monthly_summary .................. [[33mSKIP[0m]
[0m10:39:55.069024 [debug] [Thread-1 (]: Finished running node model.fmcg_sales.salesperson_monthly_summary
[0m10:39:55.070027 [debug] [Thread-1 (]: Began running node test.fmcg_sales.not_null_salesperson_monthly_summary_SalesMonth.ac15daec5b
[0m10:39:55.070027 [info ] [Thread-1 (]: 30 of 32 SKIP test not_null_salesperson_monthly_summary_SalesMonth ............. [[33mSKIP[0m]
[0m10:39:55.071026 [debug] [Thread-1 (]: Finished running node test.fmcg_sales.not_null_salesperson_monthly_summary_SalesMonth.ac15daec5b
[0m10:39:55.071026 [debug] [Thread-1 (]: Began running node test.fmcg_sales.not_null_salesperson_monthly_summary_SalesPersonID.6931207576
[0m10:39:55.072026 [info ] [Thread-1 (]: 31 of 32 SKIP test not_null_salesperson_monthly_summary_SalesPersonID .......... [[33mSKIP[0m]
[0m10:39:55.072026 [debug] [Thread-1 (]: Finished running node test.fmcg_sales.not_null_salesperson_monthly_summary_SalesPersonID.6931207576
[0m10:39:55.072026 [debug] [Thread-1 (]: Began running node test.fmcg_sales.not_null_salesperson_monthly_summary_SalesPersonName.b896308ef9
[0m10:39:55.073025 [info ] [Thread-1 (]: 32 of 32 SKIP test not_null_salesperson_monthly_summary_SalesPersonName ........ [[33mSKIP[0m]
[0m10:39:55.073025 [debug] [Thread-1 (]: Finished running node test.fmcg_sales.not_null_salesperson_monthly_summary_SalesPersonName.b896308ef9
[0m10:39:55.076035 [debug] [MainThread]: Using mysql connection "master"
[0m10:39:55.077023 [debug] [MainThread]: On master: BEGIN
[0m10:39:55.077023 [debug] [MainThread]: Opening a new connection, currently in state closed
[0m10:39:55.125024 [debug] [MainThread]: SQL status: SUCCESS 0 in 0.0 seconds
[0m10:39:55.126024 [debug] [MainThread]: On master: COMMIT
[0m10:39:55.126024 [debug] [MainThread]: Using mysql connection "master"
[0m10:39:55.126024 [debug] [MainThread]: On master: COMMIT
[0m10:39:55.127024 [debug] [MainThread]: SQL status: SUCCESS 0 in 0.0 seconds
[0m10:39:55.127024 [debug] [MainThread]: On master: Close
[0m10:39:55.128024 [debug] [MainThread]: Connection 'master' was properly closed.
[0m10:39:55.128024 [debug] [MainThread]: Connection 'list_schemas' was properly closed.
[0m10:39:55.128024 [debug] [MainThread]: Connection 'list_None_fmcg_sales' was properly closed.
[0m10:39:55.129023 [debug] [MainThread]: Connection 'test.fmcg_sales.source_unique_raw_sales_SalesID.c0a2356cf2' was properly closed.
[0m10:39:55.130043 [info ] [MainThread]: 
[0m10:39:55.131046 [info ] [MainThread]: Finished running 22 tests, 8 view models, 2 table models in 0 hours 0 minutes and 1.43 seconds (1.43s).
[0m10:39:55.133023 [debug] [MainThread]: Command end result
[0m10:39:55.142027 [info ] [MainThread]: 
[0m10:39:55.142027 [info ] [MainThread]: [31mCompleted with 17 errors and 0 warnings:[0m
[0m10:39:55.143024 [info ] [MainThread]: 
[0m10:39:55.143024 [error] [MainThread]:   Database Error in test source_not_null_raw_categories_CategoryID (models\sources.yml)
  1146 (42S02): Table 'fmcg_sales.categories' doesn't exist
  compiled Code at target\run\fmcg_sales\models\sources.yml\source_not_null_raw_categories_CategoryID.sql
[0m10:39:55.144025 [info ] [MainThread]: 
[0m10:39:55.144025 [error] [MainThread]:   Database Error in test source_not_null_raw_cities_CityID (models\sources.yml)
  1146 (42S02): Table 'fmcg_sales.cities' doesn't exist
  compiled Code at target\run\fmcg_sales\models\sources.yml\source_not_null_raw_cities_CityID.sql
[0m10:39:55.145024 [info ] [MainThread]: 
[0m10:39:55.145024 [error] [MainThread]:   Database Error in test source_not_null_raw_countries_CountryID (models\sources.yml)
  1146 (42S02): Table 'fmcg_sales.countries' doesn't exist
  compiled Code at target\run\fmcg_sales\models\sources.yml\source_not_null_raw_countries_CountryID.sql
[0m10:39:55.145024 [info ] [MainThread]: 
[0m10:39:55.146025 [error] [MainThread]:   Database Error in test source_not_null_raw_customers_CustomerID (models\sources.yml)
  1146 (42S02): Table 'fmcg_sales.customers' doesn't exist
  compiled Code at target\run\fmcg_sales\models\sources.yml\source_not_null_raw_customers_CustomerID.sql
[0m10:39:55.146025 [info ] [MainThread]: 
[0m10:39:55.147025 [error] [MainThread]:   Database Error in test source_not_null_raw_employees_EmployeeID (models\sources.yml)
  1146 (42S02): Table 'fmcg_sales.employees' doesn't exist
  compiled Code at target\run\fmcg_sales\models\sources.yml\source_not_null_raw_employees_EmployeeID.sql
[0m10:39:55.147025 [info ] [MainThread]: 
[0m10:39:55.148026 [error] [MainThread]:   Database Error in test source_not_null_raw_products_ProductID (models\sources.yml)
  1146 (42S02): Table 'fmcg_sales.products' doesn't exist
  compiled Code at target\run\fmcg_sales\models\sources.yml\source_not_null_raw_products_ProductID.sql
[0m10:39:55.148026 [info ] [MainThread]: 
[0m10:39:55.149030 [error] [MainThread]:   Database Error in test source_not_null_raw_sales_CustomerID (models\sources.yml)
  1146 (42S02): Table 'fmcg_sales.sales' doesn't exist
  compiled Code at target\run\fmcg_sales\models\sources.yml\source_not_null_raw_sales_CustomerID.sql
[0m10:39:55.150024 [info ] [MainThread]: 
[0m10:39:55.151031 [error] [MainThread]:   Database Error in test source_not_null_raw_sales_ProductID (models\sources.yml)
  1146 (42S02): Table 'fmcg_sales.sales' doesn't exist
  compiled Code at target\run\fmcg_sales\models\sources.yml\source_not_null_raw_sales_ProductID.sql
[0m10:39:55.151031 [info ] [MainThread]: 
[0m10:39:55.152030 [error] [MainThread]:   Database Error in test source_not_null_raw_sales_SalesID (models\sources.yml)
  1146 (42S02): Table 'fmcg_sales.sales' doesn't exist
  compiled Code at target\run\fmcg_sales\models\sources.yml\source_not_null_raw_sales_SalesID.sql
[0m10:39:55.152030 [info ] [MainThread]: 
[0m10:39:55.152030 [error] [MainThread]:   Database Error in test source_not_null_raw_sales_SalesPersonID (models\sources.yml)
  1146 (42S02): Table 'fmcg_sales.sales' doesn't exist
  compiled Code at target\run\fmcg_sales\models\sources.yml\source_not_null_raw_sales_SalesPersonID.sql
[0m10:39:55.153025 [info ] [MainThread]: 
[0m10:39:55.153025 [error] [MainThread]:   Database Error in test source_unique_raw_categories_CategoryID (models\sources.yml)
  1146 (42S02): Table 'fmcg_sales.categories' doesn't exist
  compiled Code at target\run\fmcg_sales\models\sources.yml\source_unique_raw_categories_CategoryID.sql
[0m10:39:55.153025 [info ] [MainThread]: 
[0m10:39:55.154026 [error] [MainThread]:   Database Error in test source_unique_raw_cities_CityID (models\sources.yml)
  1146 (42S02): Table 'fmcg_sales.cities' doesn't exist
  compiled Code at target\run\fmcg_sales\models\sources.yml\source_unique_raw_cities_CityID.sql
[0m10:39:55.154026 [info ] [MainThread]: 
[0m10:39:55.155027 [error] [MainThread]:   Database Error in test source_unique_raw_countries_CountryID (models\sources.yml)
  1146 (42S02): Table 'fmcg_sales.countries' doesn't exist
  compiled Code at target\run\fmcg_sales\models\sources.yml\source_unique_raw_countries_CountryID.sql
[0m10:39:55.155027 [info ] [MainThread]: 
[0m10:39:55.156026 [error] [MainThread]:   Database Error in test source_unique_raw_customers_CustomerID (models\sources.yml)
  1146 (42S02): Table 'fmcg_sales.customers' doesn't exist
  compiled Code at target\run\fmcg_sales\models\sources.yml\source_unique_raw_customers_CustomerID.sql
[0m10:39:55.157028 [info ] [MainThread]: 
[0m10:39:55.158027 [error] [MainThread]:   Database Error in test source_unique_raw_employees_EmployeeID (models\sources.yml)
  1146 (42S02): Table 'fmcg_sales.employees' doesn't exist
  compiled Code at target\run\fmcg_sales\models\sources.yml\source_unique_raw_employees_EmployeeID.sql
[0m10:39:55.158027 [info ] [MainThread]: 
[0m10:39:55.159027 [error] [MainThread]:   Database Error in test source_unique_raw_products_ProductID (models\sources.yml)
  1146 (42S02): Table 'fmcg_sales.products' doesn't exist
  compiled Code at target\run\fmcg_sales\models\sources.yml\source_unique_raw_products_ProductID.sql
[0m10:39:55.159027 [info ] [MainThread]: 
[0m10:39:55.160027 [error] [MainThread]:   Database Error in test source_unique_raw_sales_SalesID (models\sources.yml)
  1146 (42S02): Table 'fmcg_sales.sales' doesn't exist
  compiled Code at target\run\fmcg_sales\models\sources.yml\source_unique_raw_sales_SalesID.sql
[0m10:39:55.160027 [info ] [MainThread]: 
[0m10:39:55.160027 [info ] [MainThread]: Done. PASS=0 WARN=0 ERROR=17 SKIP=15 TOTAL=32
[0m10:39:55.161027 [debug] [MainThread]: Command `dbt build` failed at 10:39:55.161027 after 1.83 seconds
[0m10:39:55.161027 [debug] [MainThread]: Sending event: {'category': 'dbt', 'action': 'invocation', 'label': 'end', 'context': [<snowplow_tracker.self_describing_json.SelfDescribingJson object at 0x000001ECB77255B0>, <snowplow_tracker.self_describing_json.SelfDescribingJson object at 0x000001ECB6B25130>, <snowplow_tracker.self_describing_json.SelfDescribingJson object at 0x000001ECB758C0B0>]}
[0m10:39:55.162032 [debug] [MainThread]: Flushing usage events
[0m10:42:09.757267 [debug] [MainThread]: Sending event: {'category': 'dbt', 'action': 'invocation', 'label': 'start', 'context': [<snowplow_tracker.self_describing_json.SelfDescribingJson object at 0x00000212B75D2870>, <snowplow_tracker.self_describing_json.SelfDescribingJson object at 0x00000212B75D3680>, <snowplow_tracker.self_describing_json.SelfDescribingJson object at 0x00000212B75D1A60>]}


============================== 10:42:09.762264 | a2557da2-cc01-469b-860a-46bad4c6ee9b ==============================
[0m10:42:09.762264 [info ] [MainThread]: Running with dbt=1.7.20
[0m10:42:09.763258 [debug] [MainThread]: running dbt with arguments {'printer_width': '80', 'indirect_selection': 'eager', 'write_json': 'True', 'log_cache_events': 'False', 'partial_parse': 'True', 'cache_selected_only': 'False', 'warn_error': 'None', 'fail_fast': 'False', 'debug': 'False', 'log_path': 'C:\\nguyen\\Projects\\Bài 18_ Sales of FMCG Stores\\logs', 'version_check': 'True', 'profiles_dir': 'C:\\Users\\ADMIN\\.dbt', 'use_colors': 'True', 'use_experimental_parser': 'False', 'no_print': 'None', 'quiet': 'False', 'log_format': 'default', 'introspect': 'True', 'static_parser': 'True', 'invocation_command': 'dbt debug', 'target_path': 'None', 'warn_error_options': 'WarnErrorOptions(include=[], exclude=[])', 'send_anonymous_usage_stats': 'True'}
[0m10:42:09.763258 [info ] [MainThread]: This version of dbt is deprecated and no longer receives regular patches, including for known bugs. We recommend upgrading to a newer supported version of dbt: https://docs.getdbt.com/docs/dbt-versions
[0m10:42:09.763258 [debug] [MainThread]: Sending event: {'category': 'dbt', 'action': 'deprecated_version_invocation', 'label': 'a2557da2-cc01-469b-860a-46bad4c6ee9b', 'context': [<snowplow_tracker.self_describing_json.SelfDescribingJson object at 0x00000212B7469910>]}
[0m10:42:09.764259 [info ] [MainThread]: dbt version: 1.7.20
[0m10:42:09.764259 [info ] [MainThread]: python version: 3.12.3
[0m10:42:09.765260 [info ] [MainThread]: python path: C:\nguyen\Projects\Bài 18_ Sales of FMCG Stores\.venv-dbt\Scripts\python.exe
[0m10:42:09.765260 [info ] [MainThread]: os info: Windows-11-10.0.26200-SP0
[0m10:42:09.828258 [info ] [MainThread]: Using profiles dir at C:\Users\ADMIN\.dbt
[0m10:42:09.829260 [info ] [MainThread]: Using profiles.yml file at C:\Users\ADMIN\.dbt\profiles.yml
[0m10:42:09.829260 [info ] [MainThread]: Using dbt_project.yml file at C:\nguyen\Projects\Bài 18_ Sales of FMCG Stores\dbt_project.yml
[0m10:42:09.830259 [info ] [MainThread]: adapter type: mysql
[0m10:42:09.831259 [info ] [MainThread]: adapter version: 1.7.0
[0m10:42:09.891262 [info ] [MainThread]: Configuration:
[0m10:42:09.891262 [info ] [MainThread]:   profiles.yml file [[32mOK found and valid[0m]
[0m10:42:09.892258 [info ] [MainThread]:   dbt_project.yml file [[32mOK found and valid[0m]
[0m10:42:09.892258 [info ] [MainThread]: Required dependencies:
[0m10:42:09.893259 [debug] [MainThread]: Executing "git --help"
[0m10:42:09.932262 [debug] [MainThread]: STDOUT: "b"usage: git [-v | --version] [-h | --help] [-C <path>] [-c <name>=<value>]\n           [--exec-path[=<path>]] [--html-path] [--man-path] [--info-path]\n           [-p | --paginate | -P | --no-pager] [--no-replace-objects] [--no-lazy-fetch]\n           [--no-optional-locks] [--no-advice] [--bare] [--git-dir=<path>]\n           [--work-tree=<path>] [--namespace=<name>] [--config-env=<name>=<envvar>]\n           <command> [<args>]\n\nThese are common Git commands used in various situations:\n\nstart a working area (see also: git help tutorial)\n   clone     Clone a repository into a new directory\n   init      Create an empty Git repository or reinitialize an existing one\n\nwork on the current change (see also: git help everyday)\n   add       Add file contents to the index\n   mv        Move or rename a file, a directory, or a symlink\n   restore   Restore working tree files\n   rm        Remove files from the working tree and from the index\n\nexamine the history and state (see also: git help revisions)\n   bisect    Use binary search to find the commit that introduced a bug\n   diff      Show changes between commits, commit and working tree, etc\n   grep      Print lines matching a pattern\n   log       Show commit logs\n   show      Show various types of objects\n   status    Show the working tree status\n\ngrow, mark and tweak your common history\n   branch    List, create, or delete branches\n   commit    Record changes to the repository\n   merge     Join two or more development histories together\n   rebase    Reapply commits on top of another base tip\n   reset     Reset current HEAD to the specified state\n   switch    Switch branches\n   tag       Create, list, delete or verify a tag object signed with GPG\n\ncollaborate (see also: git help workflows)\n   fetch     Download objects and refs from another repository\n   pull      Fetch from and integrate with another repository or a local branch\n   push      Update remote refs along with associated objects\n\n'git help -a' and 'git help -g' list available subcommands and some\nconcept guides. See 'git help <command>' or 'git help <concept>'\nto read about a specific subcommand or concept.\nSee 'git help git' for an overview of the system.\n""
[0m10:42:09.933259 [debug] [MainThread]: STDERR: "b''"
[0m10:42:09.933259 [info ] [MainThread]:  - git [[32mOK found[0m]

[0m10:42:09.934259 [info ] [MainThread]: Connection:
[0m10:42:09.934259 [info ] [MainThread]:   server: localhost
[0m10:42:09.934259 [info ] [MainThread]:   unix_socket: None
[0m10:42:09.935260 [info ] [MainThread]:   port: 3306
[0m10:42:09.935260 [info ] [MainThread]:   database: None
[0m10:42:09.936258 [info ] [MainThread]:   schema: sales_of_fmcg_stores
[0m10:42:09.936258 [info ] [MainThread]:   user: root
[0m10:42:09.937264 [info ] [MainThread]: Registered adapter: mysql=1.7.0
[0m10:42:09.937264 [debug] [MainThread]: Acquiring new mysql connection 'debug'
[0m10:42:09.937264 [debug] [MainThread]: Using mysql connection "debug"
[0m10:42:09.938260 [debug] [MainThread]: On debug: select 1 as id
[0m10:42:09.938260 [debug] [MainThread]: Opening a new connection, currently in state init
[0m10:42:10.029259 [debug] [MainThread]: SQL status: SUCCESS 1 in 0.0 seconds
[0m10:42:10.030259 [debug] [MainThread]: On debug: Close
[0m10:42:10.031259 [info ] [MainThread]:   Connection test: [[32mOK connection ok[0m]

[0m10:42:10.031259 [info ] [MainThread]: [32mAll checks passed![0m
[0m10:42:10.032263 [debug] [MainThread]: Command `dbt debug` succeeded at 10:42:10.032263 after 0.38 seconds
[0m10:42:10.032263 [debug] [MainThread]: Connection 'debug' was properly closed.
[0m10:42:10.033259 [debug] [MainThread]: Sending event: {'category': 'dbt', 'action': 'invocation', 'label': 'end', 'context': [<snowplow_tracker.self_describing_json.SelfDescribingJson object at 0x00000212B7469910>, <snowplow_tracker.self_describing_json.SelfDescribingJson object at 0x00000212B73AC0E0>, <snowplow_tracker.self_describing_json.SelfDescribingJson object at 0x00000212B7491400>]}
[0m10:42:10.033259 [debug] [MainThread]: Flushing usage events
[0m10:42:33.851582 [debug] [MainThread]: Sending event: {'category': 'dbt', 'action': 'invocation', 'label': 'start', 'context': [<snowplow_tracker.self_describing_json.SelfDescribingJson object at 0x000002708E3C6B10>, <snowplow_tracker.self_describing_json.SelfDescribingJson object at 0x000002708E3C78F0>, <snowplow_tracker.self_describing_json.SelfDescribingJson object at 0x000002708E3C7500>]}


============================== 10:42:33.857619 | 1f8ec2a3-fe57-4c7b-ac8f-3451f1857e3d ==============================
[0m10:42:33.857619 [info ] [MainThread]: Running with dbt=1.7.20
[0m10:42:33.858636 [debug] [MainThread]: running dbt with arguments {'printer_width': '80', 'indirect_selection': 'eager', 'write_json': 'True', 'log_cache_events': 'False', 'partial_parse': 'True', 'cache_selected_only': 'False', 'profiles_dir': 'C:\\Users\\ADMIN\\.dbt', 'fail_fast': 'False', 'warn_error': 'None', 'log_path': 'C:\\nguyen\\Projects\\Bài 18_ Sales of FMCG Stores\\logs', 'debug': 'False', 'version_check': 'True', 'use_colors': 'True', 'use_experimental_parser': 'False', 'no_print': 'None', 'quiet': 'False', 'log_format': 'default', 'introspect': 'True', 'static_parser': 'True', 'invocation_command': 'dbt build --select +salesperson_monthly_summary', 'target_path': 'None', 'warn_error_options': 'WarnErrorOptions(include=[], exclude=[])', 'send_anonymous_usage_stats': 'True'}
[0m10:42:33.858636 [info ] [MainThread]: This version of dbt is deprecated and no longer receives regular patches, including for known bugs. We recommend upgrading to a newer supported version of dbt: https://docs.getdbt.com/docs/dbt-versions
[0m10:42:33.859634 [debug] [MainThread]: Sending event: {'category': 'dbt', 'action': 'deprecated_version_invocation', 'label': '1f8ec2a3-fe57-4c7b-ac8f-3451f1857e3d', 'context': [<snowplow_tracker.self_describing_json.SelfDescribingJson object at 0x000002708E1FD5B0>]}
[0m10:42:33.975379 [debug] [MainThread]: Sending event: {'category': 'dbt', 'action': 'project_id', 'label': '1f8ec2a3-fe57-4c7b-ac8f-3451f1857e3d', 'context': [<snowplow_tracker.self_describing_json.SelfDescribingJson object at 0x000002708E38F0B0>]}
[0m10:42:34.015575 [debug] [MainThread]: Sending event: {'category': 'dbt', 'action': 'adapter_info', 'label': '1f8ec2a3-fe57-4c7b-ac8f-3451f1857e3d', 'context': [<snowplow_tracker.self_describing_json.SelfDescribingJson object at 0x000002708E8C45F0>]}
[0m10:42:34.016570 [info ] [MainThread]: Registered adapter: mysql=1.7.0
[0m10:42:34.021566 [debug] [MainThread]: checksum: e60e9a7db60717b27391e9fcca7ffc2f1c59992fad004fb73a09489fe7f93d3f, vars: {}, profile: , target: , version: 1.7.20
[0m10:42:34.031538 [info ] [MainThread]: Unable to do partial parsing because profile has changed
[0m10:42:34.032568 [debug] [MainThread]: Sending event: {'category': 'dbt', 'action': 'partial_parser', 'label': '1f8ec2a3-fe57-4c7b-ac8f-3451f1857e3d', 'context': [<snowplow_tracker.self_describing_json.SelfDescribingJson object at 0x000002708FABE030>]}
[0m10:42:34.876583 [debug] [MainThread]: Sending event: {'category': 'dbt', 'action': 'load_project', 'label': '1f8ec2a3-fe57-4c7b-ac8f-3451f1857e3d', 'context': [<snowplow_tracker.self_describing_json.SelfDescribingJson object at 0x000002708FC22960>]}
[0m10:42:34.900849 [debug] [MainThread]: Sending event: {'category': 'dbt', 'action': 'resource_counts', 'label': '1f8ec2a3-fe57-4c7b-ac8f-3451f1857e3d', 'context': [<snowplow_tracker.self_describing_json.SelfDescribingJson object at 0x000002708FBAFEC0>]}
[0m10:42:34.900849 [info ] [MainThread]: Found 24 models, 57 tests, 7 sources, 0 exposures, 0 metrics, 375 macros, 0 groups, 0 semantic models
[0m10:42:34.904850 [info ] [MainThread]: 
[0m10:42:34.904850 [debug] [MainThread]: Acquiring new mysql connection 'master'
[0m10:42:34.906886 [debug] [ThreadPool]: Acquiring new mysql connection 'list_schemas'
[0m10:42:34.912848 [debug] [ThreadPool]: Using mysql connection "list_schemas"
[0m10:42:34.912848 [debug] [ThreadPool]: On list_schemas: /* {"app": "dbt", "dbt_version": "1.7.20", "profile_name": "fmcg_sales", "target_name": "dev", "connection_name": "list_schemas"} */
select distinct schema_name
        from information_schema.schemata
[0m10:42:34.913849 [debug] [ThreadPool]: Opening a new connection, currently in state init
[0m10:42:34.985856 [debug] [ThreadPool]: SQL status: SUCCESS 8 in 0.0 seconds
[0m10:42:34.986855 [debug] [ThreadPool]: On list_schemas: Close
[0m10:42:34.988856 [debug] [ThreadPool]: Acquiring new mysql connection 'list_None_sales_of_fmcg_stores'
[0m10:42:34.992855 [debug] [ThreadPool]: Using mysql connection "list_None_sales_of_fmcg_stores"
[0m10:42:34.992855 [debug] [ThreadPool]: On list_None_sales_of_fmcg_stores: BEGIN
[0m10:42:34.993856 [debug] [ThreadPool]: Opening a new connection, currently in state init
[0m10:42:35.036857 [debug] [ThreadPool]: SQL status: SUCCESS 0 in 0.0 seconds
[0m10:42:35.037856 [debug] [ThreadPool]: Using mysql connection "list_None_sales_of_fmcg_stores"
[0m10:42:35.037856 [debug] [ThreadPool]: On list_None_sales_of_fmcg_stores: /* {"app": "dbt", "dbt_version": "1.7.20", "profile_name": "fmcg_sales", "target_name": "dev", "connection_name": "list_None_sales_of_fmcg_stores"} */
select
      null as "database",
      table_name as name,
      table_schema as "schema",
      case when table_type = 'BASE TABLE' then 'table'
           when table_type = 'VIEW' then 'view'
           else table_type
      end as table_type
    from information_schema.tables
    where table_schema = 'sales_of_fmcg_stores'
  
[0m10:42:35.040856 [debug] [ThreadPool]: SQL status: SUCCESS 26 in 0.0 seconds
[0m10:42:35.041856 [debug] [ThreadPool]: On list_None_sales_of_fmcg_stores: ROLLBACK
[0m10:42:35.042856 [debug] [ThreadPool]: On list_None_sales_of_fmcg_stores: Close
[0m10:42:35.047856 [debug] [MainThread]: Sending event: {'category': 'dbt', 'action': 'runnable_timing', 'label': '1f8ec2a3-fe57-4c7b-ac8f-3451f1857e3d', 'context': [<snowplow_tracker.self_describing_json.SelfDescribingJson object at 0x000002708FAF7FB0>]}
[0m10:42:35.047856 [debug] [MainThread]: Using mysql connection "master"
[0m10:42:35.048856 [debug] [MainThread]: On master: BEGIN
[0m10:42:35.048856 [debug] [MainThread]: Opening a new connection, currently in state init
[0m10:42:35.095856 [debug] [MainThread]: SQL status: SUCCESS 0 in 0.0 seconds
[0m10:42:35.095856 [debug] [MainThread]: On master: COMMIT
[0m10:42:35.095856 [debug] [MainThread]: Using mysql connection "master"
[0m10:42:35.096857 [debug] [MainThread]: On master: COMMIT
[0m10:42:35.096857 [debug] [MainThread]: SQL status: SUCCESS 0 in 0.0 seconds
[0m10:42:35.097856 [debug] [MainThread]: On master: Close
[0m10:42:35.097856 [info ] [MainThread]: Concurrency: 1 threads (target='dev')
[0m10:42:35.098856 [info ] [MainThread]: 
[0m10:42:35.101856 [debug] [Thread-1 (]: Began running node test.fmcg_sales.source_not_null_raw_categories_CategoryID.9cf29d54a5
[0m10:42:35.101856 [info ] [Thread-1 (]: 1 of 32 START test source_not_null_raw_categories_CategoryID ................... [RUN]
[0m10:42:35.102856 [debug] [Thread-1 (]: Acquiring new mysql connection 'test.fmcg_sales.source_not_null_raw_categories_CategoryID.9cf29d54a5'
[0m10:42:35.102856 [debug] [Thread-1 (]: Began compiling node test.fmcg_sales.source_not_null_raw_categories_CategoryID.9cf29d54a5
[0m10:42:35.113856 [debug] [Thread-1 (]: Writing injected SQL for node "test.fmcg_sales.source_not_null_raw_categories_CategoryID.9cf29d54a5"
[0m10:42:35.115856 [debug] [Thread-1 (]: Timing info for test.fmcg_sales.source_not_null_raw_categories_CategoryID.9cf29d54a5 (compile): 10:42:35.102856 => 10:42:35.115856
[0m10:42:35.115856 [debug] [Thread-1 (]: Began executing node test.fmcg_sales.source_not_null_raw_categories_CategoryID.9cf29d54a5
[0m10:42:35.126858 [debug] [Thread-1 (]: Writing runtime sql for node "test.fmcg_sales.source_not_null_raw_categories_CategoryID.9cf29d54a5"
[0m10:42:35.127856 [debug] [Thread-1 (]: Using mysql connection "test.fmcg_sales.source_not_null_raw_categories_CategoryID.9cf29d54a5"
[0m10:42:35.128856 [debug] [Thread-1 (]: On test.fmcg_sales.source_not_null_raw_categories_CategoryID.9cf29d54a5: BEGIN
[0m10:42:35.128856 [debug] [Thread-1 (]: Opening a new connection, currently in state init
[0m10:42:35.175896 [debug] [Thread-1 (]: SQL status: SUCCESS 0 in 0.0 seconds
[0m10:42:35.176956 [debug] [Thread-1 (]: Using mysql connection "test.fmcg_sales.source_not_null_raw_categories_CategoryID.9cf29d54a5"
[0m10:42:35.176956 [debug] [Thread-1 (]: On test.fmcg_sales.source_not_null_raw_categories_CategoryID.9cf29d54a5: /* {"app": "dbt", "dbt_version": "1.7.20", "profile_name": "fmcg_sales", "target_name": "dev", "node_id": "test.fmcg_sales.source_not_null_raw_categories_CategoryID.9cf29d54a5"} */
select
      count(*) as failures,
      case
        when count(*) <> 0 then 'true'
        else 'false'
      end as should_warn,
      case
        when count(*) <> 0 then 'true'
        else 'false'
      end as should_error
    from (
      
    
    



select CategoryID
from `sales_of_fmcg_stores`.`categories`
where CategoryID is null



      
    ) dbt_internal_test
[0m10:42:35.187857 [debug] [Thread-1 (]: SQL status: SUCCESS 1 in 0.0 seconds
[0m10:42:35.189874 [debug] [Thread-1 (]: Timing info for test.fmcg_sales.source_not_null_raw_categories_CategoryID.9cf29d54a5 (execute): 10:42:35.116857 => 10:42:35.188890
[0m10:42:35.189874 [debug] [Thread-1 (]: On test.fmcg_sales.source_not_null_raw_categories_CategoryID.9cf29d54a5: ROLLBACK
[0m10:42:35.190862 [debug] [Thread-1 (]: On test.fmcg_sales.source_not_null_raw_categories_CategoryID.9cf29d54a5: Close
[0m10:42:35.191860 [info ] [Thread-1 (]: 1 of 32 PASS source_not_null_raw_categories_CategoryID ......................... [[32mPASS[0m in 0.09s]
[0m10:42:35.192860 [debug] [Thread-1 (]: Finished running node test.fmcg_sales.source_not_null_raw_categories_CategoryID.9cf29d54a5
[0m10:42:35.192860 [debug] [Thread-1 (]: Began running node test.fmcg_sales.source_not_null_raw_cities_CityID.cb2e3b5754
[0m10:42:35.192860 [info ] [Thread-1 (]: 2 of 32 START test source_not_null_raw_cities_CityID ........................... [RUN]
[0m10:42:35.193858 [debug] [Thread-1 (]: Re-using an available connection from the pool (formerly test.fmcg_sales.source_not_null_raw_categories_CategoryID.9cf29d54a5, now test.fmcg_sales.source_not_null_raw_cities_CityID.cb2e3b5754)
[0m10:42:35.194860 [debug] [Thread-1 (]: Began compiling node test.fmcg_sales.source_not_null_raw_cities_CityID.cb2e3b5754
[0m10:42:35.197859 [debug] [Thread-1 (]: Writing injected SQL for node "test.fmcg_sales.source_not_null_raw_cities_CityID.cb2e3b5754"
[0m10:42:35.198859 [debug] [Thread-1 (]: Timing info for test.fmcg_sales.source_not_null_raw_cities_CityID.cb2e3b5754 (compile): 10:42:35.194860 => 10:42:35.197859
[0m10:42:35.198859 [debug] [Thread-1 (]: Began executing node test.fmcg_sales.source_not_null_raw_cities_CityID.cb2e3b5754
[0m10:42:35.200859 [debug] [Thread-1 (]: Writing runtime sql for node "test.fmcg_sales.source_not_null_raw_cities_CityID.cb2e3b5754"
[0m10:42:35.200859 [debug] [Thread-1 (]: Using mysql connection "test.fmcg_sales.source_not_null_raw_cities_CityID.cb2e3b5754"
[0m10:42:35.201860 [debug] [Thread-1 (]: On test.fmcg_sales.source_not_null_raw_cities_CityID.cb2e3b5754: BEGIN
[0m10:42:35.201860 [debug] [Thread-1 (]: Opening a new connection, currently in state closed
[0m10:42:35.247858 [debug] [Thread-1 (]: SQL status: SUCCESS 0 in 0.0 seconds
[0m10:42:35.248884 [debug] [Thread-1 (]: Using mysql connection "test.fmcg_sales.source_not_null_raw_cities_CityID.cb2e3b5754"
[0m10:42:35.248884 [debug] [Thread-1 (]: On test.fmcg_sales.source_not_null_raw_cities_CityID.cb2e3b5754: /* {"app": "dbt", "dbt_version": "1.7.20", "profile_name": "fmcg_sales", "target_name": "dev", "node_id": "test.fmcg_sales.source_not_null_raw_cities_CityID.cb2e3b5754"} */
select
      count(*) as failures,
      case
        when count(*) <> 0 then 'true'
        else 'false'
      end as should_warn,
      case
        when count(*) <> 0 then 'true'
        else 'false'
      end as should_error
    from (
      
    
    



select CityID
from `sales_of_fmcg_stores`.`cities`
where CityID is null



      
    ) dbt_internal_test
[0m10:42:35.250860 [debug] [Thread-1 (]: SQL status: SUCCESS 1 in 0.0 seconds
[0m10:42:35.251875 [debug] [Thread-1 (]: Timing info for test.fmcg_sales.source_not_null_raw_cities_CityID.cb2e3b5754 (execute): 10:42:35.198859 => 10:42:35.251875
[0m10:42:35.251875 [debug] [Thread-1 (]: On test.fmcg_sales.source_not_null_raw_cities_CityID.cb2e3b5754: ROLLBACK
[0m10:42:35.252857 [debug] [Thread-1 (]: On test.fmcg_sales.source_not_null_raw_cities_CityID.cb2e3b5754: Close
[0m10:42:35.252857 [info ] [Thread-1 (]: 2 of 32 PASS source_not_null_raw_cities_CityID ................................. [[32mPASS[0m in 0.06s]
[0m10:42:35.253883 [debug] [Thread-1 (]: Finished running node test.fmcg_sales.source_not_null_raw_cities_CityID.cb2e3b5754
[0m10:42:35.253883 [debug] [Thread-1 (]: Began running node test.fmcg_sales.source_not_null_raw_countries_CountryID.8f8567ebcb
[0m10:42:35.254864 [info ] [Thread-1 (]: 3 of 32 START test source_not_null_raw_countries_CountryID ..................... [RUN]
[0m10:42:35.255863 [debug] [Thread-1 (]: Re-using an available connection from the pool (formerly test.fmcg_sales.source_not_null_raw_cities_CityID.cb2e3b5754, now test.fmcg_sales.source_not_null_raw_countries_CountryID.8f8567ebcb)
[0m10:42:35.255863 [debug] [Thread-1 (]: Began compiling node test.fmcg_sales.source_not_null_raw_countries_CountryID.8f8567ebcb
[0m10:42:35.258863 [debug] [Thread-1 (]: Writing injected SQL for node "test.fmcg_sales.source_not_null_raw_countries_CountryID.8f8567ebcb"
[0m10:42:35.259863 [debug] [Thread-1 (]: Timing info for test.fmcg_sales.source_not_null_raw_countries_CountryID.8f8567ebcb (compile): 10:42:35.255863 => 10:42:35.259863
[0m10:42:35.259863 [debug] [Thread-1 (]: Began executing node test.fmcg_sales.source_not_null_raw_countries_CountryID.8f8567ebcb
[0m10:42:35.261864 [debug] [Thread-1 (]: Writing runtime sql for node "test.fmcg_sales.source_not_null_raw_countries_CountryID.8f8567ebcb"
[0m10:42:35.261864 [debug] [Thread-1 (]: Using mysql connection "test.fmcg_sales.source_not_null_raw_countries_CountryID.8f8567ebcb"
[0m10:42:35.262864 [debug] [Thread-1 (]: On test.fmcg_sales.source_not_null_raw_countries_CountryID.8f8567ebcb: BEGIN
[0m10:42:35.262864 [debug] [Thread-1 (]: Opening a new connection, currently in state closed
[0m10:42:35.322933 [debug] [Thread-1 (]: SQL status: SUCCESS 0 in 0.0 seconds
[0m10:42:35.323961 [debug] [Thread-1 (]: Using mysql connection "test.fmcg_sales.source_not_null_raw_countries_CountryID.8f8567ebcb"
[0m10:42:35.323961 [debug] [Thread-1 (]: On test.fmcg_sales.source_not_null_raw_countries_CountryID.8f8567ebcb: /* {"app": "dbt", "dbt_version": "1.7.20", "profile_name": "fmcg_sales", "target_name": "dev", "node_id": "test.fmcg_sales.source_not_null_raw_countries_CountryID.8f8567ebcb"} */
select
      count(*) as failures,
      case
        when count(*) <> 0 then 'true'
        else 'false'
      end as should_warn,
      case
        when count(*) <> 0 then 'true'
        else 'false'
      end as should_error
    from (
      
    
    



select CountryID
from `sales_of_fmcg_stores`.`countries`
where CountryID is null



      
    ) dbt_internal_test
[0m10:42:35.325863 [debug] [Thread-1 (]: SQL status: SUCCESS 1 in 0.0 seconds
[0m10:42:35.326863 [debug] [Thread-1 (]: Timing info for test.fmcg_sales.source_not_null_raw_countries_CountryID.8f8567ebcb (execute): 10:42:35.259863 => 10:42:35.326863
[0m10:42:35.326863 [debug] [Thread-1 (]: On test.fmcg_sales.source_not_null_raw_countries_CountryID.8f8567ebcb: ROLLBACK
[0m10:42:35.327861 [debug] [Thread-1 (]: On test.fmcg_sales.source_not_null_raw_countries_CountryID.8f8567ebcb: Close
[0m10:42:35.327861 [info ] [Thread-1 (]: 3 of 32 PASS source_not_null_raw_countries_CountryID ........................... [[32mPASS[0m in 0.07s]
[0m10:42:35.328897 [debug] [Thread-1 (]: Finished running node test.fmcg_sales.source_not_null_raw_countries_CountryID.8f8567ebcb
[0m10:42:35.328897 [debug] [Thread-1 (]: Began running node test.fmcg_sales.source_not_null_raw_customers_CustomerID.4ba89b58e3
[0m10:42:35.329859 [info ] [Thread-1 (]: 4 of 32 START test source_not_null_raw_customers_CustomerID .................... [RUN]
[0m10:42:35.330954 [debug] [Thread-1 (]: Re-using an available connection from the pool (formerly test.fmcg_sales.source_not_null_raw_countries_CountryID.8f8567ebcb, now test.fmcg_sales.source_not_null_raw_customers_CustomerID.4ba89b58e3)
[0m10:42:35.330954 [debug] [Thread-1 (]: Began compiling node test.fmcg_sales.source_not_null_raw_customers_CustomerID.4ba89b58e3
[0m10:42:35.333908 [debug] [Thread-1 (]: Writing injected SQL for node "test.fmcg_sales.source_not_null_raw_customers_CustomerID.4ba89b58e3"
[0m10:42:35.334954 [debug] [Thread-1 (]: Timing info for test.fmcg_sales.source_not_null_raw_customers_CustomerID.4ba89b58e3 (compile): 10:42:35.330954 => 10:42:35.334954
[0m10:42:35.334954 [debug] [Thread-1 (]: Began executing node test.fmcg_sales.source_not_null_raw_customers_CustomerID.4ba89b58e3
[0m10:42:35.336955 [debug] [Thread-1 (]: Writing runtime sql for node "test.fmcg_sales.source_not_null_raw_customers_CustomerID.4ba89b58e3"
[0m10:42:35.337976 [debug] [Thread-1 (]: Using mysql connection "test.fmcg_sales.source_not_null_raw_customers_CustomerID.4ba89b58e3"
[0m10:42:35.337976 [debug] [Thread-1 (]: On test.fmcg_sales.source_not_null_raw_customers_CustomerID.4ba89b58e3: BEGIN
[0m10:42:35.337976 [debug] [Thread-1 (]: Opening a new connection, currently in state closed
[0m10:42:35.382861 [debug] [Thread-1 (]: SQL status: SUCCESS 0 in 0.0 seconds
[0m10:42:35.382861 [debug] [Thread-1 (]: Using mysql connection "test.fmcg_sales.source_not_null_raw_customers_CustomerID.4ba89b58e3"
[0m10:42:35.383864 [debug] [Thread-1 (]: On test.fmcg_sales.source_not_null_raw_customers_CustomerID.4ba89b58e3: /* {"app": "dbt", "dbt_version": "1.7.20", "profile_name": "fmcg_sales", "target_name": "dev", "node_id": "test.fmcg_sales.source_not_null_raw_customers_CustomerID.4ba89b58e3"} */
select
      count(*) as failures,
      case
        when count(*) <> 0 then 'true'
        else 'false'
      end as should_warn,
      case
        when count(*) <> 0 then 'true'
        else 'false'
      end as should_error
    from (
      
    
    



select CustomerID
from `sales_of_fmcg_stores`.`customers`
where CustomerID is null



      
    ) dbt_internal_test
[0m10:42:35.386458 [debug] [Thread-1 (]: SQL status: SUCCESS 1 in 0.0 seconds
[0m10:42:35.387471 [debug] [Thread-1 (]: Timing info for test.fmcg_sales.source_not_null_raw_customers_CustomerID.4ba89b58e3 (execute): 10:42:35.335974 => 10:42:35.387471
[0m10:42:35.388468 [debug] [Thread-1 (]: On test.fmcg_sales.source_not_null_raw_customers_CustomerID.4ba89b58e3: ROLLBACK
[0m10:42:35.388468 [debug] [Thread-1 (]: On test.fmcg_sales.source_not_null_raw_customers_CustomerID.4ba89b58e3: Close
[0m10:42:35.389469 [info ] [Thread-1 (]: 4 of 32 PASS source_not_null_raw_customers_CustomerID .......................... [[32mPASS[0m in 0.06s]
[0m10:42:35.390465 [debug] [Thread-1 (]: Finished running node test.fmcg_sales.source_not_null_raw_customers_CustomerID.4ba89b58e3
[0m10:42:35.390465 [debug] [Thread-1 (]: Began running node test.fmcg_sales.source_not_null_raw_employees_EmployeeID.4e95fdb9d3
[0m10:42:35.390465 [info ] [Thread-1 (]: 5 of 32 START test source_not_null_raw_employees_EmployeeID .................... [RUN]
[0m10:42:35.391536 [debug] [Thread-1 (]: Re-using an available connection from the pool (formerly test.fmcg_sales.source_not_null_raw_customers_CustomerID.4ba89b58e3, now test.fmcg_sales.source_not_null_raw_employees_EmployeeID.4e95fdb9d3)
[0m10:42:35.392469 [debug] [Thread-1 (]: Began compiling node test.fmcg_sales.source_not_null_raw_employees_EmployeeID.4e95fdb9d3
[0m10:42:35.395468 [debug] [Thread-1 (]: Writing injected SQL for node "test.fmcg_sales.source_not_null_raw_employees_EmployeeID.4e95fdb9d3"
[0m10:42:35.396466 [debug] [Thread-1 (]: Timing info for test.fmcg_sales.source_not_null_raw_employees_EmployeeID.4e95fdb9d3 (compile): 10:42:35.392469 => 10:42:35.396466
[0m10:42:35.396466 [debug] [Thread-1 (]: Began executing node test.fmcg_sales.source_not_null_raw_employees_EmployeeID.4e95fdb9d3
[0m10:42:35.399467 [debug] [Thread-1 (]: Writing runtime sql for node "test.fmcg_sales.source_not_null_raw_employees_EmployeeID.4e95fdb9d3"
[0m10:42:35.400469 [debug] [Thread-1 (]: Using mysql connection "test.fmcg_sales.source_not_null_raw_employees_EmployeeID.4e95fdb9d3"
[0m10:42:35.400469 [debug] [Thread-1 (]: On test.fmcg_sales.source_not_null_raw_employees_EmployeeID.4e95fdb9d3: BEGIN
[0m10:42:35.401473 [debug] [Thread-1 (]: Opening a new connection, currently in state closed
[0m10:42:35.446470 [debug] [Thread-1 (]: SQL status: SUCCESS 0 in 0.0 seconds
[0m10:42:35.447472 [debug] [Thread-1 (]: Using mysql connection "test.fmcg_sales.source_not_null_raw_employees_EmployeeID.4e95fdb9d3"
[0m10:42:35.447472 [debug] [Thread-1 (]: On test.fmcg_sales.source_not_null_raw_employees_EmployeeID.4e95fdb9d3: /* {"app": "dbt", "dbt_version": "1.7.20", "profile_name": "fmcg_sales", "target_name": "dev", "node_id": "test.fmcg_sales.source_not_null_raw_employees_EmployeeID.4e95fdb9d3"} */
select
      count(*) as failures,
      case
        when count(*) <> 0 then 'true'
        else 'false'
      end as should_warn,
      case
        when count(*) <> 0 then 'true'
        else 'false'
      end as should_error
    from (
      
    
    



select EmployeeID
from `sales_of_fmcg_stores`.`employees`
where EmployeeID is null



      
    ) dbt_internal_test
[0m10:42:35.449778 [debug] [Thread-1 (]: SQL status: SUCCESS 1 in 0.0 seconds
[0m10:42:35.450786 [debug] [Thread-1 (]: Timing info for test.fmcg_sales.source_not_null_raw_employees_EmployeeID.4e95fdb9d3 (execute): 10:42:35.397471 => 10:42:35.450786
[0m10:42:35.451785 [debug] [Thread-1 (]: On test.fmcg_sales.source_not_null_raw_employees_EmployeeID.4e95fdb9d3: ROLLBACK
[0m10:42:35.451785 [debug] [Thread-1 (]: On test.fmcg_sales.source_not_null_raw_employees_EmployeeID.4e95fdb9d3: Close
[0m10:42:35.452784 [info ] [Thread-1 (]: 5 of 32 PASS source_not_null_raw_employees_EmployeeID .......................... [[32mPASS[0m in 0.06s]
[0m10:42:35.453784 [debug] [Thread-1 (]: Finished running node test.fmcg_sales.source_not_null_raw_employees_EmployeeID.4e95fdb9d3
[0m10:42:35.453784 [debug] [Thread-1 (]: Began running node test.fmcg_sales.source_not_null_raw_products_ProductID.9bf99791be
[0m10:42:35.453784 [info ] [Thread-1 (]: 6 of 32 START test source_not_null_raw_products_ProductID ...................... [RUN]
[0m10:42:35.454820 [debug] [Thread-1 (]: Re-using an available connection from the pool (formerly test.fmcg_sales.source_not_null_raw_employees_EmployeeID.4e95fdb9d3, now test.fmcg_sales.source_not_null_raw_products_ProductID.9bf99791be)
[0m10:42:35.455882 [debug] [Thread-1 (]: Began compiling node test.fmcg_sales.source_not_null_raw_products_ProductID.9bf99791be
[0m10:42:35.458888 [debug] [Thread-1 (]: Writing injected SQL for node "test.fmcg_sales.source_not_null_raw_products_ProductID.9bf99791be"
[0m10:42:35.459880 [debug] [Thread-1 (]: Timing info for test.fmcg_sales.source_not_null_raw_products_ProductID.9bf99791be (compile): 10:42:35.455882 => 10:42:35.459880
[0m10:42:35.459880 [debug] [Thread-1 (]: Began executing node test.fmcg_sales.source_not_null_raw_products_ProductID.9bf99791be
[0m10:42:35.461784 [debug] [Thread-1 (]: Writing runtime sql for node "test.fmcg_sales.source_not_null_raw_products_ProductID.9bf99791be"
[0m10:42:35.462785 [debug] [Thread-1 (]: Using mysql connection "test.fmcg_sales.source_not_null_raw_products_ProductID.9bf99791be"
[0m10:42:35.462785 [debug] [Thread-1 (]: On test.fmcg_sales.source_not_null_raw_products_ProductID.9bf99791be: BEGIN
[0m10:42:35.462785 [debug] [Thread-1 (]: Opening a new connection, currently in state closed
[0m10:42:35.509886 [debug] [Thread-1 (]: SQL status: SUCCESS 0 in 0.0 seconds
[0m10:42:35.509886 [debug] [Thread-1 (]: Using mysql connection "test.fmcg_sales.source_not_null_raw_products_ProductID.9bf99791be"
[0m10:42:35.509886 [debug] [Thread-1 (]: On test.fmcg_sales.source_not_null_raw_products_ProductID.9bf99791be: /* {"app": "dbt", "dbt_version": "1.7.20", "profile_name": "fmcg_sales", "target_name": "dev", "node_id": "test.fmcg_sales.source_not_null_raw_products_ProductID.9bf99791be"} */
select
      count(*) as failures,
      case
        when count(*) <> 0 then 'true'
        else 'false'
      end as should_warn,
      case
        when count(*) <> 0 then 'true'
        else 'false'
      end as should_error
    from (
      
    
    



select ProductID
from `sales_of_fmcg_stores`.`products`
where ProductID is null



      
    ) dbt_internal_test
[0m10:42:35.512844 [debug] [Thread-1 (]: SQL status: SUCCESS 1 in 0.0 seconds
[0m10:42:35.513862 [debug] [Thread-1 (]: Timing info for test.fmcg_sales.source_not_null_raw_products_ProductID.9bf99791be (execute): 10:42:35.459880 => 10:42:35.513862
[0m10:42:35.513862 [debug] [Thread-1 (]: On test.fmcg_sales.source_not_null_raw_products_ProductID.9bf99791be: ROLLBACK
[0m10:42:35.514950 [debug] [Thread-1 (]: On test.fmcg_sales.source_not_null_raw_products_ProductID.9bf99791be: Close
[0m10:42:35.515904 [info ] [Thread-1 (]: 6 of 32 PASS source_not_null_raw_products_ProductID ............................ [[32mPASS[0m in 0.06s]
[0m10:42:35.515904 [debug] [Thread-1 (]: Finished running node test.fmcg_sales.source_not_null_raw_products_ProductID.9bf99791be
[0m10:42:35.516889 [debug] [Thread-1 (]: Began running node test.fmcg_sales.source_not_null_raw_sales_CustomerID.8f2a6c215b
[0m10:42:35.516889 [info ] [Thread-1 (]: 7 of 32 START test source_not_null_raw_sales_CustomerID ........................ [RUN]
[0m10:42:35.517850 [debug] [Thread-1 (]: Re-using an available connection from the pool (formerly test.fmcg_sales.source_not_null_raw_products_ProductID.9bf99791be, now test.fmcg_sales.source_not_null_raw_sales_CustomerID.8f2a6c215b)
[0m10:42:35.517850 [debug] [Thread-1 (]: Began compiling node test.fmcg_sales.source_not_null_raw_sales_CustomerID.8f2a6c215b
[0m10:42:35.520851 [debug] [Thread-1 (]: Writing injected SQL for node "test.fmcg_sales.source_not_null_raw_sales_CustomerID.8f2a6c215b"
[0m10:42:35.521851 [debug] [Thread-1 (]: Timing info for test.fmcg_sales.source_not_null_raw_sales_CustomerID.8f2a6c215b (compile): 10:42:35.517850 => 10:42:35.521851
[0m10:42:35.521851 [debug] [Thread-1 (]: Began executing node test.fmcg_sales.source_not_null_raw_sales_CustomerID.8f2a6c215b
[0m10:42:35.523851 [debug] [Thread-1 (]: Writing runtime sql for node "test.fmcg_sales.source_not_null_raw_sales_CustomerID.8f2a6c215b"
[0m10:42:35.523851 [debug] [Thread-1 (]: Using mysql connection "test.fmcg_sales.source_not_null_raw_sales_CustomerID.8f2a6c215b"
[0m10:42:35.524851 [debug] [Thread-1 (]: On test.fmcg_sales.source_not_null_raw_sales_CustomerID.8f2a6c215b: BEGIN
[0m10:42:35.524851 [debug] [Thread-1 (]: Opening a new connection, currently in state closed
[0m10:42:35.568852 [debug] [Thread-1 (]: SQL status: SUCCESS 0 in 0.0 seconds
[0m10:42:35.569852 [debug] [Thread-1 (]: Using mysql connection "test.fmcg_sales.source_not_null_raw_sales_CustomerID.8f2a6c215b"
[0m10:42:35.569852 [debug] [Thread-1 (]: On test.fmcg_sales.source_not_null_raw_sales_CustomerID.8f2a6c215b: /* {"app": "dbt", "dbt_version": "1.7.20", "profile_name": "fmcg_sales", "target_name": "dev", "node_id": "test.fmcg_sales.source_not_null_raw_sales_CustomerID.8f2a6c215b"} */
select
      count(*) as failures,
      case
        when count(*) <> 0 then 'true'
        else 'false'
      end as should_warn,
      case
        when count(*) <> 0 then 'true'
        else 'false'
      end as should_error
    from (
      
    
    



select CustomerID
from `sales_of_fmcg_stores`.`sales`
where CustomerID is null



      
    ) dbt_internal_test
[0m10:42:35.584354 [debug] [Thread-1 (]: SQL status: SUCCESS 1 in 0.0 seconds
[0m10:42:35.585340 [debug] [Thread-1 (]: Timing info for test.fmcg_sales.source_not_null_raw_sales_CustomerID.8f2a6c215b (execute): 10:42:35.522851 => 10:42:35.585340
[0m10:42:35.585340 [debug] [Thread-1 (]: On test.fmcg_sales.source_not_null_raw_sales_CustomerID.8f2a6c215b: ROLLBACK
[0m10:42:35.586339 [debug] [Thread-1 (]: On test.fmcg_sales.source_not_null_raw_sales_CustomerID.8f2a6c215b: Close
[0m10:42:35.587321 [info ] [Thread-1 (]: 7 of 32 PASS source_not_null_raw_sales_CustomerID .............................. [[32mPASS[0m in 0.07s]
[0m10:42:35.587321 [debug] [Thread-1 (]: Finished running node test.fmcg_sales.source_not_null_raw_sales_CustomerID.8f2a6c215b
[0m10:42:35.588347 [debug] [Thread-1 (]: Began running node test.fmcg_sales.source_not_null_raw_sales_ProductID.37d6340449
[0m10:42:35.588347 [info ] [Thread-1 (]: 8 of 32 START test source_not_null_raw_sales_ProductID ......................... [RUN]
[0m10:42:35.589343 [debug] [Thread-1 (]: Re-using an available connection from the pool (formerly test.fmcg_sales.source_not_null_raw_sales_CustomerID.8f2a6c215b, now test.fmcg_sales.source_not_null_raw_sales_ProductID.37d6340449)
[0m10:42:35.589343 [debug] [Thread-1 (]: Began compiling node test.fmcg_sales.source_not_null_raw_sales_ProductID.37d6340449
[0m10:42:35.592336 [debug] [Thread-1 (]: Writing injected SQL for node "test.fmcg_sales.source_not_null_raw_sales_ProductID.37d6340449"
[0m10:42:35.593337 [debug] [Thread-1 (]: Timing info for test.fmcg_sales.source_not_null_raw_sales_ProductID.37d6340449 (compile): 10:42:35.589343 => 10:42:35.593337
[0m10:42:35.593337 [debug] [Thread-1 (]: Began executing node test.fmcg_sales.source_not_null_raw_sales_ProductID.37d6340449
[0m10:42:35.595337 [debug] [Thread-1 (]: Writing runtime sql for node "test.fmcg_sales.source_not_null_raw_sales_ProductID.37d6340449"
[0m10:42:35.595337 [debug] [Thread-1 (]: Using mysql connection "test.fmcg_sales.source_not_null_raw_sales_ProductID.37d6340449"
[0m10:42:35.596324 [debug] [Thread-1 (]: On test.fmcg_sales.source_not_null_raw_sales_ProductID.37d6340449: BEGIN
[0m10:42:35.596324 [debug] [Thread-1 (]: Opening a new connection, currently in state closed
[0m10:42:35.642402 [debug] [Thread-1 (]: SQL status: SUCCESS 0 in 0.0 seconds
[0m10:42:35.642402 [debug] [Thread-1 (]: Using mysql connection "test.fmcg_sales.source_not_null_raw_sales_ProductID.37d6340449"
[0m10:42:35.642402 [debug] [Thread-1 (]: On test.fmcg_sales.source_not_null_raw_sales_ProductID.37d6340449: /* {"app": "dbt", "dbt_version": "1.7.20", "profile_name": "fmcg_sales", "target_name": "dev", "node_id": "test.fmcg_sales.source_not_null_raw_sales_ProductID.37d6340449"} */
select
      count(*) as failures,
      case
        when count(*) <> 0 then 'true'
        else 'false'
      end as should_warn,
      case
        when count(*) <> 0 then 'true'
        else 'false'
      end as should_error
    from (
      
    
    



select ProductID
from `sales_of_fmcg_stores`.`sales`
where ProductID is null



      
    ) dbt_internal_test
[0m10:42:35.645656 [debug] [Thread-1 (]: SQL status: SUCCESS 1 in 0.0 seconds
[0m10:42:35.646649 [debug] [Thread-1 (]: Timing info for test.fmcg_sales.source_not_null_raw_sales_ProductID.37d6340449 (execute): 10:42:35.593337 => 10:42:35.646649
[0m10:42:35.646649 [debug] [Thread-1 (]: On test.fmcg_sales.source_not_null_raw_sales_ProductID.37d6340449: ROLLBACK
[0m10:42:35.647653 [debug] [Thread-1 (]: On test.fmcg_sales.source_not_null_raw_sales_ProductID.37d6340449: Close
[0m10:42:35.648606 [info ] [Thread-1 (]: 8 of 32 PASS source_not_null_raw_sales_ProductID ............................... [[32mPASS[0m in 0.06s]
[0m10:42:35.648606 [debug] [Thread-1 (]: Finished running node test.fmcg_sales.source_not_null_raw_sales_ProductID.37d6340449
[0m10:42:35.649649 [debug] [Thread-1 (]: Began running node test.fmcg_sales.source_not_null_raw_sales_SalesID.86fcce832a
[0m10:42:35.649649 [info ] [Thread-1 (]: 9 of 32 START test source_not_null_raw_sales_SalesID ........................... [RUN]
[0m10:42:35.650660 [debug] [Thread-1 (]: Re-using an available connection from the pool (formerly test.fmcg_sales.source_not_null_raw_sales_ProductID.37d6340449, now test.fmcg_sales.source_not_null_raw_sales_SalesID.86fcce832a)
[0m10:42:35.650660 [debug] [Thread-1 (]: Began compiling node test.fmcg_sales.source_not_null_raw_sales_SalesID.86fcce832a
[0m10:42:35.653648 [debug] [Thread-1 (]: Writing injected SQL for node "test.fmcg_sales.source_not_null_raw_sales_SalesID.86fcce832a"
[0m10:42:35.654648 [debug] [Thread-1 (]: Timing info for test.fmcg_sales.source_not_null_raw_sales_SalesID.86fcce832a (compile): 10:42:35.650660 => 10:42:35.654648
[0m10:42:35.654648 [debug] [Thread-1 (]: Began executing node test.fmcg_sales.source_not_null_raw_sales_SalesID.86fcce832a
[0m10:42:35.656565 [debug] [Thread-1 (]: Writing runtime sql for node "test.fmcg_sales.source_not_null_raw_sales_SalesID.86fcce832a"
[0m10:42:35.656565 [debug] [Thread-1 (]: Using mysql connection "test.fmcg_sales.source_not_null_raw_sales_SalesID.86fcce832a"
[0m10:42:35.657563 [debug] [Thread-1 (]: On test.fmcg_sales.source_not_null_raw_sales_SalesID.86fcce832a: BEGIN
[0m10:42:35.657563 [debug] [Thread-1 (]: Opening a new connection, currently in state closed
[0m10:42:35.703838 [debug] [Thread-1 (]: SQL status: SUCCESS 0 in 0.0 seconds
[0m10:42:35.704838 [debug] [Thread-1 (]: Using mysql connection "test.fmcg_sales.source_not_null_raw_sales_SalesID.86fcce832a"
[0m10:42:35.704838 [debug] [Thread-1 (]: On test.fmcg_sales.source_not_null_raw_sales_SalesID.86fcce832a: /* {"app": "dbt", "dbt_version": "1.7.20", "profile_name": "fmcg_sales", "target_name": "dev", "node_id": "test.fmcg_sales.source_not_null_raw_sales_SalesID.86fcce832a"} */
select
      count(*) as failures,
      case
        when count(*) <> 0 then 'true'
        else 'false'
      end as should_warn,
      case
        when count(*) <> 0 then 'true'
        else 'false'
      end as should_error
    from (
      
    
    



select SalesID
from `sales_of_fmcg_stores`.`sales`
where SalesID is null



      
    ) dbt_internal_test
[0m10:42:35.705875 [debug] [Thread-1 (]: SQL status: SUCCESS 1 in 0.0 seconds
[0m10:42:35.706937 [debug] [Thread-1 (]: Timing info for test.fmcg_sales.source_not_null_raw_sales_SalesID.86fcce832a (execute): 10:42:35.654648 => 10:42:35.706937
[0m10:42:35.706937 [debug] [Thread-1 (]: On test.fmcg_sales.source_not_null_raw_sales_SalesID.86fcce832a: ROLLBACK
[0m10:42:35.707941 [debug] [Thread-1 (]: On test.fmcg_sales.source_not_null_raw_sales_SalesID.86fcce832a: Close
[0m10:42:35.708840 [info ] [Thread-1 (]: 9 of 32 PASS source_not_null_raw_sales_SalesID ................................. [[32mPASS[0m in 0.06s]
[0m10:42:35.708840 [debug] [Thread-1 (]: Finished running node test.fmcg_sales.source_not_null_raw_sales_SalesID.86fcce832a
[0m10:42:35.708840 [debug] [Thread-1 (]: Began running node test.fmcg_sales.source_not_null_raw_sales_SalesPersonID.30fb6636b7
[0m10:42:35.709838 [info ] [Thread-1 (]: 10 of 32 START test source_not_null_raw_sales_SalesPersonID .................... [RUN]
[0m10:42:35.710838 [debug] [Thread-1 (]: Re-using an available connection from the pool (formerly test.fmcg_sales.source_not_null_raw_sales_SalesID.86fcce832a, now test.fmcg_sales.source_not_null_raw_sales_SalesPersonID.30fb6636b7)
[0m10:42:35.710838 [debug] [Thread-1 (]: Began compiling node test.fmcg_sales.source_not_null_raw_sales_SalesPersonID.30fb6636b7
[0m10:42:35.713838 [debug] [Thread-1 (]: Writing injected SQL for node "test.fmcg_sales.source_not_null_raw_sales_SalesPersonID.30fb6636b7"
[0m10:42:35.714838 [debug] [Thread-1 (]: Timing info for test.fmcg_sales.source_not_null_raw_sales_SalesPersonID.30fb6636b7 (compile): 10:42:35.710838 => 10:42:35.713838
[0m10:42:35.714838 [debug] [Thread-1 (]: Began executing node test.fmcg_sales.source_not_null_raw_sales_SalesPersonID.30fb6636b7
[0m10:42:35.715839 [debug] [Thread-1 (]: Writing runtime sql for node "test.fmcg_sales.source_not_null_raw_sales_SalesPersonID.30fb6636b7"
[0m10:42:35.716838 [debug] [Thread-1 (]: Using mysql connection "test.fmcg_sales.source_not_null_raw_sales_SalesPersonID.30fb6636b7"
[0m10:42:35.716838 [debug] [Thread-1 (]: On test.fmcg_sales.source_not_null_raw_sales_SalesPersonID.30fb6636b7: BEGIN
[0m10:42:35.717839 [debug] [Thread-1 (]: Opening a new connection, currently in state closed
[0m10:42:35.775933 [debug] [Thread-1 (]: SQL status: SUCCESS 0 in 0.0 seconds
[0m10:42:35.776843 [debug] [Thread-1 (]: Using mysql connection "test.fmcg_sales.source_not_null_raw_sales_SalesPersonID.30fb6636b7"
[0m10:42:35.776843 [debug] [Thread-1 (]: On test.fmcg_sales.source_not_null_raw_sales_SalesPersonID.30fb6636b7: /* {"app": "dbt", "dbt_version": "1.7.20", "profile_name": "fmcg_sales", "target_name": "dev", "node_id": "test.fmcg_sales.source_not_null_raw_sales_SalesPersonID.30fb6636b7"} */
select
      count(*) as failures,
      case
        when count(*) <> 0 then 'true'
        else 'false'
      end as should_warn,
      case
        when count(*) <> 0 then 'true'
        else 'false'
      end as should_error
    from (
      
    
    



select SalesPersonID
from `sales_of_fmcg_stores`.`sales`
where SalesPersonID is null



      
    ) dbt_internal_test
[0m10:42:35.780349 [debug] [Thread-1 (]: SQL status: SUCCESS 1 in 0.0 seconds
[0m10:42:35.781364 [debug] [Thread-1 (]: Timing info for test.fmcg_sales.source_not_null_raw_sales_SalesPersonID.30fb6636b7 (execute): 10:42:35.714838 => 10:42:35.781364
[0m10:42:35.781364 [debug] [Thread-1 (]: On test.fmcg_sales.source_not_null_raw_sales_SalesPersonID.30fb6636b7: ROLLBACK
[0m10:42:35.782364 [debug] [Thread-1 (]: On test.fmcg_sales.source_not_null_raw_sales_SalesPersonID.30fb6636b7: Close
[0m10:42:35.783352 [info ] [Thread-1 (]: 10 of 32 PASS source_not_null_raw_sales_SalesPersonID .......................... [[32mPASS[0m in 0.07s]
[0m10:42:35.783352 [debug] [Thread-1 (]: Finished running node test.fmcg_sales.source_not_null_raw_sales_SalesPersonID.30fb6636b7
[0m10:42:35.783352 [debug] [Thread-1 (]: Began running node test.fmcg_sales.source_unique_raw_categories_CategoryID.e58fa11b48
[0m10:42:35.784351 [info ] [Thread-1 (]: 11 of 32 START test source_unique_raw_categories_CategoryID .................... [RUN]
[0m10:42:35.785351 [debug] [Thread-1 (]: Re-using an available connection from the pool (formerly test.fmcg_sales.source_not_null_raw_sales_SalesPersonID.30fb6636b7, now test.fmcg_sales.source_unique_raw_categories_CategoryID.e58fa11b48)
[0m10:42:35.785351 [debug] [Thread-1 (]: Began compiling node test.fmcg_sales.source_unique_raw_categories_CategoryID.e58fa11b48
[0m10:42:35.790351 [debug] [Thread-1 (]: Writing injected SQL for node "test.fmcg_sales.source_unique_raw_categories_CategoryID.e58fa11b48"
[0m10:42:35.790351 [debug] [Thread-1 (]: Timing info for test.fmcg_sales.source_unique_raw_categories_CategoryID.e58fa11b48 (compile): 10:42:35.785351 => 10:42:35.790351
[0m10:42:35.791352 [debug] [Thread-1 (]: Began executing node test.fmcg_sales.source_unique_raw_categories_CategoryID.e58fa11b48
[0m10:42:35.792352 [debug] [Thread-1 (]: Writing runtime sql for node "test.fmcg_sales.source_unique_raw_categories_CategoryID.e58fa11b48"
[0m10:42:35.793352 [debug] [Thread-1 (]: Using mysql connection "test.fmcg_sales.source_unique_raw_categories_CategoryID.e58fa11b48"
[0m10:42:35.794352 [debug] [Thread-1 (]: On test.fmcg_sales.source_unique_raw_categories_CategoryID.e58fa11b48: BEGIN
[0m10:42:35.794352 [debug] [Thread-1 (]: Opening a new connection, currently in state closed
[0m10:42:35.839357 [debug] [Thread-1 (]: SQL status: SUCCESS 0 in 0.0 seconds
[0m10:42:35.840351 [debug] [Thread-1 (]: Using mysql connection "test.fmcg_sales.source_unique_raw_categories_CategoryID.e58fa11b48"
[0m10:42:35.840351 [debug] [Thread-1 (]: On test.fmcg_sales.source_unique_raw_categories_CategoryID.e58fa11b48: /* {"app": "dbt", "dbt_version": "1.7.20", "profile_name": "fmcg_sales", "target_name": "dev", "node_id": "test.fmcg_sales.source_unique_raw_categories_CategoryID.e58fa11b48"} */
select
      count(*) as failures,
      case
        when count(*) <> 0 then 'true'
        else 'false'
      end as should_warn,
      case
        when count(*) <> 0 then 'true'
        else 'false'
      end as should_error
    from (
      
    
    

select
    CategoryID as unique_field,
    count(*) as n_records

from `sales_of_fmcg_stores`.`categories`
where CategoryID is not null
group by CategoryID
having count(*) > 1



      
    ) dbt_internal_test
[0m10:42:35.847359 [debug] [Thread-1 (]: SQL status: SUCCESS 1 in 0.0 seconds
[0m10:42:35.848376 [debug] [Thread-1 (]: Timing info for test.fmcg_sales.source_unique_raw_categories_CategoryID.e58fa11b48 (execute): 10:42:35.791352 => 10:42:35.848376
[0m10:42:35.849375 [debug] [Thread-1 (]: On test.fmcg_sales.source_unique_raw_categories_CategoryID.e58fa11b48: ROLLBACK
[0m10:42:35.849375 [debug] [Thread-1 (]: On test.fmcg_sales.source_unique_raw_categories_CategoryID.e58fa11b48: Close
[0m10:42:35.850375 [info ] [Thread-1 (]: 11 of 32 PASS source_unique_raw_categories_CategoryID .......................... [[32mPASS[0m in 0.07s]
[0m10:42:35.850375 [debug] [Thread-1 (]: Finished running node test.fmcg_sales.source_unique_raw_categories_CategoryID.e58fa11b48
[0m10:42:35.851361 [debug] [Thread-1 (]: Began running node test.fmcg_sales.source_unique_raw_cities_CityID.14f534fc7e
[0m10:42:35.852361 [info ] [Thread-1 (]: 12 of 32 START test source_unique_raw_cities_CityID ............................ [RUN]
[0m10:42:35.853370 [debug] [Thread-1 (]: Re-using an available connection from the pool (formerly test.fmcg_sales.source_unique_raw_categories_CategoryID.e58fa11b48, now test.fmcg_sales.source_unique_raw_cities_CityID.14f534fc7e)
[0m10:42:35.853370 [debug] [Thread-1 (]: Began compiling node test.fmcg_sales.source_unique_raw_cities_CityID.14f534fc7e
[0m10:42:35.856361 [debug] [Thread-1 (]: Writing injected SQL for node "test.fmcg_sales.source_unique_raw_cities_CityID.14f534fc7e"
[0m10:42:35.858366 [debug] [Thread-1 (]: Timing info for test.fmcg_sales.source_unique_raw_cities_CityID.14f534fc7e (compile): 10:42:35.854361 => 10:42:35.857362
[0m10:42:35.859365 [debug] [Thread-1 (]: Began executing node test.fmcg_sales.source_unique_raw_cities_CityID.14f534fc7e
[0m10:42:35.862382 [debug] [Thread-1 (]: Writing runtime sql for node "test.fmcg_sales.source_unique_raw_cities_CityID.14f534fc7e"
[0m10:42:35.863359 [debug] [Thread-1 (]: Using mysql connection "test.fmcg_sales.source_unique_raw_cities_CityID.14f534fc7e"
[0m10:42:35.864366 [debug] [Thread-1 (]: On test.fmcg_sales.source_unique_raw_cities_CityID.14f534fc7e: BEGIN
[0m10:42:35.865367 [debug] [Thread-1 (]: Opening a new connection, currently in state closed
[0m10:42:35.910361 [debug] [Thread-1 (]: SQL status: SUCCESS 0 in 0.0 seconds
[0m10:42:35.911362 [debug] [Thread-1 (]: Using mysql connection "test.fmcg_sales.source_unique_raw_cities_CityID.14f534fc7e"
[0m10:42:35.911362 [debug] [Thread-1 (]: On test.fmcg_sales.source_unique_raw_cities_CityID.14f534fc7e: /* {"app": "dbt", "dbt_version": "1.7.20", "profile_name": "fmcg_sales", "target_name": "dev", "node_id": "test.fmcg_sales.source_unique_raw_cities_CityID.14f534fc7e"} */
select
      count(*) as failures,
      case
        when count(*) <> 0 then 'true'
        else 'false'
      end as should_warn,
      case
        when count(*) <> 0 then 'true'
        else 'false'
      end as should_error
    from (
      
    
    

select
    CityID as unique_field,
    count(*) as n_records

from `sales_of_fmcg_stores`.`cities`
where CityID is not null
group by CityID
having count(*) > 1



      
    ) dbt_internal_test
[0m10:42:35.919361 [debug] [Thread-1 (]: SQL status: SUCCESS 1 in 0.0 seconds
[0m10:42:35.920360 [debug] [Thread-1 (]: Timing info for test.fmcg_sales.source_unique_raw_cities_CityID.14f534fc7e (execute): 10:42:35.859365 => 10:42:35.920360
[0m10:42:35.921470 [debug] [Thread-1 (]: On test.fmcg_sales.source_unique_raw_cities_CityID.14f534fc7e: ROLLBACK
[0m10:42:35.921470 [debug] [Thread-1 (]: On test.fmcg_sales.source_unique_raw_cities_CityID.14f534fc7e: Close
[0m10:42:35.922467 [info ] [Thread-1 (]: 12 of 32 PASS source_unique_raw_cities_CityID .................................. [[32mPASS[0m in 0.07s]
[0m10:42:35.923364 [debug] [Thread-1 (]: Finished running node test.fmcg_sales.source_unique_raw_cities_CityID.14f534fc7e
[0m10:42:35.923364 [debug] [Thread-1 (]: Began running node test.fmcg_sales.source_unique_raw_countries_CountryID.0bb87deb98
[0m10:42:35.924361 [info ] [Thread-1 (]: 13 of 32 START test source_unique_raw_countries_CountryID ...................... [RUN]
[0m10:42:35.925361 [debug] [Thread-1 (]: Re-using an available connection from the pool (formerly test.fmcg_sales.source_unique_raw_cities_CityID.14f534fc7e, now test.fmcg_sales.source_unique_raw_countries_CountryID.0bb87deb98)
[0m10:42:35.925361 [debug] [Thread-1 (]: Began compiling node test.fmcg_sales.source_unique_raw_countries_CountryID.0bb87deb98
[0m10:42:35.928361 [debug] [Thread-1 (]: Writing injected SQL for node "test.fmcg_sales.source_unique_raw_countries_CountryID.0bb87deb98"
[0m10:42:35.929361 [debug] [Thread-1 (]: Timing info for test.fmcg_sales.source_unique_raw_countries_CountryID.0bb87deb98 (compile): 10:42:35.925361 => 10:42:35.929361
[0m10:42:35.929361 [debug] [Thread-1 (]: Began executing node test.fmcg_sales.source_unique_raw_countries_CountryID.0bb87deb98
[0m10:42:35.932364 [debug] [Thread-1 (]: Writing runtime sql for node "test.fmcg_sales.source_unique_raw_countries_CountryID.0bb87deb98"
[0m10:42:35.933362 [debug] [Thread-1 (]: Using mysql connection "test.fmcg_sales.source_unique_raw_countries_CountryID.0bb87deb98"
[0m10:42:35.933362 [debug] [Thread-1 (]: On test.fmcg_sales.source_unique_raw_countries_CountryID.0bb87deb98: BEGIN
[0m10:42:35.934366 [debug] [Thread-1 (]: Opening a new connection, currently in state closed
[0m10:42:35.982478 [debug] [Thread-1 (]: SQL status: SUCCESS 0 in 0.0 seconds
[0m10:42:35.982478 [debug] [Thread-1 (]: Using mysql connection "test.fmcg_sales.source_unique_raw_countries_CountryID.0bb87deb98"
[0m10:42:35.983461 [debug] [Thread-1 (]: On test.fmcg_sales.source_unique_raw_countries_CountryID.0bb87deb98: /* {"app": "dbt", "dbt_version": "1.7.20", "profile_name": "fmcg_sales", "target_name": "dev", "node_id": "test.fmcg_sales.source_unique_raw_countries_CountryID.0bb87deb98"} */
select
      count(*) as failures,
      case
        when count(*) <> 0 then 'true'
        else 'false'
      end as should_warn,
      case
        when count(*) <> 0 then 'true'
        else 'false'
      end as should_error
    from (
      
    
    

select
    CountryID as unique_field,
    count(*) as n_records

from `sales_of_fmcg_stores`.`countries`
where CountryID is not null
group by CountryID
having count(*) > 1



      
    ) dbt_internal_test
[0m10:42:35.990363 [debug] [Thread-1 (]: SQL status: SUCCESS 1 in 0.0 seconds
[0m10:42:35.992363 [debug] [Thread-1 (]: Timing info for test.fmcg_sales.source_unique_raw_countries_CountryID.0bb87deb98 (execute): 10:42:35.930362 => 10:42:35.991360
[0m10:42:35.992363 [debug] [Thread-1 (]: On test.fmcg_sales.source_unique_raw_countries_CountryID.0bb87deb98: ROLLBACK
[0m10:42:35.993361 [debug] [Thread-1 (]: On test.fmcg_sales.source_unique_raw_countries_CountryID.0bb87deb98: Close
[0m10:42:35.994367 [info ] [Thread-1 (]: 13 of 32 PASS source_unique_raw_countries_CountryID ............................ [[32mPASS[0m in 0.07s]
[0m10:42:35.994367 [debug] [Thread-1 (]: Finished running node test.fmcg_sales.source_unique_raw_countries_CountryID.0bb87deb98
[0m10:42:35.995365 [debug] [Thread-1 (]: Began running node test.fmcg_sales.source_unique_raw_customers_CustomerID.33f6fa49af
[0m10:42:35.995365 [info ] [Thread-1 (]: 14 of 32 START test source_unique_raw_customers_CustomerID ..................... [RUN]
[0m10:42:35.996359 [debug] [Thread-1 (]: Re-using an available connection from the pool (formerly test.fmcg_sales.source_unique_raw_countries_CountryID.0bb87deb98, now test.fmcg_sales.source_unique_raw_customers_CustomerID.33f6fa49af)
[0m10:42:35.997360 [debug] [Thread-1 (]: Began compiling node test.fmcg_sales.source_unique_raw_customers_CustomerID.33f6fa49af
[0m10:42:35.999376 [debug] [Thread-1 (]: Writing injected SQL for node "test.fmcg_sales.source_unique_raw_customers_CustomerID.33f6fa49af"
[0m10:42:36.000359 [debug] [Thread-1 (]: Timing info for test.fmcg_sales.source_unique_raw_customers_CustomerID.33f6fa49af (compile): 10:42:35.997360 => 10:42:36.000359
[0m10:42:36.001364 [debug] [Thread-1 (]: Began executing node test.fmcg_sales.source_unique_raw_customers_CustomerID.33f6fa49af
[0m10:42:36.002386 [debug] [Thread-1 (]: Writing runtime sql for node "test.fmcg_sales.source_unique_raw_customers_CustomerID.33f6fa49af"
[0m10:42:36.003377 [debug] [Thread-1 (]: Using mysql connection "test.fmcg_sales.source_unique_raw_customers_CustomerID.33f6fa49af"
[0m10:42:36.003377 [debug] [Thread-1 (]: On test.fmcg_sales.source_unique_raw_customers_CustomerID.33f6fa49af: BEGIN
[0m10:42:36.004362 [debug] [Thread-1 (]: Opening a new connection, currently in state closed
[0m10:42:36.052363 [debug] [Thread-1 (]: SQL status: SUCCESS 0 in 0.0 seconds
[0m10:42:36.052363 [debug] [Thread-1 (]: Using mysql connection "test.fmcg_sales.source_unique_raw_customers_CustomerID.33f6fa49af"
[0m10:42:36.052363 [debug] [Thread-1 (]: On test.fmcg_sales.source_unique_raw_customers_CustomerID.33f6fa49af: /* {"app": "dbt", "dbt_version": "1.7.20", "profile_name": "fmcg_sales", "target_name": "dev", "node_id": "test.fmcg_sales.source_unique_raw_customers_CustomerID.33f6fa49af"} */
select
      count(*) as failures,
      case
        when count(*) <> 0 then 'true'
        else 'false'
      end as should_warn,
      case
        when count(*) <> 0 then 'true'
        else 'false'
      end as should_error
    from (
      
    
    

select
    CustomerID as unique_field,
    count(*) as n_records

from `sales_of_fmcg_stores`.`customers`
where CustomerID is not null
group by CustomerID
having count(*) > 1



      
    ) dbt_internal_test
[0m10:42:36.108888 [debug] [Thread-1 (]: SQL status: SUCCESS 1 in 0.0 seconds
[0m10:42:36.110906 [debug] [Thread-1 (]: Timing info for test.fmcg_sales.source_unique_raw_customers_CustomerID.33f6fa49af (execute): 10:42:36.001364 => 10:42:36.109922
[0m10:42:36.110906 [debug] [Thread-1 (]: On test.fmcg_sales.source_unique_raw_customers_CustomerID.33f6fa49af: ROLLBACK
[0m10:42:36.111914 [debug] [Thread-1 (]: On test.fmcg_sales.source_unique_raw_customers_CustomerID.33f6fa49af: Close
[0m10:42:36.111914 [info ] [Thread-1 (]: 14 of 32 PASS source_unique_raw_customers_CustomerID ........................... [[32mPASS[0m in 0.12s]
[0m10:42:36.112908 [debug] [Thread-1 (]: Finished running node test.fmcg_sales.source_unique_raw_customers_CustomerID.33f6fa49af
[0m10:42:36.112908 [debug] [Thread-1 (]: Began running node test.fmcg_sales.source_unique_raw_employees_EmployeeID.9f1f8ab223
[0m10:42:36.113890 [info ] [Thread-1 (]: 15 of 32 START test source_unique_raw_employees_EmployeeID ..................... [RUN]
[0m10:42:36.114891 [debug] [Thread-1 (]: Re-using an available connection from the pool (formerly test.fmcg_sales.source_unique_raw_customers_CustomerID.33f6fa49af, now test.fmcg_sales.source_unique_raw_employees_EmployeeID.9f1f8ab223)
[0m10:42:36.114891 [debug] [Thread-1 (]: Began compiling node test.fmcg_sales.source_unique_raw_employees_EmployeeID.9f1f8ab223
[0m10:42:36.117892 [debug] [Thread-1 (]: Writing injected SQL for node "test.fmcg_sales.source_unique_raw_employees_EmployeeID.9f1f8ab223"
[0m10:42:36.118896 [debug] [Thread-1 (]: Timing info for test.fmcg_sales.source_unique_raw_employees_EmployeeID.9f1f8ab223 (compile): 10:42:36.114891 => 10:42:36.118896
[0m10:42:36.119893 [debug] [Thread-1 (]: Began executing node test.fmcg_sales.source_unique_raw_employees_EmployeeID.9f1f8ab223
[0m10:42:36.120892 [debug] [Thread-1 (]: Writing runtime sql for node "test.fmcg_sales.source_unique_raw_employees_EmployeeID.9f1f8ab223"
[0m10:42:36.121892 [debug] [Thread-1 (]: Using mysql connection "test.fmcg_sales.source_unique_raw_employees_EmployeeID.9f1f8ab223"
[0m10:42:36.121892 [debug] [Thread-1 (]: On test.fmcg_sales.source_unique_raw_employees_EmployeeID.9f1f8ab223: BEGIN
[0m10:42:36.122893 [debug] [Thread-1 (]: Opening a new connection, currently in state closed
[0m10:42:36.166892 [debug] [Thread-1 (]: SQL status: SUCCESS 0 in 0.0 seconds
[0m10:42:36.167945 [debug] [Thread-1 (]: Using mysql connection "test.fmcg_sales.source_unique_raw_employees_EmployeeID.9f1f8ab223"
[0m10:42:36.167945 [debug] [Thread-1 (]: On test.fmcg_sales.source_unique_raw_employees_EmployeeID.9f1f8ab223: /* {"app": "dbt", "dbt_version": "1.7.20", "profile_name": "fmcg_sales", "target_name": "dev", "node_id": "test.fmcg_sales.source_unique_raw_employees_EmployeeID.9f1f8ab223"} */
select
      count(*) as failures,
      case
        when count(*) <> 0 then 'true'
        else 'false'
      end as should_warn,
      case
        when count(*) <> 0 then 'true'
        else 'false'
      end as should_error
    from (
      
    
    

select
    EmployeeID as unique_field,
    count(*) as n_records

from `sales_of_fmcg_stores`.`employees`
where EmployeeID is not null
group by EmployeeID
having count(*) > 1



      
    ) dbt_internal_test
[0m10:42:36.179891 [debug] [Thread-1 (]: SQL status: SUCCESS 1 in 0.0 seconds
[0m10:42:36.180890 [debug] [Thread-1 (]: Timing info for test.fmcg_sales.source_unique_raw_employees_EmployeeID.9f1f8ab223 (execute): 10:42:36.119893 => 10:42:36.180890
[0m10:42:36.180890 [debug] [Thread-1 (]: On test.fmcg_sales.source_unique_raw_employees_EmployeeID.9f1f8ab223: ROLLBACK
[0m10:42:36.181891 [debug] [Thread-1 (]: On test.fmcg_sales.source_unique_raw_employees_EmployeeID.9f1f8ab223: Close
[0m10:42:36.182918 [info ] [Thread-1 (]: 15 of 32 PASS source_unique_raw_employees_EmployeeID ........................... [[32mPASS[0m in 0.07s]
[0m10:42:36.183894 [debug] [Thread-1 (]: Finished running node test.fmcg_sales.source_unique_raw_employees_EmployeeID.9f1f8ab223
[0m10:42:36.183894 [debug] [Thread-1 (]: Began running node test.fmcg_sales.source_unique_raw_products_ProductID.1ada118eb2
[0m10:42:36.184892 [info ] [Thread-1 (]: 16 of 32 START test source_unique_raw_products_ProductID ....................... [RUN]
[0m10:42:36.185890 [debug] [Thread-1 (]: Re-using an available connection from the pool (formerly test.fmcg_sales.source_unique_raw_employees_EmployeeID.9f1f8ab223, now test.fmcg_sales.source_unique_raw_products_ProductID.1ada118eb2)
[0m10:42:36.185890 [debug] [Thread-1 (]: Began compiling node test.fmcg_sales.source_unique_raw_products_ProductID.1ada118eb2
[0m10:42:36.188924 [debug] [Thread-1 (]: Writing injected SQL for node "test.fmcg_sales.source_unique_raw_products_ProductID.1ada118eb2"
[0m10:42:36.189909 [debug] [Thread-1 (]: Timing info for test.fmcg_sales.source_unique_raw_products_ProductID.1ada118eb2 (compile): 10:42:36.185890 => 10:42:36.189909
[0m10:42:36.189909 [debug] [Thread-1 (]: Began executing node test.fmcg_sales.source_unique_raw_products_ProductID.1ada118eb2
[0m10:42:36.191889 [debug] [Thread-1 (]: Writing runtime sql for node "test.fmcg_sales.source_unique_raw_products_ProductID.1ada118eb2"
[0m10:42:36.192889 [debug] [Thread-1 (]: Using mysql connection "test.fmcg_sales.source_unique_raw_products_ProductID.1ada118eb2"
[0m10:42:36.192889 [debug] [Thread-1 (]: On test.fmcg_sales.source_unique_raw_products_ProductID.1ada118eb2: BEGIN
[0m10:42:36.192889 [debug] [Thread-1 (]: Opening a new connection, currently in state closed
[0m10:42:36.238889 [debug] [Thread-1 (]: SQL status: SUCCESS 0 in 0.0 seconds
[0m10:42:36.239898 [debug] [Thread-1 (]: Using mysql connection "test.fmcg_sales.source_unique_raw_products_ProductID.1ada118eb2"
[0m10:42:36.239898 [debug] [Thread-1 (]: On test.fmcg_sales.source_unique_raw_products_ProductID.1ada118eb2: /* {"app": "dbt", "dbt_version": "1.7.20", "profile_name": "fmcg_sales", "target_name": "dev", "node_id": "test.fmcg_sales.source_unique_raw_products_ProductID.1ada118eb2"} */
select
      count(*) as failures,
      case
        when count(*) <> 0 then 'true'
        else 'false'
      end as should_warn,
      case
        when count(*) <> 0 then 'true'
        else 'false'
      end as should_error
    from (
      
    
    

select
    ProductID as unique_field,
    count(*) as n_records

from `sales_of_fmcg_stores`.`products`
where ProductID is not null
group by ProductID
having count(*) > 1



      
    ) dbt_internal_test
[0m10:42:36.249892 [debug] [Thread-1 (]: SQL status: SUCCESS 1 in 0.0 seconds
[0m10:42:36.250922 [debug] [Thread-1 (]: Timing info for test.fmcg_sales.source_unique_raw_products_ProductID.1ada118eb2 (execute): 10:42:36.190909 => 10:42:36.250922
[0m10:42:36.251889 [debug] [Thread-1 (]: On test.fmcg_sales.source_unique_raw_products_ProductID.1ada118eb2: ROLLBACK
[0m10:42:36.251889 [debug] [Thread-1 (]: On test.fmcg_sales.source_unique_raw_products_ProductID.1ada118eb2: Close
[0m10:42:36.252906 [info ] [Thread-1 (]: 16 of 32 PASS source_unique_raw_products_ProductID ............................. [[32mPASS[0m in 0.07s]
[0m10:42:36.253909 [debug] [Thread-1 (]: Finished running node test.fmcg_sales.source_unique_raw_products_ProductID.1ada118eb2
[0m10:42:36.253909 [debug] [Thread-1 (]: Began running node test.fmcg_sales.source_unique_raw_sales_SalesID.c0a2356cf2
[0m10:42:36.254898 [info ] [Thread-1 (]: 17 of 32 START test source_unique_raw_sales_SalesID ............................ [RUN]
[0m10:42:36.255892 [debug] [Thread-1 (]: Re-using an available connection from the pool (formerly test.fmcg_sales.source_unique_raw_products_ProductID.1ada118eb2, now test.fmcg_sales.source_unique_raw_sales_SalesID.c0a2356cf2)
[0m10:42:36.256896 [debug] [Thread-1 (]: Began compiling node test.fmcg_sales.source_unique_raw_sales_SalesID.c0a2356cf2
[0m10:42:36.259895 [debug] [Thread-1 (]: Writing injected SQL for node "test.fmcg_sales.source_unique_raw_sales_SalesID.c0a2356cf2"
[0m10:42:36.260899 [debug] [Thread-1 (]: Timing info for test.fmcg_sales.source_unique_raw_sales_SalesID.c0a2356cf2 (compile): 10:42:36.256896 => 10:42:36.259895
[0m10:42:36.261895 [debug] [Thread-1 (]: Began executing node test.fmcg_sales.source_unique_raw_sales_SalesID.c0a2356cf2
[0m10:42:36.263892 [debug] [Thread-1 (]: Writing runtime sql for node "test.fmcg_sales.source_unique_raw_sales_SalesID.c0a2356cf2"
[0m10:42:36.264892 [debug] [Thread-1 (]: Using mysql connection "test.fmcg_sales.source_unique_raw_sales_SalesID.c0a2356cf2"
[0m10:42:36.264892 [debug] [Thread-1 (]: On test.fmcg_sales.source_unique_raw_sales_SalesID.c0a2356cf2: BEGIN
[0m10:42:36.265895 [debug] [Thread-1 (]: Opening a new connection, currently in state closed
[0m10:42:36.314892 [debug] [Thread-1 (]: SQL status: SUCCESS 0 in 0.0 seconds
[0m10:42:36.314892 [debug] [Thread-1 (]: Using mysql connection "test.fmcg_sales.source_unique_raw_sales_SalesID.c0a2356cf2"
[0m10:42:36.315889 [debug] [Thread-1 (]: On test.fmcg_sales.source_unique_raw_sales_SalesID.c0a2356cf2: /* {"app": "dbt", "dbt_version": "1.7.20", "profile_name": "fmcg_sales", "target_name": "dev", "node_id": "test.fmcg_sales.source_unique_raw_sales_SalesID.c0a2356cf2"} */
select
      count(*) as failures,
      case
        when count(*) <> 0 then 'true'
        else 'false'
      end as should_warn,
      case
        when count(*) <> 0 then 'true'
        else 'false'
      end as should_error
    from (
      
    
    

select
    SalesID as unique_field,
    count(*) as n_records

from `sales_of_fmcg_stores`.`sales`
where SalesID is not null
group by SalesID
having count(*) > 1



      
    ) dbt_internal_test
[0m10:42:47.946831 [debug] [Thread-1 (]: SQL status: SUCCESS 1 in 12.0 seconds
[0m10:42:47.948875 [debug] [Thread-1 (]: Timing info for test.fmcg_sales.source_unique_raw_sales_SalesID.c0a2356cf2 (execute): 10:42:36.261895 => 10:42:47.948875
[0m10:42:47.949874 [debug] [Thread-1 (]: On test.fmcg_sales.source_unique_raw_sales_SalesID.c0a2356cf2: ROLLBACK
[0m10:42:47.950875 [debug] [Thread-1 (]: On test.fmcg_sales.source_unique_raw_sales_SalesID.c0a2356cf2: Close
[0m10:42:47.952841 [info ] [Thread-1 (]: 17 of 32 PASS source_unique_raw_sales_SalesID .................................. [[32mPASS[0m in 11.70s]
[0m10:42:47.953882 [debug] [Thread-1 (]: Finished running node test.fmcg_sales.source_unique_raw_sales_SalesID.c0a2356cf2
[0m10:42:47.954873 [debug] [Thread-1 (]: Began running node model.fmcg_sales.stg_categories
[0m10:42:47.955829 [info ] [Thread-1 (]: 18 of 32 START sql view model sales_of_fmcg_stores.stg_categories .............. [RUN]
[0m10:42:47.957882 [debug] [Thread-1 (]: Re-using an available connection from the pool (formerly test.fmcg_sales.source_unique_raw_sales_SalesID.c0a2356cf2, now model.fmcg_sales.stg_categories)
[0m10:42:47.958878 [debug] [Thread-1 (]: Began compiling node model.fmcg_sales.stg_categories
[0m10:42:47.962875 [debug] [Thread-1 (]: Writing injected SQL for node "model.fmcg_sales.stg_categories"
[0m10:42:47.965792 [debug] [Thread-1 (]: Timing info for model.fmcg_sales.stg_categories (compile): 10:42:47.959875 => 10:42:47.964794
[0m10:42:47.965792 [debug] [Thread-1 (]: Began executing node model.fmcg_sales.stg_categories
[0m10:42:47.995875 [debug] [Thread-1 (]: Writing runtime sql for node "model.fmcg_sales.stg_categories"
[0m10:42:47.997790 [debug] [Thread-1 (]: Using mysql connection "model.fmcg_sales.stg_categories"
[0m10:42:47.997790 [debug] [Thread-1 (]: On model.fmcg_sales.stg_categories: BEGIN
[0m10:42:47.998830 [debug] [Thread-1 (]: Opening a new connection, currently in state closed
[0m10:42:48.042036 [debug] [Thread-1 (]: SQL status: SUCCESS 0 in 0.0 seconds
[0m10:42:48.042036 [debug] [Thread-1 (]: Using mysql connection "model.fmcg_sales.stg_categories"
[0m10:42:48.042036 [debug] [Thread-1 (]: On model.fmcg_sales.stg_categories: /* {"app": "dbt", "dbt_version": "1.7.20", "profile_name": "fmcg_sales", "target_name": "dev", "node_id": "model.fmcg_sales.stg_categories"} */

  create view `sales_of_fmcg_stores`.`stg_categories__dbt_tmp`
    
    
  as (
    select
    CategoryID,
    CategoryName
from `sales_of_fmcg_stores`.`categories`
  );
[0m10:42:48.051882 [debug] [Thread-1 (]: SQL status: SUCCESS 0 in 0.0 seconds
[0m10:42:48.055906 [debug] [Thread-1 (]: Using mysql connection "model.fmcg_sales.stg_categories"
[0m10:42:48.056897 [debug] [Thread-1 (]: On model.fmcg_sales.stg_categories: /* {"app": "dbt", "dbt_version": "1.7.20", "profile_name": "fmcg_sales", "target_name": "dev", "node_id": "model.fmcg_sales.stg_categories"} */

    drop view if exists `sales_of_fmcg_stores`.`stg_categories` cascade
  
[0m10:42:48.058883 [debug] [Thread-1 (]: SQL status: SUCCESS 0 in 0.0 seconds
[0m10:42:48.059898 [debug] [Thread-1 (]: Using mysql connection "model.fmcg_sales.stg_categories"
[0m10:42:48.059898 [debug] [Thread-1 (]: On model.fmcg_sales.stg_categories: /* {"app": "dbt", "dbt_version": "1.7.20", "profile_name": "fmcg_sales", "target_name": "dev", "node_id": "model.fmcg_sales.stg_categories"} */

    rename table `sales_of_fmcg_stores`.`stg_categories__dbt_tmp` to `sales_of_fmcg_stores`.`stg_categories`
  
[0m10:42:48.065571 [debug] [Thread-1 (]: SQL status: SUCCESS 0 in 0.0 seconds
[0m10:42:48.075594 [debug] [Thread-1 (]: On model.fmcg_sales.stg_categories: COMMIT
[0m10:42:48.075594 [debug] [Thread-1 (]: Using mysql connection "model.fmcg_sales.stg_categories"
[0m10:42:48.076591 [debug] [Thread-1 (]: On model.fmcg_sales.stg_categories: COMMIT
[0m10:42:48.077689 [debug] [Thread-1 (]: SQL status: SUCCESS 0 in 0.0 seconds
[0m10:42:48.080674 [debug] [Thread-1 (]: Using mysql connection "model.fmcg_sales.stg_categories"
[0m10:42:48.080674 [debug] [Thread-1 (]: On model.fmcg_sales.stg_categories: /* {"app": "dbt", "dbt_version": "1.7.20", "profile_name": "fmcg_sales", "target_name": "dev", "node_id": "model.fmcg_sales.stg_categories"} */
drop view if exists `sales_of_fmcg_stores`.`stg_categories__dbt_backup`
[0m10:42:48.082991 [debug] [Thread-1 (]: SQL status: SUCCESS 0 in 0.0 seconds
[0m10:42:48.084104 [debug] [Thread-1 (]: Timing info for model.fmcg_sales.stg_categories (execute): 10:42:47.966830 => 10:42:48.084104
[0m10:42:48.084104 [debug] [Thread-1 (]: On model.fmcg_sales.stg_categories: Close
[0m10:42:48.085020 [debug] [Thread-1 (]: Sending event: {'category': 'dbt', 'action': 'run_model', 'label': '1f8ec2a3-fe57-4c7b-ac8f-3451f1857e3d', 'context': [<snowplow_tracker.self_describing_json.SelfDescribingJson object at 0x0000027090293E90>]}
[0m10:42:48.085020 [info ] [Thread-1 (]: 18 of 32 OK created sql view model sales_of_fmcg_stores.stg_categories ......... [[32mSUCCESS 0[0m in 0.13s]
[0m10:42:48.086070 [debug] [Thread-1 (]: Finished running node model.fmcg_sales.stg_categories
[0m10:42:48.086070 [debug] [Thread-1 (]: Began running node model.fmcg_sales.stg_cities
[0m10:42:48.086070 [info ] [Thread-1 (]: 19 of 32 START sql view model sales_of_fmcg_stores.stg_cities .................. [RUN]
[0m10:42:48.088095 [debug] [Thread-1 (]: Re-using an available connection from the pool (formerly model.fmcg_sales.stg_categories, now model.fmcg_sales.stg_cities)
[0m10:42:48.088095 [debug] [Thread-1 (]: Began compiling node model.fmcg_sales.stg_cities
[0m10:42:48.090014 [debug] [Thread-1 (]: Writing injected SQL for node "model.fmcg_sales.stg_cities"
[0m10:42:48.090999 [debug] [Thread-1 (]: Timing info for model.fmcg_sales.stg_cities (compile): 10:42:48.088095 => 10:42:48.090014
[0m10:42:48.090999 [debug] [Thread-1 (]: Began executing node model.fmcg_sales.stg_cities
[0m10:42:48.094117 [debug] [Thread-1 (]: Writing runtime sql for node "model.fmcg_sales.stg_cities"
[0m10:42:48.097013 [debug] [Thread-1 (]: Using mysql connection "model.fmcg_sales.stg_cities"
[0m10:42:48.097013 [debug] [Thread-1 (]: On model.fmcg_sales.stg_cities: BEGIN
[0m10:42:48.098000 [debug] [Thread-1 (]: Opening a new connection, currently in state closed
[0m10:42:48.143001 [debug] [Thread-1 (]: SQL status: SUCCESS 0 in 0.0 seconds
[0m10:42:48.143001 [debug] [Thread-1 (]: Using mysql connection "model.fmcg_sales.stg_cities"
[0m10:42:48.144001 [debug] [Thread-1 (]: On model.fmcg_sales.stg_cities: /* {"app": "dbt", "dbt_version": "1.7.20", "profile_name": "fmcg_sales", "target_name": "dev", "node_id": "model.fmcg_sales.stg_cities"} */

  create view `sales_of_fmcg_stores`.`stg_cities__dbt_tmp`
    
    
  as (
    select
    CityID,
    CityName,
    CountryID
from `sales_of_fmcg_stores`.`cities`
  );
[0m10:42:48.191461 [debug] [Thread-1 (]: SQL status: SUCCESS 0 in 0.0 seconds
[0m10:42:48.193465 [debug] [Thread-1 (]: Using mysql connection "model.fmcg_sales.stg_cities"
[0m10:42:48.194463 [debug] [Thread-1 (]: On model.fmcg_sales.stg_cities: /* {"app": "dbt", "dbt_version": "1.7.20", "profile_name": "fmcg_sales", "target_name": "dev", "node_id": "model.fmcg_sales.stg_cities"} */

    drop view if exists `sales_of_fmcg_stores`.`stg_cities` cascade
  
[0m10:42:48.196308 [debug] [Thread-1 (]: SQL status: SUCCESS 0 in 0.0 seconds
[0m10:42:48.197424 [debug] [Thread-1 (]: Using mysql connection "model.fmcg_sales.stg_cities"
[0m10:42:48.197424 [debug] [Thread-1 (]: On model.fmcg_sales.stg_cities: /* {"app": "dbt", "dbt_version": "1.7.20", "profile_name": "fmcg_sales", "target_name": "dev", "node_id": "model.fmcg_sales.stg_cities"} */

    rename table `sales_of_fmcg_stores`.`stg_cities__dbt_tmp` to `sales_of_fmcg_stores`.`stg_cities`
  
[0m10:42:48.203316 [debug] [Thread-1 (]: SQL status: SUCCESS 0 in 0.0 seconds
[0m10:42:48.204317 [debug] [Thread-1 (]: On model.fmcg_sales.stg_cities: COMMIT
[0m10:42:48.205318 [debug] [Thread-1 (]: Using mysql connection "model.fmcg_sales.stg_cities"
[0m10:42:48.205318 [debug] [Thread-1 (]: On model.fmcg_sales.stg_cities: COMMIT
[0m10:42:48.206316 [debug] [Thread-1 (]: SQL status: SUCCESS 0 in 0.0 seconds
[0m10:42:48.208318 [debug] [Thread-1 (]: Using mysql connection "model.fmcg_sales.stg_cities"
[0m10:42:48.208318 [debug] [Thread-1 (]: On model.fmcg_sales.stg_cities: /* {"app": "dbt", "dbt_version": "1.7.20", "profile_name": "fmcg_sales", "target_name": "dev", "node_id": "model.fmcg_sales.stg_cities"} */
drop view if exists `sales_of_fmcg_stores`.`stg_cities__dbt_backup`
[0m10:42:48.210380 [debug] [Thread-1 (]: SQL status: SUCCESS 0 in 0.0 seconds
[0m10:42:48.211316 [debug] [Thread-1 (]: Timing info for model.fmcg_sales.stg_cities (execute): 10:42:48.090999 => 10:42:48.211316
[0m10:42:48.211316 [debug] [Thread-1 (]: On model.fmcg_sales.stg_cities: Close
[0m10:42:48.212315 [debug] [Thread-1 (]: Sending event: {'category': 'dbt', 'action': 'run_model', 'label': '1f8ec2a3-fe57-4c7b-ac8f-3451f1857e3d', 'context': [<snowplow_tracker.self_describing_json.SelfDescribingJson object at 0x000002709025CD40>]}
[0m10:42:48.212315 [info ] [Thread-1 (]: 19 of 32 OK created sql view model sales_of_fmcg_stores.stg_cities ............. [[32mSUCCESS 0[0m in 0.13s]
[0m10:42:48.213315 [debug] [Thread-1 (]: Finished running node model.fmcg_sales.stg_cities
[0m10:42:48.213315 [debug] [Thread-1 (]: Began running node model.fmcg_sales.stg_countries
[0m10:42:48.213315 [info ] [Thread-1 (]: 20 of 32 START sql view model sales_of_fmcg_stores.stg_countries ............... [RUN]
[0m10:42:48.214315 [debug] [Thread-1 (]: Re-using an available connection from the pool (formerly model.fmcg_sales.stg_cities, now model.fmcg_sales.stg_countries)
[0m10:42:48.215412 [debug] [Thread-1 (]: Began compiling node model.fmcg_sales.stg_countries
[0m10:42:48.216407 [debug] [Thread-1 (]: Writing injected SQL for node "model.fmcg_sales.stg_countries"
[0m10:42:48.218321 [debug] [Thread-1 (]: Timing info for model.fmcg_sales.stg_countries (compile): 10:42:48.215412 => 10:42:48.217407
[0m10:42:48.218321 [debug] [Thread-1 (]: Began executing node model.fmcg_sales.stg_countries
[0m10:42:48.221318 [debug] [Thread-1 (]: Writing runtime sql for node "model.fmcg_sales.stg_countries"
[0m10:42:48.222321 [debug] [Thread-1 (]: Using mysql connection "model.fmcg_sales.stg_countries"
[0m10:42:48.222321 [debug] [Thread-1 (]: On model.fmcg_sales.stg_countries: BEGIN
[0m10:42:48.222321 [debug] [Thread-1 (]: Opening a new connection, currently in state closed
[0m10:42:48.269318 [debug] [Thread-1 (]: SQL status: SUCCESS 0 in 0.0 seconds
[0m10:42:48.270321 [debug] [Thread-1 (]: Using mysql connection "model.fmcg_sales.stg_countries"
[0m10:42:48.270321 [debug] [Thread-1 (]: On model.fmcg_sales.stg_countries: /* {"app": "dbt", "dbt_version": "1.7.20", "profile_name": "fmcg_sales", "target_name": "dev", "node_id": "model.fmcg_sales.stg_countries"} */

  create view `sales_of_fmcg_stores`.`stg_countries__dbt_tmp`
    
    
  as (
    select
    CountryID,
    CountryName
from `sales_of_fmcg_stores`.`countries`
  );
[0m10:42:48.275319 [debug] [Thread-1 (]: SQL status: SUCCESS 0 in 0.0 seconds
[0m10:42:48.277317 [debug] [Thread-1 (]: Using mysql connection "model.fmcg_sales.stg_countries"
[0m10:42:48.277317 [debug] [Thread-1 (]: On model.fmcg_sales.stg_countries: /* {"app": "dbt", "dbt_version": "1.7.20", "profile_name": "fmcg_sales", "target_name": "dev", "node_id": "model.fmcg_sales.stg_countries"} */

    drop view if exists `sales_of_fmcg_stores`.`stg_countries` cascade
  
[0m10:42:48.279366 [debug] [Thread-1 (]: SQL status: SUCCESS 0 in 0.0 seconds
[0m10:42:48.280412 [debug] [Thread-1 (]: Using mysql connection "model.fmcg_sales.stg_countries"
[0m10:42:48.280412 [debug] [Thread-1 (]: On model.fmcg_sales.stg_countries: /* {"app": "dbt", "dbt_version": "1.7.20", "profile_name": "fmcg_sales", "target_name": "dev", "node_id": "model.fmcg_sales.stg_countries"} */

    rename table `sales_of_fmcg_stores`.`stg_countries__dbt_tmp` to `sales_of_fmcg_stores`.`stg_countries`
  
[0m10:42:48.286317 [debug] [Thread-1 (]: SQL status: SUCCESS 0 in 0.0 seconds
[0m10:42:48.287315 [debug] [Thread-1 (]: On model.fmcg_sales.stg_countries: COMMIT
[0m10:42:48.288326 [debug] [Thread-1 (]: Using mysql connection "model.fmcg_sales.stg_countries"
[0m10:42:48.288326 [debug] [Thread-1 (]: On model.fmcg_sales.stg_countries: COMMIT
[0m10:42:48.289316 [debug] [Thread-1 (]: SQL status: SUCCESS 0 in 0.0 seconds
[0m10:42:48.292333 [debug] [Thread-1 (]: Using mysql connection "model.fmcg_sales.stg_countries"
[0m10:42:48.292333 [debug] [Thread-1 (]: On model.fmcg_sales.stg_countries: /* {"app": "dbt", "dbt_version": "1.7.20", "profile_name": "fmcg_sales", "target_name": "dev", "node_id": "model.fmcg_sales.stg_countries"} */
drop view if exists `sales_of_fmcg_stores`.`stg_countries__dbt_backup`
[0m10:42:48.294332 [debug] [Thread-1 (]: SQL status: SUCCESS 0 in 0.0 seconds
[0m10:42:48.296323 [debug] [Thread-1 (]: Timing info for model.fmcg_sales.stg_countries (execute): 10:42:48.218321 => 10:42:48.295320
[0m10:42:48.296323 [debug] [Thread-1 (]: On model.fmcg_sales.stg_countries: Close
[0m10:42:48.297321 [debug] [Thread-1 (]: Sending event: {'category': 'dbt', 'action': 'run_model', 'label': '1f8ec2a3-fe57-4c7b-ac8f-3451f1857e3d', 'context': [<snowplow_tracker.self_describing_json.SelfDescribingJson object at 0x0000027090262180>]}
[0m10:42:48.297321 [info ] [Thread-1 (]: 20 of 32 OK created sql view model sales_of_fmcg_stores.stg_countries .......... [[32mSUCCESS 0[0m in 0.08s]
[0m10:42:48.298323 [debug] [Thread-1 (]: Finished running node model.fmcg_sales.stg_countries
[0m10:42:48.298323 [debug] [Thread-1 (]: Began running node model.fmcg_sales.stg_customers
[0m10:42:48.299344 [info ] [Thread-1 (]: 21 of 32 START sql view model sales_of_fmcg_stores.stg_customers ............... [RUN]
[0m10:42:48.300315 [debug] [Thread-1 (]: Re-using an available connection from the pool (formerly model.fmcg_sales.stg_countries, now model.fmcg_sales.stg_customers)
[0m10:42:48.301333 [debug] [Thread-1 (]: Began compiling node model.fmcg_sales.stg_customers
[0m10:42:48.303340 [debug] [Thread-1 (]: Writing injected SQL for node "model.fmcg_sales.stg_customers"
[0m10:42:48.304316 [debug] [Thread-1 (]: Timing info for model.fmcg_sales.stg_customers (compile): 10:42:48.301333 => 10:42:48.303340
[0m10:42:48.304316 [debug] [Thread-1 (]: Began executing node model.fmcg_sales.stg_customers
[0m10:42:48.307336 [debug] [Thread-1 (]: Writing runtime sql for node "model.fmcg_sales.stg_customers"
[0m10:42:48.308419 [debug] [Thread-1 (]: Using mysql connection "model.fmcg_sales.stg_customers"
[0m10:42:48.309316 [debug] [Thread-1 (]: On model.fmcg_sales.stg_customers: BEGIN
[0m10:42:48.310338 [debug] [Thread-1 (]: Opening a new connection, currently in state closed
[0m10:42:48.356318 [debug] [Thread-1 (]: SQL status: SUCCESS 0 in 0.0 seconds
[0m10:42:48.356318 [debug] [Thread-1 (]: Using mysql connection "model.fmcg_sales.stg_customers"
[0m10:42:48.357320 [debug] [Thread-1 (]: On model.fmcg_sales.stg_customers: /* {"app": "dbt", "dbt_version": "1.7.20", "profile_name": "fmcg_sales", "target_name": "dev", "node_id": "model.fmcg_sales.stg_customers"} */

  create view `sales_of_fmcg_stores`.`stg_customers__dbt_tmp`
    
    
  as (
    select
    CustomerID,
    FirstName,
    MiddleInitial,
    LastName,
    CityID,
    Address
from `sales_of_fmcg_stores`.`customers`
  );
[0m10:42:48.362366 [debug] [Thread-1 (]: SQL status: SUCCESS 0 in 0.0 seconds
[0m10:42:48.365315 [debug] [Thread-1 (]: Using mysql connection "model.fmcg_sales.stg_customers"
[0m10:42:48.365315 [debug] [Thread-1 (]: On model.fmcg_sales.stg_customers: /* {"app": "dbt", "dbt_version": "1.7.20", "profile_name": "fmcg_sales", "target_name": "dev", "node_id": "model.fmcg_sales.stg_customers"} */

    drop view if exists `sales_of_fmcg_stores`.`stg_customers` cascade
  
[0m10:42:48.367313 [debug] [Thread-1 (]: SQL status: SUCCESS 0 in 0.0 seconds
[0m10:42:48.368316 [debug] [Thread-1 (]: Using mysql connection "model.fmcg_sales.stg_customers"
[0m10:42:48.369316 [debug] [Thread-1 (]: On model.fmcg_sales.stg_customers: /* {"app": "dbt", "dbt_version": "1.7.20", "profile_name": "fmcg_sales", "target_name": "dev", "node_id": "model.fmcg_sales.stg_customers"} */

    rename table `sales_of_fmcg_stores`.`stg_customers__dbt_tmp` to `sales_of_fmcg_stores`.`stg_customers`
  
[0m10:42:48.373314 [debug] [Thread-1 (]: SQL status: SUCCESS 0 in 0.0 seconds
[0m10:42:48.375340 [debug] [Thread-1 (]: On model.fmcg_sales.stg_customers: COMMIT
[0m10:42:48.375340 [debug] [Thread-1 (]: Using mysql connection "model.fmcg_sales.stg_customers"
[0m10:42:48.375340 [debug] [Thread-1 (]: On model.fmcg_sales.stg_customers: COMMIT
[0m10:42:48.376331 [debug] [Thread-1 (]: SQL status: SUCCESS 0 in 0.0 seconds
[0m10:42:48.379330 [debug] [Thread-1 (]: Using mysql connection "model.fmcg_sales.stg_customers"
[0m10:42:48.379330 [debug] [Thread-1 (]: On model.fmcg_sales.stg_customers: /* {"app": "dbt", "dbt_version": "1.7.20", "profile_name": "fmcg_sales", "target_name": "dev", "node_id": "model.fmcg_sales.stg_customers"} */
drop view if exists `sales_of_fmcg_stores`.`stg_customers__dbt_backup`
[0m10:42:48.380330 [debug] [Thread-1 (]: SQL status: SUCCESS 0 in 0.0 seconds
[0m10:42:48.382331 [debug] [Thread-1 (]: Timing info for model.fmcg_sales.stg_customers (execute): 10:42:48.305341 => 10:42:48.381315
[0m10:42:48.382331 [debug] [Thread-1 (]: On model.fmcg_sales.stg_customers: Close
[0m10:42:48.383314 [debug] [Thread-1 (]: Sending event: {'category': 'dbt', 'action': 'run_model', 'label': '1f8ec2a3-fe57-4c7b-ac8f-3451f1857e3d', 'context': [<snowplow_tracker.self_describing_json.SelfDescribingJson object at 0x000002708FE7F170>]}
[0m10:42:48.383314 [info ] [Thread-1 (]: 21 of 32 OK created sql view model sales_of_fmcg_stores.stg_customers .......... [[32mSUCCESS 0[0m in 0.08s]
[0m10:42:48.384316 [debug] [Thread-1 (]: Finished running node model.fmcg_sales.stg_customers
[0m10:42:48.384316 [debug] [Thread-1 (]: Began running node model.fmcg_sales.stg_employees
[0m10:42:48.385318 [info ] [Thread-1 (]: 22 of 32 START sql view model sales_of_fmcg_stores.stg_employees ............... [RUN]
[0m10:42:48.386317 [debug] [Thread-1 (]: Re-using an available connection from the pool (formerly model.fmcg_sales.stg_customers, now model.fmcg_sales.stg_employees)
[0m10:42:48.386317 [debug] [Thread-1 (]: Began compiling node model.fmcg_sales.stg_employees
[0m10:42:48.388329 [debug] [Thread-1 (]: Writing injected SQL for node "model.fmcg_sales.stg_employees"
[0m10:42:48.389314 [debug] [Thread-1 (]: Timing info for model.fmcg_sales.stg_employees (compile): 10:42:48.386317 => 10:42:48.389314
[0m10:42:48.390340 [debug] [Thread-1 (]: Began executing node model.fmcg_sales.stg_employees
[0m10:42:48.394319 [debug] [Thread-1 (]: Writing runtime sql for node "model.fmcg_sales.stg_employees"
[0m10:42:48.396323 [debug] [Thread-1 (]: Using mysql connection "model.fmcg_sales.stg_employees"
[0m10:42:48.397320 [debug] [Thread-1 (]: On model.fmcg_sales.stg_employees: BEGIN
[0m10:42:48.398320 [debug] [Thread-1 (]: Opening a new connection, currently in state closed
[0m10:42:48.446317 [debug] [Thread-1 (]: SQL status: SUCCESS 0 in 0.0 seconds
[0m10:42:48.446317 [debug] [Thread-1 (]: Using mysql connection "model.fmcg_sales.stg_employees"
[0m10:42:48.446317 [debug] [Thread-1 (]: On model.fmcg_sales.stg_employees: /* {"app": "dbt", "dbt_version": "1.7.20", "profile_name": "fmcg_sales", "target_name": "dev", "node_id": "model.fmcg_sales.stg_employees"} */

  create view `sales_of_fmcg_stores`.`stg_employees__dbt_tmp`
    
    
  as (
    select
    EmployeeID,
    FirstName,
    LastName
from `sales_of_fmcg_stores`.`employees`
  );
[0m10:42:48.452422 [debug] [Thread-1 (]: SQL status: SUCCESS 0 in 0.0 seconds
[0m10:42:48.455359 [debug] [Thread-1 (]: Using mysql connection "model.fmcg_sales.stg_employees"
[0m10:42:48.455359 [debug] [Thread-1 (]: On model.fmcg_sales.stg_employees: /* {"app": "dbt", "dbt_version": "1.7.20", "profile_name": "fmcg_sales", "target_name": "dev", "node_id": "model.fmcg_sales.stg_employees"} */

    drop view if exists `sales_of_fmcg_stores`.`stg_employees` cascade
  
[0m10:42:48.458420 [debug] [Thread-1 (]: SQL status: SUCCESS 0 in 0.0 seconds
[0m10:42:48.459416 [debug] [Thread-1 (]: Using mysql connection "model.fmcg_sales.stg_employees"
[0m10:42:48.459416 [debug] [Thread-1 (]: On model.fmcg_sales.stg_employees: /* {"app": "dbt", "dbt_version": "1.7.20", "profile_name": "fmcg_sales", "target_name": "dev", "node_id": "model.fmcg_sales.stg_employees"} */

    rename table `sales_of_fmcg_stores`.`stg_employees__dbt_tmp` to `sales_of_fmcg_stores`.`stg_employees`
  
[0m10:42:48.464317 [debug] [Thread-1 (]: SQL status: SUCCESS 0 in 0.0 seconds
[0m10:42:48.465412 [debug] [Thread-1 (]: On model.fmcg_sales.stg_employees: COMMIT
[0m10:42:48.465412 [debug] [Thread-1 (]: Using mysql connection "model.fmcg_sales.stg_employees"
[0m10:42:48.465412 [debug] [Thread-1 (]: On model.fmcg_sales.stg_employees: COMMIT
[0m10:42:48.466414 [debug] [Thread-1 (]: SQL status: SUCCESS 0 in 0.0 seconds
[0m10:42:48.468416 [debug] [Thread-1 (]: Using mysql connection "model.fmcg_sales.stg_employees"
[0m10:42:48.468416 [debug] [Thread-1 (]: On model.fmcg_sales.stg_employees: /* {"app": "dbt", "dbt_version": "1.7.20", "profile_name": "fmcg_sales", "target_name": "dev", "node_id": "model.fmcg_sales.stg_employees"} */
drop view if exists `sales_of_fmcg_stores`.`stg_employees__dbt_backup`
[0m10:42:48.470414 [debug] [Thread-1 (]: SQL status: SUCCESS 0 in 0.0 seconds
[0m10:42:48.471417 [debug] [Thread-1 (]: Timing info for model.fmcg_sales.stg_employees (execute): 10:42:48.390340 => 10:42:48.471417
[0m10:42:48.471417 [debug] [Thread-1 (]: On model.fmcg_sales.stg_employees: Close
[0m10:42:48.472422 [debug] [Thread-1 (]: Sending event: {'category': 'dbt', 'action': 'run_model', 'label': '1f8ec2a3-fe57-4c7b-ac8f-3451f1857e3d', 'context': [<snowplow_tracker.self_describing_json.SelfDescribingJson object at 0x000002708FE7D820>]}
[0m10:42:48.473421 [info ] [Thread-1 (]: 22 of 32 OK created sql view model sales_of_fmcg_stores.stg_employees .......... [[32mSUCCESS 0[0m in 0.09s]
[0m10:42:48.473421 [debug] [Thread-1 (]: Finished running node model.fmcg_sales.stg_employees
[0m10:42:48.474316 [debug] [Thread-1 (]: Began running node model.fmcg_sales.stg_products
[0m10:42:48.474316 [info ] [Thread-1 (]: 23 of 32 START sql view model sales_of_fmcg_stores.stg_products ................ [RUN]
[0m10:42:48.475320 [debug] [Thread-1 (]: Re-using an available connection from the pool (formerly model.fmcg_sales.stg_employees, now model.fmcg_sales.stg_products)
[0m10:42:48.475320 [debug] [Thread-1 (]: Began compiling node model.fmcg_sales.stg_products
[0m10:42:48.477421 [debug] [Thread-1 (]: Writing injected SQL for node "model.fmcg_sales.stg_products"
[0m10:42:48.478435 [debug] [Thread-1 (]: Timing info for model.fmcg_sales.stg_products (compile): 10:42:48.475320 => 10:42:48.478435
[0m10:42:48.478435 [debug] [Thread-1 (]: Began executing node model.fmcg_sales.stg_products
[0m10:42:48.481414 [debug] [Thread-1 (]: Writing runtime sql for node "model.fmcg_sales.stg_products"
[0m10:42:48.482413 [debug] [Thread-1 (]: Using mysql connection "model.fmcg_sales.stg_products"
[0m10:42:48.482413 [debug] [Thread-1 (]: On model.fmcg_sales.stg_products: BEGIN
[0m10:42:48.483354 [debug] [Thread-1 (]: Opening a new connection, currently in state closed
[0m10:42:48.531317 [debug] [Thread-1 (]: SQL status: SUCCESS 0 in 0.0 seconds
[0m10:42:48.531317 [debug] [Thread-1 (]: Using mysql connection "model.fmcg_sales.stg_products"
[0m10:42:48.531317 [debug] [Thread-1 (]: On model.fmcg_sales.stg_products: /* {"app": "dbt", "dbt_version": "1.7.20", "profile_name": "fmcg_sales", "target_name": "dev", "node_id": "model.fmcg_sales.stg_products"} */

  create view `sales_of_fmcg_stores`.`stg_products__dbt_tmp`
    
    
  as (
    select
    ProductID,
    ProductName,
    CategoryID,
    Class,
    Price
from `sales_of_fmcg_stores`.`products`
  );
[0m10:42:48.535319 [debug] [Thread-1 (]: SQL status: SUCCESS 0 in 0.0 seconds
[0m10:42:48.538320 [debug] [Thread-1 (]: Using mysql connection "model.fmcg_sales.stg_products"
[0m10:42:48.538320 [debug] [Thread-1 (]: On model.fmcg_sales.stg_products: /* {"app": "dbt", "dbt_version": "1.7.20", "profile_name": "fmcg_sales", "target_name": "dev", "node_id": "model.fmcg_sales.stg_products"} */

    drop view if exists `sales_of_fmcg_stores`.`stg_products` cascade
  
[0m10:42:48.540371 [debug] [Thread-1 (]: SQL status: SUCCESS 0 in 0.0 seconds
[0m10:42:48.541314 [debug] [Thread-1 (]: Using mysql connection "model.fmcg_sales.stg_products"
[0m10:42:48.541314 [debug] [Thread-1 (]: On model.fmcg_sales.stg_products: /* {"app": "dbt", "dbt_version": "1.7.20", "profile_name": "fmcg_sales", "target_name": "dev", "node_id": "model.fmcg_sales.stg_products"} */

    rename table `sales_of_fmcg_stores`.`stg_products__dbt_tmp` to `sales_of_fmcg_stores`.`stg_products`
  
[0m10:42:48.546315 [debug] [Thread-1 (]: SQL status: SUCCESS 0 in 0.0 seconds
[0m10:42:48.547315 [debug] [Thread-1 (]: On model.fmcg_sales.stg_products: COMMIT
[0m10:42:48.548313 [debug] [Thread-1 (]: Using mysql connection "model.fmcg_sales.stg_products"
[0m10:42:48.548313 [debug] [Thread-1 (]: On model.fmcg_sales.stg_products: COMMIT
[0m10:42:48.549314 [debug] [Thread-1 (]: SQL status: SUCCESS 0 in 0.0 seconds
[0m10:42:48.550321 [debug] [Thread-1 (]: Using mysql connection "model.fmcg_sales.stg_products"
[0m10:42:48.552319 [debug] [Thread-1 (]: On model.fmcg_sales.stg_products: /* {"app": "dbt", "dbt_version": "1.7.20", "profile_name": "fmcg_sales", "target_name": "dev", "node_id": "model.fmcg_sales.stg_products"} */
drop view if exists `sales_of_fmcg_stores`.`stg_products__dbt_backup`
[0m10:42:48.553318 [debug] [Thread-1 (]: SQL status: SUCCESS 0 in 0.0 seconds
[0m10:42:48.555313 [debug] [Thread-1 (]: Timing info for model.fmcg_sales.stg_products (execute): 10:42:48.479361 => 10:42:48.554315
[0m10:42:48.555313 [debug] [Thread-1 (]: On model.fmcg_sales.stg_products: Close
[0m10:42:48.556313 [debug] [Thread-1 (]: Sending event: {'category': 'dbt', 'action': 'run_model', 'label': '1f8ec2a3-fe57-4c7b-ac8f-3451f1857e3d', 'context': [<snowplow_tracker.self_describing_json.SelfDescribingJson object at 0x00000270902C4EF0>]}
[0m10:42:48.556313 [info ] [Thread-1 (]: 23 of 32 OK created sql view model sales_of_fmcg_stores.stg_products ........... [[32mSUCCESS 0[0m in 0.08s]
[0m10:42:48.557317 [debug] [Thread-1 (]: Finished running node model.fmcg_sales.stg_products
[0m10:42:48.557317 [debug] [Thread-1 (]: Began running node model.fmcg_sales.stg_sales
[0m10:42:48.557317 [info ] [Thread-1 (]: 24 of 32 START sql view model sales_of_fmcg_stores.stg_sales ................... [RUN]
[0m10:42:48.558319 [debug] [Thread-1 (]: Re-using an available connection from the pool (formerly model.fmcg_sales.stg_products, now model.fmcg_sales.stg_sales)
[0m10:42:48.559348 [debug] [Thread-1 (]: Began compiling node model.fmcg_sales.stg_sales
[0m10:42:48.561330 [debug] [Thread-1 (]: Writing injected SQL for node "model.fmcg_sales.stg_sales"
[0m10:42:48.562314 [debug] [Thread-1 (]: Timing info for model.fmcg_sales.stg_sales (compile): 10:42:48.559348 => 10:42:48.561330
[0m10:42:48.562314 [debug] [Thread-1 (]: Began executing node model.fmcg_sales.stg_sales
[0m10:42:48.565329 [debug] [Thread-1 (]: Writing runtime sql for node "model.fmcg_sales.stg_sales"
[0m10:42:48.567319 [debug] [Thread-1 (]: Using mysql connection "model.fmcg_sales.stg_sales"
[0m10:42:48.568320 [debug] [Thread-1 (]: On model.fmcg_sales.stg_sales: BEGIN
[0m10:42:48.568320 [debug] [Thread-1 (]: Opening a new connection, currently in state closed
[0m10:42:48.613321 [debug] [Thread-1 (]: SQL status: SUCCESS 0 in 0.0 seconds
[0m10:42:48.613321 [debug] [Thread-1 (]: Using mysql connection "model.fmcg_sales.stg_sales"
[0m10:42:48.613321 [debug] [Thread-1 (]: On model.fmcg_sales.stg_sales: /* {"app": "dbt", "dbt_version": "1.7.20", "profile_name": "fmcg_sales", "target_name": "dev", "node_id": "model.fmcg_sales.stg_sales"} */

  create view `sales_of_fmcg_stores`.`stg_sales__dbt_tmp`
    
    
  as (
    select
    SalesID,
    SalesPersonID,
    CustomerID,
    ProductID,
    Quantity,
    Discount,
    TotalPrice,
    SalesDate,
    TransactionNumber
from `sales_of_fmcg_stores`.`sales`
  );
[0m10:42:48.618451 [debug] [Thread-1 (]: SQL status: SUCCESS 0 in 0.0 seconds
[0m10:42:48.620411 [debug] [Thread-1 (]: Using mysql connection "model.fmcg_sales.stg_sales"
[0m10:42:48.620411 [debug] [Thread-1 (]: On model.fmcg_sales.stg_sales: /* {"app": "dbt", "dbt_version": "1.7.20", "profile_name": "fmcg_sales", "target_name": "dev", "node_id": "model.fmcg_sales.stg_sales"} */

    drop view if exists `sales_of_fmcg_stores`.`stg_sales` cascade
  
[0m10:42:48.622315 [debug] [Thread-1 (]: SQL status: SUCCESS 0 in 0.0 seconds
[0m10:42:48.623418 [debug] [Thread-1 (]: Using mysql connection "model.fmcg_sales.stg_sales"
[0m10:42:48.623418 [debug] [Thread-1 (]: On model.fmcg_sales.stg_sales: /* {"app": "dbt", "dbt_version": "1.7.20", "profile_name": "fmcg_sales", "target_name": "dev", "node_id": "model.fmcg_sales.stg_sales"} */

    rename table `sales_of_fmcg_stores`.`stg_sales__dbt_tmp` to `sales_of_fmcg_stores`.`stg_sales`
  
[0m10:42:48.629323 [debug] [Thread-1 (]: SQL status: SUCCESS 0 in 0.0 seconds
[0m10:42:48.630417 [debug] [Thread-1 (]: On model.fmcg_sales.stg_sales: COMMIT
[0m10:42:48.631412 [debug] [Thread-1 (]: Using mysql connection "model.fmcg_sales.stg_sales"
[0m10:42:48.631412 [debug] [Thread-1 (]: On model.fmcg_sales.stg_sales: COMMIT
[0m10:42:48.632427 [debug] [Thread-1 (]: SQL status: SUCCESS 0 in 0.0 seconds
[0m10:42:48.634413 [debug] [Thread-1 (]: Using mysql connection "model.fmcg_sales.stg_sales"
[0m10:42:48.634413 [debug] [Thread-1 (]: On model.fmcg_sales.stg_sales: /* {"app": "dbt", "dbt_version": "1.7.20", "profile_name": "fmcg_sales", "target_name": "dev", "node_id": "model.fmcg_sales.stg_sales"} */
drop view if exists `sales_of_fmcg_stores`.`stg_sales__dbt_backup`
[0m10:42:48.636438 [debug] [Thread-1 (]: SQL status: SUCCESS 0 in 0.0 seconds
[0m10:42:48.637410 [debug] [Thread-1 (]: Timing info for model.fmcg_sales.stg_sales (execute): 10:42:48.563330 => 10:42:48.637410
[0m10:42:48.638412 [debug] [Thread-1 (]: On model.fmcg_sales.stg_sales: Close
[0m10:42:48.639390 [debug] [Thread-1 (]: Sending event: {'category': 'dbt', 'action': 'run_model', 'label': '1f8ec2a3-fe57-4c7b-ac8f-3451f1857e3d', 'context': [<snowplow_tracker.self_describing_json.SelfDescribingJson object at 0x00000270902C5610>]}
[0m10:42:48.639390 [info ] [Thread-1 (]: 24 of 32 OK created sql view model sales_of_fmcg_stores.stg_sales .............. [[32mSUCCESS 0[0m in 0.08s]
[0m10:42:48.640315 [debug] [Thread-1 (]: Finished running node model.fmcg_sales.stg_sales
[0m10:42:48.640315 [debug] [Thread-1 (]: Began running node model.fmcg_sales.int_sales_enriched
[0m10:42:48.641451 [info ] [Thread-1 (]: 25 of 32 START sql view model sales_of_fmcg_stores.int_sales_enriched .......... [RUN]
[0m10:42:48.642320 [debug] [Thread-1 (]: Re-using an available connection from the pool (formerly model.fmcg_sales.stg_sales, now model.fmcg_sales.int_sales_enriched)
[0m10:42:48.642320 [debug] [Thread-1 (]: Began compiling node model.fmcg_sales.int_sales_enriched
[0m10:42:48.645419 [debug] [Thread-1 (]: Writing injected SQL for node "model.fmcg_sales.int_sales_enriched"
[0m10:42:48.646412 [debug] [Thread-1 (]: Timing info for model.fmcg_sales.int_sales_enriched (compile): 10:42:48.642320 => 10:42:48.646412
[0m10:42:48.647316 [debug] [Thread-1 (]: Began executing node model.fmcg_sales.int_sales_enriched
[0m10:42:48.650413 [debug] [Thread-1 (]: Writing runtime sql for node "model.fmcg_sales.int_sales_enriched"
[0m10:42:48.651320 [debug] [Thread-1 (]: Using mysql connection "model.fmcg_sales.int_sales_enriched"
[0m10:42:48.652418 [debug] [Thread-1 (]: On model.fmcg_sales.int_sales_enriched: BEGIN
[0m10:42:48.652418 [debug] [Thread-1 (]: Opening a new connection, currently in state closed
[0m10:42:48.698319 [debug] [Thread-1 (]: SQL status: SUCCESS 0 in 0.0 seconds
[0m10:42:48.698319 [debug] [Thread-1 (]: Using mysql connection "model.fmcg_sales.int_sales_enriched"
[0m10:42:48.698319 [debug] [Thread-1 (]: On model.fmcg_sales.int_sales_enriched: /* {"app": "dbt", "dbt_version": "1.7.20", "profile_name": "fmcg_sales", "target_name": "dev", "node_id": "model.fmcg_sales.int_sales_enriched"} */

  create view `sales_of_fmcg_stores`.`int_sales_enriched__dbt_tmp`
    
    
  as (
    select
    s.SalesID,
    s.TransactionNumber,
    s.SalesDate,
    date(s.SalesDate) as SalesDay,
    date_format(s.SalesDate, '%Y-%m') as SalesMonth,
    s.SalesPersonID,
    concat(e.FirstName, ' ', e.LastName) as SalesPersonName,
    s.CustomerID,
    concat(c.FirstName, ' ', c.LastName) as CustomerName,
    c.CityID,
    ci.CityName,
    co.CountryID,
    co.CountryName,
    s.ProductID,
    p.ProductName,
    p.CategoryID,
    ca.CategoryName,
    p.Class,
    p.Price,
    s.Quantity,
    s.Discount,
    s.Quantity * p.Price * (1 - s.Discount) as Revenue
from `sales_of_fmcg_stores`.`stg_sales` s
join `sales_of_fmcg_stores`.`stg_products` p
    on s.ProductID = p.ProductID
join `sales_of_fmcg_stores`.`stg_categories` ca
    on p.CategoryID = ca.CategoryID
join `sales_of_fmcg_stores`.`stg_customers` c
    on s.CustomerID = c.CustomerID
join `sales_of_fmcg_stores`.`stg_cities` ci
    on c.CityID = ci.CityID
join `sales_of_fmcg_stores`.`stg_countries` co
    on ci.CountryID = co.CountryID
join `sales_of_fmcg_stores`.`stg_employees` e
    on s.SalesPersonID = e.EmployeeID
  );
[0m10:42:48.708316 [debug] [Thread-1 (]: SQL status: SUCCESS 0 in 0.0 seconds
[0m10:42:48.711315 [debug] [Thread-1 (]: Using mysql connection "model.fmcg_sales.int_sales_enriched"
[0m10:42:48.711315 [debug] [Thread-1 (]: On model.fmcg_sales.int_sales_enriched: /* {"app": "dbt", "dbt_version": "1.7.20", "profile_name": "fmcg_sales", "target_name": "dev", "node_id": "model.fmcg_sales.int_sales_enriched"} */

    drop view if exists `sales_of_fmcg_stores`.`int_sales_enriched` cascade
  
[0m10:42:48.713315 [debug] [Thread-1 (]: SQL status: SUCCESS 0 in 0.0 seconds
[0m10:42:48.714315 [debug] [Thread-1 (]: Using mysql connection "model.fmcg_sales.int_sales_enriched"
[0m10:42:48.714315 [debug] [Thread-1 (]: On model.fmcg_sales.int_sales_enriched: /* {"app": "dbt", "dbt_version": "1.7.20", "profile_name": "fmcg_sales", "target_name": "dev", "node_id": "model.fmcg_sales.int_sales_enriched"} */

    rename table `sales_of_fmcg_stores`.`int_sales_enriched__dbt_tmp` to `sales_of_fmcg_stores`.`int_sales_enriched`
  
[0m10:42:48.719315 [debug] [Thread-1 (]: SQL status: SUCCESS 0 in 0.0 seconds
[0m10:42:48.720339 [debug] [Thread-1 (]: On model.fmcg_sales.int_sales_enriched: COMMIT
[0m10:42:48.721331 [debug] [Thread-1 (]: Using mysql connection "model.fmcg_sales.int_sales_enriched"
[0m10:42:48.721331 [debug] [Thread-1 (]: On model.fmcg_sales.int_sales_enriched: COMMIT
[0m10:42:48.722317 [debug] [Thread-1 (]: SQL status: SUCCESS 0 in 0.0 seconds
[0m10:42:48.724319 [debug] [Thread-1 (]: Using mysql connection "model.fmcg_sales.int_sales_enriched"
[0m10:42:48.724319 [debug] [Thread-1 (]: On model.fmcg_sales.int_sales_enriched: /* {"app": "dbt", "dbt_version": "1.7.20", "profile_name": "fmcg_sales", "target_name": "dev", "node_id": "model.fmcg_sales.int_sales_enriched"} */
drop view if exists `sales_of_fmcg_stores`.`int_sales_enriched__dbt_backup`
[0m10:42:48.726315 [debug] [Thread-1 (]: SQL status: SUCCESS 0 in 0.0 seconds
[0m10:42:48.727341 [debug] [Thread-1 (]: Timing info for model.fmcg_sales.int_sales_enriched (execute): 10:42:48.647316 => 10:42:48.727341
[0m10:42:48.727341 [debug] [Thread-1 (]: On model.fmcg_sales.int_sales_enriched: Close
[0m10:42:48.728330 [debug] [Thread-1 (]: Sending event: {'category': 'dbt', 'action': 'run_model', 'label': '1f8ec2a3-fe57-4c7b-ac8f-3451f1857e3d', 'context': [<snowplow_tracker.self_describing_json.SelfDescribingJson object at 0x00000270902BEB70>]}
[0m10:42:48.729331 [info ] [Thread-1 (]: 25 of 32 OK created sql view model sales_of_fmcg_stores.int_sales_enriched ..... [[32mSUCCESS 0[0m in 0.09s]
[0m10:42:48.729331 [debug] [Thread-1 (]: Finished running node model.fmcg_sales.int_sales_enriched
[0m10:42:48.730319 [debug] [Thread-1 (]: Began running node model.fmcg_sales.sales_person_monthly_agg
[0m10:42:48.730319 [info ] [Thread-1 (]: 26 of 32 START sql table model sales_of_fmcg_stores.sales_person_monthly_agg ... [RUN]
[0m10:42:48.731347 [debug] [Thread-1 (]: Re-using an available connection from the pool (formerly model.fmcg_sales.int_sales_enriched, now model.fmcg_sales.sales_person_monthly_agg)
[0m10:42:48.732350 [debug] [Thread-1 (]: Began compiling node model.fmcg_sales.sales_person_monthly_agg
[0m10:42:48.733334 [debug] [Thread-1 (]: Writing injected SQL for node "model.fmcg_sales.sales_person_monthly_agg"
[0m10:42:48.734330 [debug] [Thread-1 (]: Timing info for model.fmcg_sales.sales_person_monthly_agg (compile): 10:42:48.732350 => 10:42:48.734330
[0m10:42:48.735315 [debug] [Thread-1 (]: Began executing node model.fmcg_sales.sales_person_monthly_agg
[0m10:42:48.751340 [debug] [Thread-1 (]: Writing runtime sql for node "model.fmcg_sales.sales_person_monthly_agg"
[0m10:42:48.752316 [debug] [Thread-1 (]: Using mysql connection "model.fmcg_sales.sales_person_monthly_agg"
[0m10:42:48.752316 [debug] [Thread-1 (]: On model.fmcg_sales.sales_person_monthly_agg: BEGIN
[0m10:42:48.753347 [debug] [Thread-1 (]: Opening a new connection, currently in state closed
[0m10:42:48.796318 [debug] [Thread-1 (]: SQL status: SUCCESS 0 in 0.0 seconds
[0m10:42:48.796318 [debug] [Thread-1 (]: Using mysql connection "model.fmcg_sales.sales_person_monthly_agg"
[0m10:42:48.797323 [debug] [Thread-1 (]: On model.fmcg_sales.sales_person_monthly_agg: /* {"app": "dbt", "dbt_version": "1.7.20", "profile_name": "fmcg_sales", "target_name": "dev", "node_id": "model.fmcg_sales.sales_person_monthly_agg"} */

  
    

  create  table
    `sales_of_fmcg_stores`.`sales_person_monthly_agg__dbt_tmp`
    
    
      as
    
    (
      select
    SalesMonth,
    SalesPersonID,
    count(*) as total_transactions,
    sum(Quantity) as total_quantity,
    round(sum(Revenue), 4) as total_revenue,
    round(sum(Revenue) / nullif(count(*), 0), 4) as avg_revenue_per_transaction
from `sales_of_fmcg_stores`.`int_sales_enriched`
where SalesDate is not null
group by
    SalesMonth,
    SalesPersonID
    )

  
[0m11:18:08.463185 [debug] [MainThread]: Sending event: {'category': 'dbt', 'action': 'invocation', 'label': 'start', 'context': [<snowplow_tracker.self_describing_json.SelfDescribingJson object at 0x000001C92EFF4590>, <snowplow_tracker.self_describing_json.SelfDescribingJson object at 0x000001C92ECADAC0>, <snowplow_tracker.self_describing_json.SelfDescribingJson object at 0x000001C92EFF45C0>]}


============================== 11:18:08.471183 | b792d3fd-1066-4fb9-b633-bd501112f959 ==============================
[0m11:18:08.471183 [info ] [MainThread]: Running with dbt=1.7.20
[0m11:18:08.472182 [debug] [MainThread]: running dbt with arguments {'printer_width': '80', 'indirect_selection': 'eager', 'write_json': 'True', 'log_cache_events': 'False', 'partial_parse': 'True', 'cache_selected_only': 'False', 'profiles_dir': 'C:\\Users\\ADMIN\\.dbt', 'fail_fast': 'False', 'warn_error': 'None', 'log_path': 'C:\\nguyen\\Projects\\Bài 18_ Sales of FMCG Stores\\logs', 'version_check': 'True', 'debug': 'False', 'use_colors': 'True', 'use_experimental_parser': 'False', 'no_print': 'None', 'quiet': 'False', 'warn_error_options': 'WarnErrorOptions(include=[], exclude=[])', 'invocation_command': 'dbt build --select +salesperson_monthly_summary', 'log_format': 'default', 'static_parser': 'True', 'target_path': 'None', 'introspect': 'True', 'send_anonymous_usage_stats': 'True'}
[0m11:18:08.473190 [info ] [MainThread]: This version of dbt is deprecated and no longer receives regular patches, including for known bugs. We recommend upgrading to a newer supported version of dbt: https://docs.getdbt.com/docs/dbt-versions
[0m11:18:08.474184 [debug] [MainThread]: Sending event: {'category': 'dbt', 'action': 'deprecated_version_invocation', 'label': 'b792d3fd-1066-4fb9-b633-bd501112f959', 'context': [<snowplow_tracker.self_describing_json.SelfDescribingJson object at 0x000001C92EFF6BA0>]}
[0m11:18:08.621183 [debug] [MainThread]: Sending event: {'category': 'dbt', 'action': 'project_id', 'label': 'b792d3fd-1066-4fb9-b633-bd501112f959', 'context': [<snowplow_tracker.self_describing_json.SelfDescribingJson object at 0x000001C92EE2F470>]}
[0m11:18:08.665187 [debug] [MainThread]: Sending event: {'category': 'dbt', 'action': 'adapter_info', 'label': 'b792d3fd-1066-4fb9-b633-bd501112f959', 'context': [<snowplow_tracker.self_describing_json.SelfDescribingJson object at 0x000001C92EBA6030>]}
[0m11:18:08.666187 [info ] [MainThread]: Registered adapter: mysql=1.7.0
[0m11:18:08.673183 [debug] [MainThread]: checksum: e60e9a7db60717b27391e9fcca7ffc2f1c59992fad004fb73a09489fe7f93d3f, vars: {}, profile: , target: , version: 1.7.20
[0m11:18:08.715180 [debug] [MainThread]: Partial parsing enabled: 0 files deleted, 0 files added, 1 files changed.
[0m11:18:08.715180 [debug] [MainThread]: Partial parsing: updated file: fmcg_sales://models\marts\sales_person_monthly_agg.sql
[0m11:18:08.919591 [debug] [MainThread]: Sending event: {'category': 'dbt', 'action': 'load_project', 'label': 'b792d3fd-1066-4fb9-b633-bd501112f959', 'context': [<snowplow_tracker.self_describing_json.SelfDescribingJson object at 0x000001C9308810A0>]}
[0m11:18:08.935736 [debug] [MainThread]: Sending event: {'category': 'dbt', 'action': 'resource_counts', 'label': 'b792d3fd-1066-4fb9-b633-bd501112f959', 'context': [<snowplow_tracker.self_describing_json.SelfDescribingJson object at 0x000001C92F61E570>]}
[0m11:18:08.936741 [info ] [MainThread]: Found 24 models, 57 tests, 7 sources, 0 exposures, 0 metrics, 375 macros, 0 groups, 0 semantic models
[0m11:18:08.942261 [info ] [MainThread]: 
[0m11:18:08.944258 [debug] [MainThread]: Acquiring new mysql connection 'master'
[0m11:18:08.946258 [debug] [ThreadPool]: Acquiring new mysql connection 'list_schemas'
[0m11:18:08.957254 [debug] [ThreadPool]: Using mysql connection "list_schemas"
[0m11:18:08.957254 [debug] [ThreadPool]: On list_schemas: /* {"app": "dbt", "dbt_version": "1.7.20", "profile_name": "fmcg_sales", "target_name": "dev", "connection_name": "list_schemas"} */
select distinct schema_name
        from information_schema.schemata
[0m11:18:08.958257 [debug] [ThreadPool]: Opening a new connection, currently in state init
[0m11:18:09.035551 [debug] [ThreadPool]: SQL status: SUCCESS 8 in 0.0 seconds
[0m11:18:09.036551 [debug] [ThreadPool]: On list_schemas: Close
[0m11:18:09.038551 [debug] [ThreadPool]: Acquiring new mysql connection 'list_None_sales_of_fmcg_stores'
[0m11:18:09.042549 [debug] [ThreadPool]: Using mysql connection "list_None_sales_of_fmcg_stores"
[0m11:18:09.042549 [debug] [ThreadPool]: On list_None_sales_of_fmcg_stores: BEGIN
[0m11:18:09.043551 [debug] [ThreadPool]: Opening a new connection, currently in state init
[0m11:18:09.095557 [debug] [ThreadPool]: SQL status: SUCCESS 0 in 0.0 seconds
[0m11:18:09.095557 [debug] [ThreadPool]: Using mysql connection "list_None_sales_of_fmcg_stores"
[0m11:18:09.096559 [debug] [ThreadPool]: On list_None_sales_of_fmcg_stores: /* {"app": "dbt", "dbt_version": "1.7.20", "profile_name": "fmcg_sales", "target_name": "dev", "connection_name": "list_None_sales_of_fmcg_stores"} */
select
      null as "database",
      table_name as name,
      table_schema as "schema",
      case when table_type = 'BASE TABLE' then 'table'
           when table_type = 'VIEW' then 'view'
           else table_type
      end as table_type
    from information_schema.tables
    where table_schema = 'sales_of_fmcg_stores'
  
[0m11:18:09.100575 [debug] [ThreadPool]: SQL status: SUCCESS 34 in 0.0 seconds
[0m11:18:09.101551 [debug] [ThreadPool]: On list_None_sales_of_fmcg_stores: ROLLBACK
[0m11:18:09.102550 [debug] [ThreadPool]: On list_None_sales_of_fmcg_stores: Close
[0m11:18:09.107550 [debug] [MainThread]: Sending event: {'category': 'dbt', 'action': 'runnable_timing', 'label': 'b792d3fd-1066-4fb9-b633-bd501112f959', 'context': [<snowplow_tracker.self_describing_json.SelfDescribingJson object at 0x000001C92F201FD0>]}
[0m11:18:09.108553 [debug] [MainThread]: Using mysql connection "master"
[0m11:18:09.109553 [debug] [MainThread]: On master: BEGIN
[0m11:18:09.109553 [debug] [MainThread]: Opening a new connection, currently in state init
[0m11:18:09.156555 [debug] [MainThread]: SQL status: SUCCESS 0 in 0.0 seconds
[0m11:18:09.156555 [debug] [MainThread]: On master: COMMIT
[0m11:18:09.157558 [debug] [MainThread]: Using mysql connection "master"
[0m11:18:09.157558 [debug] [MainThread]: On master: COMMIT
[0m11:18:09.158555 [debug] [MainThread]: SQL status: SUCCESS 0 in 0.0 seconds
[0m11:18:09.158555 [debug] [MainThread]: On master: Close
[0m11:18:09.159553 [info ] [MainThread]: Concurrency: 1 threads (target='dev')
[0m11:18:09.159553 [info ] [MainThread]: 
[0m11:18:09.162575 [debug] [Thread-1 (]: Began running node test.fmcg_sales.source_not_null_raw_employees_EmployeeID.4e95fdb9d3
[0m11:18:09.162575 [info ] [Thread-1 (]: 1 of 19 START test source_not_null_raw_employees_EmployeeID .................... [RUN]
[0m11:18:09.163551 [debug] [Thread-1 (]: Acquiring new mysql connection 'test.fmcg_sales.source_not_null_raw_employees_EmployeeID.4e95fdb9d3'
[0m11:18:09.163551 [debug] [Thread-1 (]: Began compiling node test.fmcg_sales.source_not_null_raw_employees_EmployeeID.4e95fdb9d3
[0m11:18:09.177552 [debug] [Thread-1 (]: Writing injected SQL for node "test.fmcg_sales.source_not_null_raw_employees_EmployeeID.4e95fdb9d3"
[0m11:18:09.178553 [debug] [Thread-1 (]: Timing info for test.fmcg_sales.source_not_null_raw_employees_EmployeeID.4e95fdb9d3 (compile): 11:18:09.163551 => 11:18:09.178553
[0m11:18:09.178553 [debug] [Thread-1 (]: Began executing node test.fmcg_sales.source_not_null_raw_employees_EmployeeID.4e95fdb9d3
[0m11:18:09.189550 [debug] [Thread-1 (]: Writing runtime sql for node "test.fmcg_sales.source_not_null_raw_employees_EmployeeID.4e95fdb9d3"
[0m11:18:09.190571 [debug] [Thread-1 (]: Using mysql connection "test.fmcg_sales.source_not_null_raw_employees_EmployeeID.4e95fdb9d3"
[0m11:18:09.191552 [debug] [Thread-1 (]: On test.fmcg_sales.source_not_null_raw_employees_EmployeeID.4e95fdb9d3: BEGIN
[0m11:18:09.191552 [debug] [Thread-1 (]: Opening a new connection, currently in state init
[0m11:18:09.237556 [debug] [Thread-1 (]: SQL status: SUCCESS 0 in 0.0 seconds
[0m11:18:09.238553 [debug] [Thread-1 (]: Using mysql connection "test.fmcg_sales.source_not_null_raw_employees_EmployeeID.4e95fdb9d3"
[0m11:18:09.238553 [debug] [Thread-1 (]: On test.fmcg_sales.source_not_null_raw_employees_EmployeeID.4e95fdb9d3: /* {"app": "dbt", "dbt_version": "1.7.20", "profile_name": "fmcg_sales", "target_name": "dev", "node_id": "test.fmcg_sales.source_not_null_raw_employees_EmployeeID.4e95fdb9d3"} */
select
      count(*) as failures,
      case
        when count(*) <> 0 then 'true'
        else 'false'
      end as should_warn,
      case
        when count(*) <> 0 then 'true'
        else 'false'
      end as should_error
    from (
      
    
    



select EmployeeID
from `sales_of_fmcg_stores`.`employees`
where EmployeeID is null



      
    ) dbt_internal_test
[0m11:18:09.239550 [debug] [Thread-1 (]: SQL status: SUCCESS 1 in 0.0 seconds
[0m11:18:09.241583 [debug] [Thread-1 (]: Timing info for test.fmcg_sales.source_not_null_raw_employees_EmployeeID.4e95fdb9d3 (execute): 11:18:09.179552 => 11:18:09.241583
[0m11:18:09.241583 [debug] [Thread-1 (]: On test.fmcg_sales.source_not_null_raw_employees_EmployeeID.4e95fdb9d3: ROLLBACK
[0m11:18:09.242551 [debug] [Thread-1 (]: On test.fmcg_sales.source_not_null_raw_employees_EmployeeID.4e95fdb9d3: Close
[0m11:18:09.243553 [info ] [Thread-1 (]: 1 of 19 PASS source_not_null_raw_employees_EmployeeID .......................... [[32mPASS[0m in 0.08s]
[0m11:18:09.243553 [debug] [Thread-1 (]: Finished running node test.fmcg_sales.source_not_null_raw_employees_EmployeeID.4e95fdb9d3
[0m11:18:09.244550 [debug] [Thread-1 (]: Began running node test.fmcg_sales.source_not_null_raw_products_ProductID.9bf99791be
[0m11:18:09.244550 [info ] [Thread-1 (]: 2 of 19 START test source_not_null_raw_products_ProductID ...................... [RUN]
[0m11:18:09.245552 [debug] [Thread-1 (]: Re-using an available connection from the pool (formerly test.fmcg_sales.source_not_null_raw_employees_EmployeeID.4e95fdb9d3, now test.fmcg_sales.source_not_null_raw_products_ProductID.9bf99791be)
[0m11:18:09.246549 [debug] [Thread-1 (]: Began compiling node test.fmcg_sales.source_not_null_raw_products_ProductID.9bf99791be
[0m11:18:09.249571 [debug] [Thread-1 (]: Writing injected SQL for node "test.fmcg_sales.source_not_null_raw_products_ProductID.9bf99791be"
[0m11:18:09.250550 [debug] [Thread-1 (]: Timing info for test.fmcg_sales.source_not_null_raw_products_ProductID.9bf99791be (compile): 11:18:09.246549 => 11:18:09.250550
[0m11:18:09.251551 [debug] [Thread-1 (]: Began executing node test.fmcg_sales.source_not_null_raw_products_ProductID.9bf99791be
[0m11:18:09.252550 [debug] [Thread-1 (]: Writing runtime sql for node "test.fmcg_sales.source_not_null_raw_products_ProductID.9bf99791be"
[0m11:18:09.253571 [debug] [Thread-1 (]: Using mysql connection "test.fmcg_sales.source_not_null_raw_products_ProductID.9bf99791be"
[0m11:18:09.254552 [debug] [Thread-1 (]: On test.fmcg_sales.source_not_null_raw_products_ProductID.9bf99791be: BEGIN
[0m11:18:09.254552 [debug] [Thread-1 (]: Opening a new connection, currently in state closed
[0m11:18:09.301552 [debug] [Thread-1 (]: SQL status: SUCCESS 0 in 0.0 seconds
[0m11:18:09.302590 [debug] [Thread-1 (]: Using mysql connection "test.fmcg_sales.source_not_null_raw_products_ProductID.9bf99791be"
[0m11:18:09.302590 [debug] [Thread-1 (]: On test.fmcg_sales.source_not_null_raw_products_ProductID.9bf99791be: /* {"app": "dbt", "dbt_version": "1.7.20", "profile_name": "fmcg_sales", "target_name": "dev", "node_id": "test.fmcg_sales.source_not_null_raw_products_ProductID.9bf99791be"} */
select
      count(*) as failures,
      case
        when count(*) <> 0 then 'true'
        else 'false'
      end as should_warn,
      case
        when count(*) <> 0 then 'true'
        else 'false'
      end as should_error
    from (
      
    
    



select ProductID
from `sales_of_fmcg_stores`.`products`
where ProductID is null



      
    ) dbt_internal_test
[0m11:18:09.303554 [debug] [Thread-1 (]: SQL status: SUCCESS 1 in 0.0 seconds
[0m11:18:09.304556 [debug] [Thread-1 (]: Timing info for test.fmcg_sales.source_not_null_raw_products_ProductID.9bf99791be (execute): 11:18:09.251551 => 11:18:09.304556
[0m11:18:09.304556 [debug] [Thread-1 (]: On test.fmcg_sales.source_not_null_raw_products_ProductID.9bf99791be: ROLLBACK
[0m11:18:09.305556 [debug] [Thread-1 (]: On test.fmcg_sales.source_not_null_raw_products_ProductID.9bf99791be: Close
[0m11:18:09.306557 [info ] [Thread-1 (]: 2 of 19 PASS source_not_null_raw_products_ProductID ............................ [[32mPASS[0m in 0.06s]
[0m11:18:09.306557 [debug] [Thread-1 (]: Finished running node test.fmcg_sales.source_not_null_raw_products_ProductID.9bf99791be
[0m11:18:09.307551 [debug] [Thread-1 (]: Began running node test.fmcg_sales.source_not_null_raw_sales_CustomerID.8f2a6c215b
[0m11:18:09.307551 [info ] [Thread-1 (]: 3 of 19 START test source_not_null_raw_sales_CustomerID ........................ [RUN]
[0m11:18:09.308551 [debug] [Thread-1 (]: Re-using an available connection from the pool (formerly test.fmcg_sales.source_not_null_raw_products_ProductID.9bf99791be, now test.fmcg_sales.source_not_null_raw_sales_CustomerID.8f2a6c215b)
[0m11:18:09.309550 [debug] [Thread-1 (]: Began compiling node test.fmcg_sales.source_not_null_raw_sales_CustomerID.8f2a6c215b
[0m11:18:09.312550 [debug] [Thread-1 (]: Writing injected SQL for node "test.fmcg_sales.source_not_null_raw_sales_CustomerID.8f2a6c215b"
[0m11:18:09.313550 [debug] [Thread-1 (]: Timing info for test.fmcg_sales.source_not_null_raw_sales_CustomerID.8f2a6c215b (compile): 11:18:09.309550 => 11:18:09.313550
[0m11:18:09.313550 [debug] [Thread-1 (]: Began executing node test.fmcg_sales.source_not_null_raw_sales_CustomerID.8f2a6c215b
[0m11:18:09.316570 [debug] [Thread-1 (]: Writing runtime sql for node "test.fmcg_sales.source_not_null_raw_sales_CustomerID.8f2a6c215b"
[0m11:18:09.317551 [debug] [Thread-1 (]: Using mysql connection "test.fmcg_sales.source_not_null_raw_sales_CustomerID.8f2a6c215b"
[0m11:18:09.317551 [debug] [Thread-1 (]: On test.fmcg_sales.source_not_null_raw_sales_CustomerID.8f2a6c215b: BEGIN
[0m11:18:09.318551 [debug] [Thread-1 (]: Opening a new connection, currently in state closed
[0m11:18:09.365552 [debug] [Thread-1 (]: SQL status: SUCCESS 0 in 0.0 seconds
[0m11:18:09.365552 [debug] [Thread-1 (]: Using mysql connection "test.fmcg_sales.source_not_null_raw_sales_CustomerID.8f2a6c215b"
[0m11:18:09.365552 [debug] [Thread-1 (]: On test.fmcg_sales.source_not_null_raw_sales_CustomerID.8f2a6c215b: /* {"app": "dbt", "dbt_version": "1.7.20", "profile_name": "fmcg_sales", "target_name": "dev", "node_id": "test.fmcg_sales.source_not_null_raw_sales_CustomerID.8f2a6c215b"} */
select
      count(*) as failures,
      case
        when count(*) <> 0 then 'true'
        else 'false'
      end as should_warn,
      case
        when count(*) <> 0 then 'true'
        else 'false'
      end as should_error
    from (
      
    
    



select CustomerID
from `sales_of_fmcg_stores`.`sales`
where CustomerID is null



      
    ) dbt_internal_test
[0m11:18:09.367551 [debug] [Thread-1 (]: SQL status: SUCCESS 1 in 0.0 seconds
[0m11:18:09.369552 [debug] [Thread-1 (]: Timing info for test.fmcg_sales.source_not_null_raw_sales_CustomerID.8f2a6c215b (execute): 11:18:09.314552 => 11:18:09.368550
[0m11:18:09.369552 [debug] [Thread-1 (]: On test.fmcg_sales.source_not_null_raw_sales_CustomerID.8f2a6c215b: ROLLBACK
[0m11:18:09.370550 [debug] [Thread-1 (]: On test.fmcg_sales.source_not_null_raw_sales_CustomerID.8f2a6c215b: Close
[0m11:18:09.370550 [info ] [Thread-1 (]: 3 of 19 PASS source_not_null_raw_sales_CustomerID .............................. [[32mPASS[0m in 0.06s]
[0m11:18:09.371551 [debug] [Thread-1 (]: Finished running node test.fmcg_sales.source_not_null_raw_sales_CustomerID.8f2a6c215b
[0m11:18:09.371551 [debug] [Thread-1 (]: Began running node test.fmcg_sales.source_not_null_raw_sales_ProductID.37d6340449
[0m11:18:09.372554 [info ] [Thread-1 (]: 4 of 19 START test source_not_null_raw_sales_ProductID ......................... [RUN]
[0m11:18:09.373563 [debug] [Thread-1 (]: Re-using an available connection from the pool (formerly test.fmcg_sales.source_not_null_raw_sales_CustomerID.8f2a6c215b, now test.fmcg_sales.source_not_null_raw_sales_ProductID.37d6340449)
[0m11:18:09.373563 [debug] [Thread-1 (]: Began compiling node test.fmcg_sales.source_not_null_raw_sales_ProductID.37d6340449
[0m11:18:09.376564 [debug] [Thread-1 (]: Writing injected SQL for node "test.fmcg_sales.source_not_null_raw_sales_ProductID.37d6340449"
[0m11:18:09.377550 [debug] [Thread-1 (]: Timing info for test.fmcg_sales.source_not_null_raw_sales_ProductID.37d6340449 (compile): 11:18:09.373563 => 11:18:09.377550
[0m11:18:09.377550 [debug] [Thread-1 (]: Began executing node test.fmcg_sales.source_not_null_raw_sales_ProductID.37d6340449
[0m11:18:09.379568 [debug] [Thread-1 (]: Writing runtime sql for node "test.fmcg_sales.source_not_null_raw_sales_ProductID.37d6340449"
[0m11:18:09.380550 [debug] [Thread-1 (]: Using mysql connection "test.fmcg_sales.source_not_null_raw_sales_ProductID.37d6340449"
[0m11:18:09.380550 [debug] [Thread-1 (]: On test.fmcg_sales.source_not_null_raw_sales_ProductID.37d6340449: BEGIN
[0m11:18:09.381553 [debug] [Thread-1 (]: Opening a new connection, currently in state closed
[0m11:18:09.430549 [debug] [Thread-1 (]: SQL status: SUCCESS 0 in 0.0 seconds
[0m11:18:09.431549 [debug] [Thread-1 (]: Using mysql connection "test.fmcg_sales.source_not_null_raw_sales_ProductID.37d6340449"
[0m11:18:09.431549 [debug] [Thread-1 (]: On test.fmcg_sales.source_not_null_raw_sales_ProductID.37d6340449: /* {"app": "dbt", "dbt_version": "1.7.20", "profile_name": "fmcg_sales", "target_name": "dev", "node_id": "test.fmcg_sales.source_not_null_raw_sales_ProductID.37d6340449"} */
select
      count(*) as failures,
      case
        when count(*) <> 0 then 'true'
        else 'false'
      end as should_warn,
      case
        when count(*) <> 0 then 'true'
        else 'false'
      end as should_error
    from (
      
    
    



select ProductID
from `sales_of_fmcg_stores`.`sales`
where ProductID is null



      
    ) dbt_internal_test
[0m11:18:09.433550 [debug] [Thread-1 (]: SQL status: SUCCESS 1 in 0.0 seconds
[0m11:18:09.434550 [debug] [Thread-1 (]: Timing info for test.fmcg_sales.source_not_null_raw_sales_ProductID.37d6340449 (execute): 11:18:09.378551 => 11:18:09.434550
[0m11:18:09.435549 [debug] [Thread-1 (]: On test.fmcg_sales.source_not_null_raw_sales_ProductID.37d6340449: ROLLBACK
[0m11:18:09.435549 [debug] [Thread-1 (]: On test.fmcg_sales.source_not_null_raw_sales_ProductID.37d6340449: Close
[0m11:18:09.436550 [info ] [Thread-1 (]: 4 of 19 PASS source_not_null_raw_sales_ProductID ............................... [[32mPASS[0m in 0.06s]
[0m11:18:09.437549 [debug] [Thread-1 (]: Finished running node test.fmcg_sales.source_not_null_raw_sales_ProductID.37d6340449
[0m11:18:09.437549 [debug] [Thread-1 (]: Began running node test.fmcg_sales.source_not_null_raw_sales_SalesID.86fcce832a
[0m11:18:09.438552 [info ] [Thread-1 (]: 5 of 19 START test source_not_null_raw_sales_SalesID ........................... [RUN]
[0m11:18:09.439551 [debug] [Thread-1 (]: Re-using an available connection from the pool (formerly test.fmcg_sales.source_not_null_raw_sales_ProductID.37d6340449, now test.fmcg_sales.source_not_null_raw_sales_SalesID.86fcce832a)
[0m11:18:09.439551 [debug] [Thread-1 (]: Began compiling node test.fmcg_sales.source_not_null_raw_sales_SalesID.86fcce832a
[0m11:18:09.443552 [debug] [Thread-1 (]: Writing injected SQL for node "test.fmcg_sales.source_not_null_raw_sales_SalesID.86fcce832a"
[0m11:18:09.444553 [debug] [Thread-1 (]: Timing info for test.fmcg_sales.source_not_null_raw_sales_SalesID.86fcce832a (compile): 11:18:09.440553 => 11:18:09.443552
[0m11:18:09.444553 [debug] [Thread-1 (]: Began executing node test.fmcg_sales.source_not_null_raw_sales_SalesID.86fcce832a
[0m11:18:09.446552 [debug] [Thread-1 (]: Writing runtime sql for node "test.fmcg_sales.source_not_null_raw_sales_SalesID.86fcce832a"
[0m11:18:09.447551 [debug] [Thread-1 (]: Using mysql connection "test.fmcg_sales.source_not_null_raw_sales_SalesID.86fcce832a"
[0m11:18:09.447551 [debug] [Thread-1 (]: On test.fmcg_sales.source_not_null_raw_sales_SalesID.86fcce832a: BEGIN
[0m11:18:09.447551 [debug] [Thread-1 (]: Opening a new connection, currently in state closed
[0m11:18:09.495549 [debug] [Thread-1 (]: SQL status: SUCCESS 0 in 0.0 seconds
[0m11:18:09.495549 [debug] [Thread-1 (]: Using mysql connection "test.fmcg_sales.source_not_null_raw_sales_SalesID.86fcce832a"
[0m11:18:09.496549 [debug] [Thread-1 (]: On test.fmcg_sales.source_not_null_raw_sales_SalesID.86fcce832a: /* {"app": "dbt", "dbt_version": "1.7.20", "profile_name": "fmcg_sales", "target_name": "dev", "node_id": "test.fmcg_sales.source_not_null_raw_sales_SalesID.86fcce832a"} */
select
      count(*) as failures,
      case
        when count(*) <> 0 then 'true'
        else 'false'
      end as should_warn,
      case
        when count(*) <> 0 then 'true'
        else 'false'
      end as should_error
    from (
      
    
    



select SalesID
from `sales_of_fmcg_stores`.`sales`
where SalesID is null



      
    ) dbt_internal_test
[0m11:18:09.497549 [debug] [Thread-1 (]: SQL status: SUCCESS 1 in 0.0 seconds
[0m11:18:09.498549 [debug] [Thread-1 (]: Timing info for test.fmcg_sales.source_not_null_raw_sales_SalesID.86fcce832a (execute): 11:18:09.444553 => 11:18:09.498549
[0m11:18:09.498549 [debug] [Thread-1 (]: On test.fmcg_sales.source_not_null_raw_sales_SalesID.86fcce832a: ROLLBACK
[0m11:18:09.499549 [debug] [Thread-1 (]: On test.fmcg_sales.source_not_null_raw_sales_SalesID.86fcce832a: Close
[0m11:18:09.500549 [info ] [Thread-1 (]: 5 of 19 PASS source_not_null_raw_sales_SalesID ................................. [[32mPASS[0m in 0.06s]
[0m11:18:09.500549 [debug] [Thread-1 (]: Finished running node test.fmcg_sales.source_not_null_raw_sales_SalesID.86fcce832a
[0m11:18:09.501549 [debug] [Thread-1 (]: Began running node test.fmcg_sales.source_not_null_raw_sales_SalesPersonID.30fb6636b7
[0m11:18:09.501549 [info ] [Thread-1 (]: 6 of 19 START test source_not_null_raw_sales_SalesPersonID ..................... [RUN]
[0m11:18:09.502549 [debug] [Thread-1 (]: Re-using an available connection from the pool (formerly test.fmcg_sales.source_not_null_raw_sales_SalesID.86fcce832a, now test.fmcg_sales.source_not_null_raw_sales_SalesPersonID.30fb6636b7)
[0m11:18:09.503549 [debug] [Thread-1 (]: Began compiling node test.fmcg_sales.source_not_null_raw_sales_SalesPersonID.30fb6636b7
[0m11:18:09.506549 [debug] [Thread-1 (]: Writing injected SQL for node "test.fmcg_sales.source_not_null_raw_sales_SalesPersonID.30fb6636b7"
[0m11:18:09.507549 [debug] [Thread-1 (]: Timing info for test.fmcg_sales.source_not_null_raw_sales_SalesPersonID.30fb6636b7 (compile): 11:18:09.503549 => 11:18:09.506549
[0m11:18:09.507549 [debug] [Thread-1 (]: Began executing node test.fmcg_sales.source_not_null_raw_sales_SalesPersonID.30fb6636b7
[0m11:18:09.509548 [debug] [Thread-1 (]: Writing runtime sql for node "test.fmcg_sales.source_not_null_raw_sales_SalesPersonID.30fb6636b7"
[0m11:18:09.510548 [debug] [Thread-1 (]: Using mysql connection "test.fmcg_sales.source_not_null_raw_sales_SalesPersonID.30fb6636b7"
[0m11:18:09.510548 [debug] [Thread-1 (]: On test.fmcg_sales.source_not_null_raw_sales_SalesPersonID.30fb6636b7: BEGIN
[0m11:18:09.510548 [debug] [Thread-1 (]: Opening a new connection, currently in state closed
[0m11:18:09.557551 [debug] [Thread-1 (]: SQL status: SUCCESS 0 in 0.0 seconds
[0m11:18:09.558592 [debug] [Thread-1 (]: Using mysql connection "test.fmcg_sales.source_not_null_raw_sales_SalesPersonID.30fb6636b7"
[0m11:18:09.558592 [debug] [Thread-1 (]: On test.fmcg_sales.source_not_null_raw_sales_SalesPersonID.30fb6636b7: /* {"app": "dbt", "dbt_version": "1.7.20", "profile_name": "fmcg_sales", "target_name": "dev", "node_id": "test.fmcg_sales.source_not_null_raw_sales_SalesPersonID.30fb6636b7"} */
select
      count(*) as failures,
      case
        when count(*) <> 0 then 'true'
        else 'false'
      end as should_warn,
      case
        when count(*) <> 0 then 'true'
        else 'false'
      end as should_error
    from (
      
    
    



select SalesPersonID
from `sales_of_fmcg_stores`.`sales`
where SalesPersonID is null



      
    ) dbt_internal_test
[0m11:18:09.560554 [debug] [Thread-1 (]: SQL status: SUCCESS 1 in 0.0 seconds
[0m11:18:09.561553 [debug] [Thread-1 (]: Timing info for test.fmcg_sales.source_not_null_raw_sales_SalesPersonID.30fb6636b7 (execute): 11:18:09.507549 => 11:18:09.561553
[0m11:18:09.562575 [debug] [Thread-1 (]: On test.fmcg_sales.source_not_null_raw_sales_SalesPersonID.30fb6636b7: ROLLBACK
[0m11:18:09.562575 [debug] [Thread-1 (]: On test.fmcg_sales.source_not_null_raw_sales_SalesPersonID.30fb6636b7: Close
[0m11:18:09.563551 [info ] [Thread-1 (]: 6 of 19 PASS source_not_null_raw_sales_SalesPersonID ........................... [[32mPASS[0m in 0.06s]
[0m11:18:09.564551 [debug] [Thread-1 (]: Finished running node test.fmcg_sales.source_not_null_raw_sales_SalesPersonID.30fb6636b7
[0m11:18:09.564551 [debug] [Thread-1 (]: Began running node test.fmcg_sales.source_unique_raw_employees_EmployeeID.9f1f8ab223
[0m11:18:09.565551 [info ] [Thread-1 (]: 7 of 19 START test source_unique_raw_employees_EmployeeID ...................... [RUN]
[0m11:18:09.566552 [debug] [Thread-1 (]: Re-using an available connection from the pool (formerly test.fmcg_sales.source_not_null_raw_sales_SalesPersonID.30fb6636b7, now test.fmcg_sales.source_unique_raw_employees_EmployeeID.9f1f8ab223)
[0m11:18:09.566552 [debug] [Thread-1 (]: Began compiling node test.fmcg_sales.source_unique_raw_employees_EmployeeID.9f1f8ab223
[0m11:18:09.571552 [debug] [Thread-1 (]: Writing injected SQL for node "test.fmcg_sales.source_unique_raw_employees_EmployeeID.9f1f8ab223"
[0m11:18:09.572551 [debug] [Thread-1 (]: Timing info for test.fmcg_sales.source_unique_raw_employees_EmployeeID.9f1f8ab223 (compile): 11:18:09.566552 => 11:18:09.572551
[0m11:18:09.572551 [debug] [Thread-1 (]: Began executing node test.fmcg_sales.source_unique_raw_employees_EmployeeID.9f1f8ab223
[0m11:18:09.574552 [debug] [Thread-1 (]: Writing runtime sql for node "test.fmcg_sales.source_unique_raw_employees_EmployeeID.9f1f8ab223"
[0m11:18:09.575552 [debug] [Thread-1 (]: Using mysql connection "test.fmcg_sales.source_unique_raw_employees_EmployeeID.9f1f8ab223"
[0m11:18:09.575552 [debug] [Thread-1 (]: On test.fmcg_sales.source_unique_raw_employees_EmployeeID.9f1f8ab223: BEGIN
[0m11:18:09.576664 [debug] [Thread-1 (]: Opening a new connection, currently in state closed
[0m11:18:09.624552 [debug] [Thread-1 (]: SQL status: SUCCESS 0 in 0.0 seconds
[0m11:18:09.624552 [debug] [Thread-1 (]: Using mysql connection "test.fmcg_sales.source_unique_raw_employees_EmployeeID.9f1f8ab223"
[0m11:18:09.625577 [debug] [Thread-1 (]: On test.fmcg_sales.source_unique_raw_employees_EmployeeID.9f1f8ab223: /* {"app": "dbt", "dbt_version": "1.7.20", "profile_name": "fmcg_sales", "target_name": "dev", "node_id": "test.fmcg_sales.source_unique_raw_employees_EmployeeID.9f1f8ab223"} */
select
      count(*) as failures,
      case
        when count(*) <> 0 then 'true'
        else 'false'
      end as should_warn,
      case
        when count(*) <> 0 then 'true'
        else 'false'
      end as should_error
    from (
      
    
    

select
    EmployeeID as unique_field,
    count(*) as n_records

from `sales_of_fmcg_stores`.`employees`
where EmployeeID is not null
group by EmployeeID
having count(*) > 1



      
    ) dbt_internal_test
[0m11:18:09.626558 [debug] [Thread-1 (]: SQL status: SUCCESS 1 in 0.0 seconds
[0m11:18:09.627558 [debug] [Thread-1 (]: Timing info for test.fmcg_sales.source_unique_raw_employees_EmployeeID.9f1f8ab223 (execute): 11:18:09.573554 => 11:18:09.627558
[0m11:18:09.628549 [debug] [Thread-1 (]: On test.fmcg_sales.source_unique_raw_employees_EmployeeID.9f1f8ab223: ROLLBACK
[0m11:18:09.628549 [debug] [Thread-1 (]: On test.fmcg_sales.source_unique_raw_employees_EmployeeID.9f1f8ab223: Close
[0m11:18:09.629552 [info ] [Thread-1 (]: 7 of 19 PASS source_unique_raw_employees_EmployeeID ............................ [[32mPASS[0m in 0.06s]
[0m11:18:09.630551 [debug] [Thread-1 (]: Finished running node test.fmcg_sales.source_unique_raw_employees_EmployeeID.9f1f8ab223
[0m11:18:09.630551 [debug] [Thread-1 (]: Began running node test.fmcg_sales.source_unique_raw_products_ProductID.1ada118eb2
[0m11:18:09.631552 [info ] [Thread-1 (]: 8 of 19 START test source_unique_raw_products_ProductID ........................ [RUN]
[0m11:18:09.632550 [debug] [Thread-1 (]: Re-using an available connection from the pool (formerly test.fmcg_sales.source_unique_raw_employees_EmployeeID.9f1f8ab223, now test.fmcg_sales.source_unique_raw_products_ProductID.1ada118eb2)
[0m11:18:09.632550 [debug] [Thread-1 (]: Began compiling node test.fmcg_sales.source_unique_raw_products_ProductID.1ada118eb2
[0m11:18:09.636571 [debug] [Thread-1 (]: Writing injected SQL for node "test.fmcg_sales.source_unique_raw_products_ProductID.1ada118eb2"
[0m11:18:09.637569 [debug] [Thread-1 (]: Timing info for test.fmcg_sales.source_unique_raw_products_ProductID.1ada118eb2 (compile): 11:18:09.632550 => 11:18:09.637569
[0m11:18:09.637569 [debug] [Thread-1 (]: Began executing node test.fmcg_sales.source_unique_raw_products_ProductID.1ada118eb2
[0m11:18:09.640569 [debug] [Thread-1 (]: Writing runtime sql for node "test.fmcg_sales.source_unique_raw_products_ProductID.1ada118eb2"
[0m11:18:09.642558 [debug] [Thread-1 (]: Using mysql connection "test.fmcg_sales.source_unique_raw_products_ProductID.1ada118eb2"
[0m11:18:09.643559 [debug] [Thread-1 (]: On test.fmcg_sales.source_unique_raw_products_ProductID.1ada118eb2: BEGIN
[0m11:18:09.644565 [debug] [Thread-1 (]: Opening a new connection, currently in state closed
[0m11:18:09.698598 [debug] [Thread-1 (]: SQL status: SUCCESS 0 in 0.0 seconds
[0m11:18:09.698598 [debug] [Thread-1 (]: Using mysql connection "test.fmcg_sales.source_unique_raw_products_ProductID.1ada118eb2"
[0m11:18:09.699665 [debug] [Thread-1 (]: On test.fmcg_sales.source_unique_raw_products_ProductID.1ada118eb2: /* {"app": "dbt", "dbt_version": "1.7.20", "profile_name": "fmcg_sales", "target_name": "dev", "node_id": "test.fmcg_sales.source_unique_raw_products_ProductID.1ada118eb2"} */
select
      count(*) as failures,
      case
        when count(*) <> 0 then 'true'
        else 'false'
      end as should_warn,
      case
        when count(*) <> 0 then 'true'
        else 'false'
      end as should_error
    from (
      
    
    

select
    ProductID as unique_field,
    count(*) as n_records

from `sales_of_fmcg_stores`.`products`
where ProductID is not null
group by ProductID
having count(*) > 1



      
    ) dbt_internal_test
[0m11:18:09.700592 [debug] [Thread-1 (]: SQL status: SUCCESS 1 in 0.0 seconds
[0m11:18:09.702552 [debug] [Thread-1 (]: Timing info for test.fmcg_sales.source_unique_raw_products_ProductID.1ada118eb2 (execute): 11:18:09.638553 => 11:18:09.702552
[0m11:18:09.702552 [debug] [Thread-1 (]: On test.fmcg_sales.source_unique_raw_products_ProductID.1ada118eb2: ROLLBACK
[0m11:18:09.703551 [debug] [Thread-1 (]: On test.fmcg_sales.source_unique_raw_products_ProductID.1ada118eb2: Close
[0m11:18:09.704557 [info ] [Thread-1 (]: 8 of 19 PASS source_unique_raw_products_ProductID .............................. [[32mPASS[0m in 0.07s]
[0m11:18:09.705588 [debug] [Thread-1 (]: Finished running node test.fmcg_sales.source_unique_raw_products_ProductID.1ada118eb2
[0m11:18:09.706552 [debug] [Thread-1 (]: Began running node test.fmcg_sales.source_unique_raw_sales_SalesID.c0a2356cf2
[0m11:18:09.706552 [info ] [Thread-1 (]: 9 of 19 START test source_unique_raw_sales_SalesID ............................. [RUN]
[0m11:18:09.707580 [debug] [Thread-1 (]: Re-using an available connection from the pool (formerly test.fmcg_sales.source_unique_raw_products_ProductID.1ada118eb2, now test.fmcg_sales.source_unique_raw_sales_SalesID.c0a2356cf2)
[0m11:18:09.708550 [debug] [Thread-1 (]: Began compiling node test.fmcg_sales.source_unique_raw_sales_SalesID.c0a2356cf2
[0m11:18:09.711550 [debug] [Thread-1 (]: Writing injected SQL for node "test.fmcg_sales.source_unique_raw_sales_SalesID.c0a2356cf2"
[0m11:18:09.712550 [debug] [Thread-1 (]: Timing info for test.fmcg_sales.source_unique_raw_sales_SalesID.c0a2356cf2 (compile): 11:18:09.708550 => 11:18:09.712550
[0m11:18:09.713553 [debug] [Thread-1 (]: Began executing node test.fmcg_sales.source_unique_raw_sales_SalesID.c0a2356cf2
[0m11:18:09.715550 [debug] [Thread-1 (]: Writing runtime sql for node "test.fmcg_sales.source_unique_raw_sales_SalesID.c0a2356cf2"
[0m11:18:09.717554 [debug] [Thread-1 (]: Using mysql connection "test.fmcg_sales.source_unique_raw_sales_SalesID.c0a2356cf2"
[0m11:18:09.718553 [debug] [Thread-1 (]: On test.fmcg_sales.source_unique_raw_sales_SalesID.c0a2356cf2: BEGIN
[0m11:18:09.718553 [debug] [Thread-1 (]: Opening a new connection, currently in state closed
[0m11:18:09.773552 [debug] [Thread-1 (]: SQL status: SUCCESS 0 in 0.0 seconds
[0m11:18:09.774557 [debug] [Thread-1 (]: Using mysql connection "test.fmcg_sales.source_unique_raw_sales_SalesID.c0a2356cf2"
[0m11:18:09.774557 [debug] [Thread-1 (]: On test.fmcg_sales.source_unique_raw_sales_SalesID.c0a2356cf2: /* {"app": "dbt", "dbt_version": "1.7.20", "profile_name": "fmcg_sales", "target_name": "dev", "node_id": "test.fmcg_sales.source_unique_raw_sales_SalesID.c0a2356cf2"} */
select
      count(*) as failures,
      case
        when count(*) <> 0 then 'true'
        else 'false'
      end as should_warn,
      case
        when count(*) <> 0 then 'true'
        else 'false'
      end as should_error
    from (
      
    
    

select
    SalesID as unique_field,
    count(*) as n_records

from `sales_of_fmcg_stores`.`sales`
where SalesID is not null
group by SalesID
having count(*) > 1



      
    ) dbt_internal_test
[0m11:18:21.610689 [debug] [Thread-1 (]: SQL status: SUCCESS 1 in 12.0 seconds
[0m11:18:21.613688 [debug] [Thread-1 (]: Timing info for test.fmcg_sales.source_unique_raw_sales_SalesID.c0a2356cf2 (execute): 11:18:09.713553 => 11:18:21.612687
[0m11:18:21.614687 [debug] [Thread-1 (]: On test.fmcg_sales.source_unique_raw_sales_SalesID.c0a2356cf2: ROLLBACK
[0m11:18:21.616686 [debug] [Thread-1 (]: On test.fmcg_sales.source_unique_raw_sales_SalesID.c0a2356cf2: Close
[0m11:18:21.617686 [info ] [Thread-1 (]: 9 of 19 PASS source_unique_raw_sales_SalesID ................................... [[32mPASS[0m in 11.91s]
[0m11:18:21.619687 [debug] [Thread-1 (]: Finished running node test.fmcg_sales.source_unique_raw_sales_SalesID.c0a2356cf2
[0m11:18:21.620687 [debug] [Thread-1 (]: Began running node model.fmcg_sales.stg_employees
[0m11:18:21.621687 [info ] [Thread-1 (]: 10 of 19 START sql view model sales_of_fmcg_stores.stg_employees ............... [RUN]
[0m11:18:21.624686 [debug] [Thread-1 (]: Re-using an available connection from the pool (formerly test.fmcg_sales.source_unique_raw_sales_SalesID.c0a2356cf2, now model.fmcg_sales.stg_employees)
[0m11:18:21.625696 [debug] [Thread-1 (]: Began compiling node model.fmcg_sales.stg_employees
[0m11:18:21.630687 [debug] [Thread-1 (]: Writing injected SQL for node "model.fmcg_sales.stg_employees"
[0m11:18:21.633691 [debug] [Thread-1 (]: Timing info for model.fmcg_sales.stg_employees (compile): 11:18:21.626689 => 11:18:21.632685
[0m11:18:21.634696 [debug] [Thread-1 (]: Began executing node model.fmcg_sales.stg_employees
[0m11:18:21.660686 [debug] [Thread-1 (]: Writing runtime sql for node "model.fmcg_sales.stg_employees"
[0m11:18:21.661687 [debug] [Thread-1 (]: Using mysql connection "model.fmcg_sales.stg_employees"
[0m11:18:21.661687 [debug] [Thread-1 (]: On model.fmcg_sales.stg_employees: BEGIN
[0m11:18:21.661687 [debug] [Thread-1 (]: Opening a new connection, currently in state closed
[0m11:18:21.706735 [debug] [Thread-1 (]: SQL status: SUCCESS 0 in 0.0 seconds
[0m11:18:21.706735 [debug] [Thread-1 (]: Using mysql connection "model.fmcg_sales.stg_employees"
[0m11:18:21.707736 [debug] [Thread-1 (]: On model.fmcg_sales.stg_employees: /* {"app": "dbt", "dbt_version": "1.7.20", "profile_name": "fmcg_sales", "target_name": "dev", "node_id": "model.fmcg_sales.stg_employees"} */

  create view `sales_of_fmcg_stores`.`stg_employees__dbt_tmp`
    
    
  as (
    select
    EmployeeID,
    FirstName,
    LastName
from `sales_of_fmcg_stores`.`employees`
  );
[0m11:18:21.717109 [debug] [Thread-1 (]: SQL status: SUCCESS 0 in 0.0 seconds
[0m11:18:21.722113 [debug] [Thread-1 (]: Using mysql connection "model.fmcg_sales.stg_employees"
[0m11:18:21.723111 [debug] [Thread-1 (]: On model.fmcg_sales.stg_employees: /* {"app": "dbt", "dbt_version": "1.7.20", "profile_name": "fmcg_sales", "target_name": "dev", "node_id": "model.fmcg_sales.stg_employees"} */

    drop view if exists `sales_of_fmcg_stores`.`stg_employees__dbt_backup` cascade
  
[0m11:18:21.725111 [debug] [Thread-1 (]: SQL status: SUCCESS 0 in 0.0 seconds
[0m11:18:21.726127 [debug] [Thread-1 (]: Using mysql connection "model.fmcg_sales.stg_employees"
[0m11:18:21.726127 [debug] [Thread-1 (]: On model.fmcg_sales.stg_employees: /* {"app": "dbt", "dbt_version": "1.7.20", "profile_name": "fmcg_sales", "target_name": "dev", "node_id": "model.fmcg_sales.stg_employees"} */

    rename table `sales_of_fmcg_stores`.`stg_employees` to `sales_of_fmcg_stores`.`stg_employees__dbt_backup`
  
[0m11:21:13.554404 [debug] [Thread-1 (]: SQL status: SUCCESS 0 in 172.0 seconds
[0m11:21:13.556415 [debug] [Thread-1 (]: Using mysql connection "model.fmcg_sales.stg_employees"
[0m11:21:13.557416 [debug] [Thread-1 (]: On model.fmcg_sales.stg_employees: /* {"app": "dbt", "dbt_version": "1.7.20", "profile_name": "fmcg_sales", "target_name": "dev", "node_id": "model.fmcg_sales.stg_employees"} */

    drop view if exists `sales_of_fmcg_stores`.`stg_employees` cascade
  
[0m11:21:13.560407 [debug] [Thread-1 (]: SQL status: SUCCESS 0 in 0.0 seconds
[0m11:21:13.562404 [debug] [Thread-1 (]: Using mysql connection "model.fmcg_sales.stg_employees"
[0m11:21:13.563408 [debug] [Thread-1 (]: On model.fmcg_sales.stg_employees: /* {"app": "dbt", "dbt_version": "1.7.20", "profile_name": "fmcg_sales", "target_name": "dev", "node_id": "model.fmcg_sales.stg_employees"} */

    rename table `sales_of_fmcg_stores`.`stg_employees__dbt_tmp` to `sales_of_fmcg_stores`.`stg_employees`
  
[0m11:21:13.575418 [debug] [Thread-1 (]: SQL status: SUCCESS 0 in 0.0 seconds
[0m11:21:13.591402 [debug] [Thread-1 (]: On model.fmcg_sales.stg_employees: COMMIT
[0m11:21:13.591402 [debug] [Thread-1 (]: Using mysql connection "model.fmcg_sales.stg_employees"
[0m11:21:13.591402 [debug] [Thread-1 (]: On model.fmcg_sales.stg_employees: COMMIT
[0m11:21:13.592401 [debug] [Thread-1 (]: SQL status: SUCCESS 0 in 0.0 seconds
[0m11:21:13.597416 [debug] [Thread-1 (]: Using mysql connection "model.fmcg_sales.stg_employees"
[0m11:21:13.597416 [debug] [Thread-1 (]: On model.fmcg_sales.stg_employees: /* {"app": "dbt", "dbt_version": "1.7.20", "profile_name": "fmcg_sales", "target_name": "dev", "node_id": "model.fmcg_sales.stg_employees"} */
drop view if exists `sales_of_fmcg_stores`.`stg_employees__dbt_backup`
[0m11:21:13.605402 [debug] [Thread-1 (]: SQL status: SUCCESS 0 in 0.0 seconds
[0m11:21:13.606406 [debug] [Thread-1 (]: Timing info for model.fmcg_sales.stg_employees (execute): 11:18:21.634696 => 11:21:13.606406
[0m11:21:13.607498 [debug] [Thread-1 (]: On model.fmcg_sales.stg_employees: Close
[0m11:21:13.608410 [debug] [Thread-1 (]: Sending event: {'category': 'dbt', 'action': 'run_model', 'label': 'b792d3fd-1066-4fb9-b633-bd501112f959', 'context': [<snowplow_tracker.self_describing_json.SelfDescribingJson object at 0x000001C930E06C00>]}
[0m11:21:13.609402 [info ] [Thread-1 (]: 10 of 19 OK created sql view model sales_of_fmcg_stores.stg_employees .......... [[32mSUCCESS 0[0m in 171.99s]
[0m11:21:13.610404 [debug] [Thread-1 (]: Finished running node model.fmcg_sales.stg_employees
[0m11:21:13.610404 [debug] [Thread-1 (]: Began running node model.fmcg_sales.stg_products
[0m11:21:13.611401 [info ] [Thread-1 (]: 11 of 19 START sql view model sales_of_fmcg_stores.stg_products ................ [RUN]
[0m11:21:13.612411 [debug] [Thread-1 (]: Re-using an available connection from the pool (formerly model.fmcg_sales.stg_employees, now model.fmcg_sales.stg_products)
[0m11:21:13.612411 [debug] [Thread-1 (]: Began compiling node model.fmcg_sales.stg_products
[0m11:21:13.615410 [debug] [Thread-1 (]: Writing injected SQL for node "model.fmcg_sales.stg_products"
[0m11:21:13.617401 [debug] [Thread-1 (]: Timing info for model.fmcg_sales.stg_products (compile): 11:21:13.613418 => 11:21:13.617401
[0m11:21:13.617401 [debug] [Thread-1 (]: Began executing node model.fmcg_sales.stg_products
[0m11:21:13.621403 [debug] [Thread-1 (]: Writing runtime sql for node "model.fmcg_sales.stg_products"
[0m11:21:13.622403 [debug] [Thread-1 (]: Using mysql connection "model.fmcg_sales.stg_products"
[0m11:21:13.622403 [debug] [Thread-1 (]: On model.fmcg_sales.stg_products: BEGIN
[0m11:21:13.623406 [debug] [Thread-1 (]: Opening a new connection, currently in state closed
[0m11:21:13.671402 [debug] [Thread-1 (]: SQL status: SUCCESS 0 in 0.0 seconds
[0m11:21:13.672441 [debug] [Thread-1 (]: Using mysql connection "model.fmcg_sales.stg_products"
[0m11:21:13.672441 [debug] [Thread-1 (]: On model.fmcg_sales.stg_products: /* {"app": "dbt", "dbt_version": "1.7.20", "profile_name": "fmcg_sales", "target_name": "dev", "node_id": "model.fmcg_sales.stg_products"} */

  create view `sales_of_fmcg_stores`.`stg_products__dbt_tmp`
    
    
  as (
    select
    ProductID,
    ProductName,
    CategoryID,
    Class,
    Price
from `sales_of_fmcg_stores`.`products`
  );
[0m11:21:13.679077 [debug] [Thread-1 (]: SQL status: SUCCESS 0 in 0.0 seconds
[0m11:21:13.682126 [debug] [Thread-1 (]: Using mysql connection "model.fmcg_sales.stg_products"
[0m11:21:13.682126 [debug] [Thread-1 (]: On model.fmcg_sales.stg_products: /* {"app": "dbt", "dbt_version": "1.7.20", "profile_name": "fmcg_sales", "target_name": "dev", "node_id": "model.fmcg_sales.stg_products"} */

    drop view if exists `sales_of_fmcg_stores`.`stg_products__dbt_backup` cascade
  
[0m11:21:13.685066 [debug] [Thread-1 (]: SQL status: SUCCESS 0 in 0.0 seconds
[0m11:21:13.686120 [debug] [Thread-1 (]: Using mysql connection "model.fmcg_sales.stg_products"
[0m11:21:13.686120 [debug] [Thread-1 (]: On model.fmcg_sales.stg_products: /* {"app": "dbt", "dbt_version": "1.7.20", "profile_name": "fmcg_sales", "target_name": "dev", "node_id": "model.fmcg_sales.stg_products"} */

    rename table `sales_of_fmcg_stores`.`stg_products` to `sales_of_fmcg_stores`.`stg_products__dbt_backup`
  
[0m11:21:13.693089 [debug] [Thread-1 (]: SQL status: SUCCESS 0 in 0.0 seconds
[0m11:21:13.746425 [debug] [Thread-1 (]: Using mysql connection "model.fmcg_sales.stg_products"
[0m11:21:13.746425 [debug] [Thread-1 (]: On model.fmcg_sales.stg_products: /* {"app": "dbt", "dbt_version": "1.7.20", "profile_name": "fmcg_sales", "target_name": "dev", "node_id": "model.fmcg_sales.stg_products"} */

    drop view if exists `sales_of_fmcg_stores`.`stg_products` cascade
  
[0m11:21:13.749414 [debug] [Thread-1 (]: SQL status: SUCCESS 0 in 0.0 seconds
[0m11:21:13.750443 [debug] [Thread-1 (]: Using mysql connection "model.fmcg_sales.stg_products"
[0m11:21:13.750443 [debug] [Thread-1 (]: On model.fmcg_sales.stg_products: /* {"app": "dbt", "dbt_version": "1.7.20", "profile_name": "fmcg_sales", "target_name": "dev", "node_id": "model.fmcg_sales.stg_products"} */

    rename table `sales_of_fmcg_stores`.`stg_products__dbt_tmp` to `sales_of_fmcg_stores`.`stg_products`
  
[0m11:21:13.761379 [debug] [Thread-1 (]: SQL status: SUCCESS 0 in 0.0 seconds
[0m11:21:13.763377 [debug] [Thread-1 (]: On model.fmcg_sales.stg_products: COMMIT
[0m11:21:13.767430 [debug] [Thread-1 (]: Using mysql connection "model.fmcg_sales.stg_products"
[0m11:21:13.768376 [debug] [Thread-1 (]: On model.fmcg_sales.stg_products: COMMIT
[0m11:21:13.769572 [debug] [Thread-1 (]: SQL status: SUCCESS 0 in 0.0 seconds
[0m11:21:13.771583 [debug] [Thread-1 (]: Using mysql connection "model.fmcg_sales.stg_products"
[0m11:21:13.771583 [debug] [Thread-1 (]: On model.fmcg_sales.stg_products: /* {"app": "dbt", "dbt_version": "1.7.20", "profile_name": "fmcg_sales", "target_name": "dev", "node_id": "model.fmcg_sales.stg_products"} */
drop view if exists `sales_of_fmcg_stores`.`stg_products__dbt_backup`
[0m11:21:13.776444 [debug] [Thread-1 (]: SQL status: SUCCESS 0 in 0.0 seconds
[0m11:21:13.778422 [debug] [Thread-1 (]: Timing info for model.fmcg_sales.stg_products (execute): 11:21:13.618405 => 11:21:13.778422
[0m11:21:13.778422 [debug] [Thread-1 (]: On model.fmcg_sales.stg_products: Close
[0m11:21:13.779311 [debug] [Thread-1 (]: Sending event: {'category': 'dbt', 'action': 'run_model', 'label': 'b792d3fd-1066-4fb9-b633-bd501112f959', 'context': [<snowplow_tracker.self_describing_json.SelfDescribingJson object at 0x000001C930E4A870>]}
[0m11:21:13.779311 [info ] [Thread-1 (]: 11 of 19 OK created sql view model sales_of_fmcg_stores.stg_products ........... [[32mSUCCESS 0[0m in 0.17s]
[0m11:21:13.780326 [debug] [Thread-1 (]: Finished running node model.fmcg_sales.stg_products
[0m11:21:13.780326 [debug] [Thread-1 (]: Began running node model.fmcg_sales.stg_sales
[0m11:21:13.781310 [info ] [Thread-1 (]: 12 of 19 START sql view model sales_of_fmcg_stores.stg_sales ................... [RUN]
[0m11:21:13.783314 [debug] [Thread-1 (]: Re-using an available connection from the pool (formerly model.fmcg_sales.stg_products, now model.fmcg_sales.stg_sales)
[0m11:21:13.783314 [debug] [Thread-1 (]: Began compiling node model.fmcg_sales.stg_sales
[0m11:21:13.785311 [debug] [Thread-1 (]: Writing injected SQL for node "model.fmcg_sales.stg_sales"
[0m11:21:13.786311 [debug] [Thread-1 (]: Timing info for model.fmcg_sales.stg_sales (compile): 11:21:13.783314 => 11:21:13.786311
[0m11:21:13.786311 [debug] [Thread-1 (]: Began executing node model.fmcg_sales.stg_sales
[0m11:21:13.790310 [debug] [Thread-1 (]: Writing runtime sql for node "model.fmcg_sales.stg_sales"
[0m11:21:13.791312 [debug] [Thread-1 (]: Using mysql connection "model.fmcg_sales.stg_sales"
[0m11:21:13.791312 [debug] [Thread-1 (]: On model.fmcg_sales.stg_sales: BEGIN
[0m11:21:13.792312 [debug] [Thread-1 (]: Opening a new connection, currently in state closed
[0m11:21:13.842312 [debug] [Thread-1 (]: SQL status: SUCCESS 0 in 0.0 seconds
[0m11:21:13.842312 [debug] [Thread-1 (]: Using mysql connection "model.fmcg_sales.stg_sales"
[0m11:21:13.843330 [debug] [Thread-1 (]: On model.fmcg_sales.stg_sales: /* {"app": "dbt", "dbt_version": "1.7.20", "profile_name": "fmcg_sales", "target_name": "dev", "node_id": "model.fmcg_sales.stg_sales"} */

  create view `sales_of_fmcg_stores`.`stg_sales__dbt_tmp`
    
    
  as (
    select
    SalesID,
    SalesPersonID,
    CustomerID,
    ProductID,
    Quantity,
    Discount,
    TotalPrice,
    SalesDate,
    TransactionNumber
from `sales_of_fmcg_stores`.`sales`
  );
[0m11:21:13.849325 [debug] [Thread-1 (]: SQL status: SUCCESS 0 in 0.0 seconds
[0m11:21:13.852311 [debug] [Thread-1 (]: Using mysql connection "model.fmcg_sales.stg_sales"
[0m11:21:13.852311 [debug] [Thread-1 (]: On model.fmcg_sales.stg_sales: /* {"app": "dbt", "dbt_version": "1.7.20", "profile_name": "fmcg_sales", "target_name": "dev", "node_id": "model.fmcg_sales.stg_sales"} */

    drop view if exists `sales_of_fmcg_stores`.`stg_sales__dbt_backup` cascade
  
[0m11:21:13.854309 [debug] [Thread-1 (]: SQL status: SUCCESS 0 in 0.0 seconds
[0m11:21:13.855313 [debug] [Thread-1 (]: Using mysql connection "model.fmcg_sales.stg_sales"
[0m11:21:13.855313 [debug] [Thread-1 (]: On model.fmcg_sales.stg_sales: /* {"app": "dbt", "dbt_version": "1.7.20", "profile_name": "fmcg_sales", "target_name": "dev", "node_id": "model.fmcg_sales.stg_sales"} */

    rename table `sales_of_fmcg_stores`.`stg_sales` to `sales_of_fmcg_stores`.`stg_sales__dbt_backup`
  
[0m11:21:13.861850 [debug] [Thread-1 (]: SQL status: SUCCESS 0 in 0.0 seconds
[0m11:21:13.863847 [debug] [Thread-1 (]: Using mysql connection "model.fmcg_sales.stg_sales"
[0m11:21:13.863847 [debug] [Thread-1 (]: On model.fmcg_sales.stg_sales: /* {"app": "dbt", "dbt_version": "1.7.20", "profile_name": "fmcg_sales", "target_name": "dev", "node_id": "model.fmcg_sales.stg_sales"} */

    drop view if exists `sales_of_fmcg_stores`.`stg_sales` cascade
  
[0m11:21:13.866851 [debug] [Thread-1 (]: SQL status: SUCCESS 0 in 0.0 seconds
[0m11:21:13.866851 [debug] [Thread-1 (]: Using mysql connection "model.fmcg_sales.stg_sales"
[0m11:21:13.867847 [debug] [Thread-1 (]: On model.fmcg_sales.stg_sales: /* {"app": "dbt", "dbt_version": "1.7.20", "profile_name": "fmcg_sales", "target_name": "dev", "node_id": "model.fmcg_sales.stg_sales"} */

    rename table `sales_of_fmcg_stores`.`stg_sales__dbt_tmp` to `sales_of_fmcg_stores`.`stg_sales`
  
[0m11:21:13.875890 [debug] [Thread-1 (]: SQL status: SUCCESS 0 in 0.0 seconds
[0m11:21:13.877893 [debug] [Thread-1 (]: On model.fmcg_sales.stg_sales: COMMIT
[0m11:21:13.877893 [debug] [Thread-1 (]: Using mysql connection "model.fmcg_sales.stg_sales"
[0m11:21:13.878887 [debug] [Thread-1 (]: On model.fmcg_sales.stg_sales: COMMIT
[0m11:21:13.879928 [debug] [Thread-1 (]: SQL status: SUCCESS 0 in 0.0 seconds
[0m11:21:13.881934 [debug] [Thread-1 (]: Using mysql connection "model.fmcg_sales.stg_sales"
[0m11:21:13.881934 [debug] [Thread-1 (]: On model.fmcg_sales.stg_sales: /* {"app": "dbt", "dbt_version": "1.7.20", "profile_name": "fmcg_sales", "target_name": "dev", "node_id": "model.fmcg_sales.stg_sales"} */
drop view if exists `sales_of_fmcg_stores`.`stg_sales__dbt_backup`
[0m11:21:13.887906 [debug] [Thread-1 (]: SQL status: SUCCESS 0 in 0.0 seconds
[0m11:21:13.888971 [debug] [Thread-1 (]: Timing info for model.fmcg_sales.stg_sales (execute): 11:21:13.786311 => 11:21:13.888971
[0m11:21:13.889973 [debug] [Thread-1 (]: On model.fmcg_sales.stg_sales: Close
[0m11:21:13.889973 [debug] [Thread-1 (]: Sending event: {'category': 'dbt', 'action': 'run_model', 'label': 'b792d3fd-1066-4fb9-b633-bd501112f959', 'context': [<snowplow_tracker.self_describing_json.SelfDescribingJson object at 0x000001C930E4A870>]}
[0m11:21:13.890921 [info ] [Thread-1 (]: 12 of 19 OK created sql view model sales_of_fmcg_stores.stg_sales .............. [[32mSUCCESS 0[0m in 0.11s]
[0m11:21:13.890921 [debug] [Thread-1 (]: Finished running node model.fmcg_sales.stg_sales
[0m11:21:13.891972 [debug] [Thread-1 (]: Began running node model.fmcg_sales.sales_person_monthly_agg
[0m11:21:13.892851 [info ] [Thread-1 (]: 13 of 19 START sql table model sales_of_fmcg_stores.sales_person_monthly_agg ... [RUN]
[0m11:21:13.893935 [debug] [Thread-1 (]: Re-using an available connection from the pool (formerly model.fmcg_sales.stg_sales, now model.fmcg_sales.sales_person_monthly_agg)
[0m11:21:13.893935 [debug] [Thread-1 (]: Began compiling node model.fmcg_sales.sales_person_monthly_agg
[0m11:21:13.895937 [debug] [Thread-1 (]: Writing injected SQL for node "model.fmcg_sales.sales_person_monthly_agg"
[0m11:21:13.896938 [debug] [Thread-1 (]: Timing info for model.fmcg_sales.sales_person_monthly_agg (compile): 11:21:13.893935 => 11:21:13.896938
[0m11:21:13.896938 [debug] [Thread-1 (]: Began executing node model.fmcg_sales.sales_person_monthly_agg
[0m11:21:13.916931 [debug] [Thread-1 (]: Writing runtime sql for node "model.fmcg_sales.sales_person_monthly_agg"
[0m11:21:13.918848 [debug] [Thread-1 (]: Using mysql connection "model.fmcg_sales.sales_person_monthly_agg"
[0m11:21:13.918848 [debug] [Thread-1 (]: On model.fmcg_sales.sales_person_monthly_agg: BEGIN
[0m11:21:13.918848 [debug] [Thread-1 (]: Opening a new connection, currently in state closed
[0m11:21:13.979894 [debug] [Thread-1 (]: SQL status: SUCCESS 0 in 0.0 seconds
[0m11:21:13.980893 [debug] [Thread-1 (]: Using mysql connection "model.fmcg_sales.sales_person_monthly_agg"
[0m11:21:13.981893 [debug] [Thread-1 (]: On model.fmcg_sales.sales_person_monthly_agg: /* {"app": "dbt", "dbt_version": "1.7.20", "profile_name": "fmcg_sales", "target_name": "dev", "node_id": "model.fmcg_sales.sales_person_monthly_agg"} */

  
    

  create  table
    `sales_of_fmcg_stores`.`sales_person_monthly_agg__dbt_tmp`
    
    
      as
    
    (
      select
    date_format(s.SalesDate, '%Y-%m') as SalesMonth,
    s.SalesPersonID,
    count(*) as total_transactions,
    sum(s.Quantity) as total_quantity,
    round(sum(s.Quantity * p.Price * (1 - s.Discount)), 4) as total_revenue,
    round(
        sum(s.Quantity * p.Price * (1 - s.Discount)) / nullif(count(*), 0),
        4
    ) as avg_revenue_per_transaction
from `sales_of_fmcg_stores`.`stg_sales` s
join `sales_of_fmcg_stores`.`stg_products` p
    on s.ProductID = p.ProductID
where s.SalesDate is not null
group by
    date_format(s.SalesDate, '%Y-%m'),
    s.SalesPersonID
    )

  
[0m11:21:13.986890 [debug] [Thread-1 (]: mysql adapter: MySQL error: 1050 (42S01): Table 'sales_person_monthly_agg__dbt_tmp' already exists
[0m11:21:13.986890 [debug] [Thread-1 (]: On model.fmcg_sales.sales_person_monthly_agg: ROLLBACK
[0m11:21:13.987908 [debug] [Thread-1 (]: Timing info for model.fmcg_sales.sales_person_monthly_agg (execute): 11:21:13.897846 => 11:21:13.987908
[0m11:21:13.987908 [debug] [Thread-1 (]: On model.fmcg_sales.sales_person_monthly_agg: Close
[0m11:21:13.992914 [debug] [Thread-1 (]: Database Error in model sales_person_monthly_agg (models\marts\sales_person_monthly_agg.sql)
  1050 (42S01): Table 'sales_person_monthly_agg__dbt_tmp' already exists
  compiled Code at target\run\fmcg_sales\models\marts\sales_person_monthly_agg.sql
[0m11:21:13.992914 [debug] [Thread-1 (]: Sending event: {'category': 'dbt', 'action': 'run_model', 'label': 'b792d3fd-1066-4fb9-b633-bd501112f959', 'context': [<snowplow_tracker.self_describing_json.SelfDescribingJson object at 0x000001C92F538AA0>]}
[0m11:21:13.993911 [error] [Thread-1 (]: 13 of 19 ERROR creating sql table model sales_of_fmcg_stores.sales_person_monthly_agg  [[31mERROR[0m in 0.10s]
[0m11:21:13.994908 [debug] [Thread-1 (]: Finished running node model.fmcg_sales.sales_person_monthly_agg
[0m11:21:13.994908 [debug] [Thread-1 (]: Began running node test.fmcg_sales.not_null_sales_person_monthly_agg_SalesMonth.1681f80c8b
[0m11:21:13.995906 [info ] [Thread-1 (]: 14 of 19 SKIP test not_null_sales_person_monthly_agg_SalesMonth ................ [[33mSKIP[0m]
[0m11:21:13.995906 [debug] [Thread-1 (]: Finished running node test.fmcg_sales.not_null_sales_person_monthly_agg_SalesMonth.1681f80c8b
[0m11:21:13.996889 [debug] [Thread-1 (]: Began running node test.fmcg_sales.not_null_sales_person_monthly_agg_SalesPersonID.ec25ae8658
[0m11:21:13.996889 [info ] [Thread-1 (]: 15 of 19 SKIP test not_null_sales_person_monthly_agg_SalesPersonID ............. [[33mSKIP[0m]
[0m11:21:13.996889 [debug] [Thread-1 (]: Finished running node test.fmcg_sales.not_null_sales_person_monthly_agg_SalesPersonID.ec25ae8658
[0m11:21:13.997889 [debug] [Thread-1 (]: Began running node model.fmcg_sales.salesperson_monthly_summary
[0m11:21:13.998927 [info ] [Thread-1 (]: 16 of 19 SKIP relation sales_of_fmcg_stores.salesperson_monthly_summary ........ [[33mSKIP[0m]
[0m11:21:13.998927 [debug] [Thread-1 (]: Finished running node model.fmcg_sales.salesperson_monthly_summary
[0m11:21:13.999917 [debug] [Thread-1 (]: Began running node test.fmcg_sales.not_null_salesperson_monthly_summary_SalesMonth.ac15daec5b
[0m11:21:13.999917 [info ] [Thread-1 (]: 17 of 19 SKIP test not_null_salesperson_monthly_summary_SalesMonth ............. [[33mSKIP[0m]
[0m11:21:14.000907 [debug] [Thread-1 (]: Finished running node test.fmcg_sales.not_null_salesperson_monthly_summary_SalesMonth.ac15daec5b
[0m11:21:14.000907 [debug] [Thread-1 (]: Began running node test.fmcg_sales.not_null_salesperson_monthly_summary_SalesPersonID.6931207576
[0m11:21:14.001985 [info ] [Thread-1 (]: 18 of 19 SKIP test not_null_salesperson_monthly_summary_SalesPersonID .......... [[33mSKIP[0m]
[0m11:21:14.001985 [debug] [Thread-1 (]: Finished running node test.fmcg_sales.not_null_salesperson_monthly_summary_SalesPersonID.6931207576
[0m11:21:14.002892 [debug] [Thread-1 (]: Began running node test.fmcg_sales.not_null_salesperson_monthly_summary_SalesPersonName.b896308ef9
[0m11:21:14.002892 [info ] [Thread-1 (]: 19 of 19 SKIP test not_null_salesperson_monthly_summary_SalesPersonName ........ [[33mSKIP[0m]
[0m11:21:14.003889 [debug] [Thread-1 (]: Finished running node test.fmcg_sales.not_null_salesperson_monthly_summary_SalesPersonName.b896308ef9
[0m11:21:14.004888 [debug] [MainThread]: Using mysql connection "master"
[0m11:21:14.004888 [debug] [MainThread]: On master: BEGIN
[0m11:21:14.005906 [debug] [MainThread]: Opening a new connection, currently in state closed
[0m11:21:14.049008 [debug] [MainThread]: SQL status: SUCCESS 0 in 0.0 seconds
[0m11:21:14.049008 [debug] [MainThread]: On master: COMMIT
[0m11:21:14.049008 [debug] [MainThread]: Using mysql connection "master"
[0m11:21:14.049008 [debug] [MainThread]: On master: COMMIT
[0m11:21:14.049983 [debug] [MainThread]: SQL status: SUCCESS 0 in 0.0 seconds
[0m11:21:14.049983 [debug] [MainThread]: On master: Close
[0m11:21:14.050982 [debug] [MainThread]: Connection 'master' was properly closed.
[0m11:21:14.050982 [debug] [MainThread]: Connection 'list_schemas' was properly closed.
[0m11:21:14.050982 [debug] [MainThread]: Connection 'list_None_sales_of_fmcg_stores' was properly closed.
[0m11:21:14.052000 [debug] [MainThread]: Connection 'model.fmcg_sales.sales_person_monthly_agg' was properly closed.
[0m11:21:14.052977 [info ] [MainThread]: 
[0m11:21:14.052977 [info ] [MainThread]: Finished running 14 tests, 3 view models, 2 table models in 0 hours 3 minutes and 5.11 seconds (185.11s).
[0m11:21:14.054986 [debug] [MainThread]: Command end result
[0m11:21:14.064902 [info ] [MainThread]: 
[0m11:21:14.065898 [info ] [MainThread]: [31mCompleted with 1 error and 0 warnings:[0m
[0m11:21:14.066898 [info ] [MainThread]: 
[0m11:21:14.066898 [error] [MainThread]:   Database Error in model sales_person_monthly_agg (models\marts\sales_person_monthly_agg.sql)
  1050 (42S01): Table 'sales_person_monthly_agg__dbt_tmp' already exists
  compiled Code at target\run\fmcg_sales\models\marts\sales_person_monthly_agg.sql
[0m11:21:14.067894 [info ] [MainThread]: 
[0m11:21:14.068932 [info ] [MainThread]: Done. PASS=12 WARN=0 ERROR=1 SKIP=6 TOTAL=19
[0m11:21:14.069936 [debug] [MainThread]: Command `dbt build` failed at 11:21:14.069936 after 185.73 seconds
[0m11:21:14.069936 [debug] [MainThread]: Sending event: {'category': 'dbt', 'action': 'invocation', 'label': 'end', 'context': [<snowplow_tracker.self_describing_json.SelfDescribingJson object at 0x000001C92EFBE390>, <snowplow_tracker.self_describing_json.SelfDescribingJson object at 0x000001C92F6B55B0>, <snowplow_tracker.self_describing_json.SelfDescribingJson object at 0x000001C92F6B4050>]}
[0m11:21:14.070928 [debug] [MainThread]: Flushing usage events
[0m11:23:11.007619 [debug] [MainThread]: Sending event: {'category': 'dbt', 'action': 'invocation', 'label': 'start', 'context': [<snowplow_tracker.self_describing_json.SelfDescribingJson object at 0x000001512CAE62D0>, <snowplow_tracker.self_describing_json.SelfDescribingJson object at 0x000001512C615160>, <snowplow_tracker.self_describing_json.SelfDescribingJson object at 0x000001512CAE60C0>]}


============================== 11:23:11.013770 | 7843d472-6e37-4a89-a907-38a2509a41aa ==============================
[0m11:23:11.013770 [info ] [MainThread]: Running with dbt=1.7.20
[0m11:23:11.014766 [debug] [MainThread]: running dbt with arguments {'printer_width': '80', 'indirect_selection': 'eager', 'write_json': 'True', 'log_cache_events': 'False', 'partial_parse': 'True', 'cache_selected_only': 'False', 'profiles_dir': 'C:\\Users\\ADMIN\\.dbt', 'debug': 'False', 'warn_error': 'None', 'log_path': 'C:\\nguyen\\Projects\\Bài 18_ Sales of FMCG Stores\\logs', 'version_check': 'True', 'fail_fast': 'False', 'use_colors': 'True', 'use_experimental_parser': 'False', 'no_print': 'None', 'quiet': 'False', 'log_format': 'default', 'invocation_command': 'dbt build --select +salesperson_monthly_summary', 'static_parser': 'True', 'introspect': 'True', 'target_path': 'None', 'warn_error_options': 'WarnErrorOptions(include=[], exclude=[])', 'send_anonymous_usage_stats': 'True'}
[0m11:23:11.014766 [info ] [MainThread]: This version of dbt is deprecated and no longer receives regular patches, including for known bugs. We recommend upgrading to a newer supported version of dbt: https://docs.getdbt.com/docs/dbt-versions
[0m11:23:11.015754 [debug] [MainThread]: Sending event: {'category': 'dbt', 'action': 'deprecated_version_invocation', 'label': '7843d472-6e37-4a89-a907-38a2509a41aa', 'context': [<snowplow_tracker.self_describing_json.SelfDescribingJson object at 0x000001512C615160>]}
[0m11:23:11.130757 [debug] [MainThread]: Sending event: {'category': 'dbt', 'action': 'project_id', 'label': '7843d472-6e37-4a89-a907-38a2509a41aa', 'context': [<snowplow_tracker.self_describing_json.SelfDescribingJson object at 0x000001512CB30950>]}
[0m11:23:11.169241 [debug] [MainThread]: Sending event: {'category': 'dbt', 'action': 'adapter_info', 'label': '7843d472-6e37-4a89-a907-38a2509a41aa', 'context': [<snowplow_tracker.self_describing_json.SelfDescribingJson object at 0x000001512BBE9EE0>]}
[0m11:23:11.170241 [info ] [MainThread]: Registered adapter: mysql=1.7.0
[0m11:23:11.176456 [debug] [MainThread]: checksum: e60e9a7db60717b27391e9fcca7ffc2f1c59992fad004fb73a09489fe7f93d3f, vars: {}, profile: , target: , version: 1.7.20
[0m11:23:11.244723 [debug] [MainThread]: Partial parsing enabled: 0 files deleted, 0 files added, 0 files changed.
[0m11:23:11.244723 [debug] [MainThread]: Partial parsing enabled, no changes found, skipping parsing
[0m11:23:11.249724 [debug] [MainThread]: Sending event: {'category': 'dbt', 'action': 'load_project', 'label': '7843d472-6e37-4a89-a907-38a2509a41aa', 'context': [<snowplow_tracker.self_describing_json.SelfDescribingJson object at 0x000001512D02E8D0>]}
[0m11:23:11.266390 [debug] [MainThread]: Sending event: {'category': 'dbt', 'action': 'resource_counts', 'label': '7843d472-6e37-4a89-a907-38a2509a41aa', 'context': [<snowplow_tracker.self_describing_json.SelfDescribingJson object at 0x000001512E118FE0>]}
[0m11:23:11.266900 [info ] [MainThread]: Found 24 models, 57 tests, 7 sources, 0 exposures, 0 metrics, 375 macros, 0 groups, 0 semantic models
[0m11:23:11.268915 [info ] [MainThread]: 
[0m11:23:11.269914 [debug] [MainThread]: Acquiring new mysql connection 'master'
[0m11:23:11.270910 [debug] [ThreadPool]: Acquiring new mysql connection 'list_schemas'
[0m11:23:11.276915 [debug] [ThreadPool]: Using mysql connection "list_schemas"
[0m11:23:11.277960 [debug] [ThreadPool]: On list_schemas: /* {"app": "dbt", "dbt_version": "1.7.20", "profile_name": "fmcg_sales", "target_name": "dev", "connection_name": "list_schemas"} */
select distinct schema_name
        from information_schema.schemata
[0m11:23:11.277960 [debug] [ThreadPool]: Opening a new connection, currently in state init
[0m11:23:11.353959 [debug] [ThreadPool]: SQL status: SUCCESS 8 in 0.0 seconds
[0m11:23:11.354964 [debug] [ThreadPool]: On list_schemas: Close
[0m11:23:11.356980 [debug] [ThreadPool]: Acquiring new mysql connection 'list_None_sales_of_fmcg_stores'
[0m11:23:11.359963 [debug] [ThreadPool]: Using mysql connection "list_None_sales_of_fmcg_stores"
[0m11:23:11.360956 [debug] [ThreadPool]: On list_None_sales_of_fmcg_stores: BEGIN
[0m11:23:11.360956 [debug] [ThreadPool]: Opening a new connection, currently in state init
[0m11:23:11.405914 [debug] [ThreadPool]: SQL status: SUCCESS 0 in 0.0 seconds
[0m11:23:11.405914 [debug] [ThreadPool]: Using mysql connection "list_None_sales_of_fmcg_stores"
[0m11:23:11.405914 [debug] [ThreadPool]: On list_None_sales_of_fmcg_stores: /* {"app": "dbt", "dbt_version": "1.7.20", "profile_name": "fmcg_sales", "target_name": "dev", "connection_name": "list_None_sales_of_fmcg_stores"} */
select
      null as "database",
      table_name as name,
      table_schema as "schema",
      case when table_type = 'BASE TABLE' then 'table'
           when table_type = 'VIEW' then 'view'
           else table_type
      end as table_type
    from information_schema.tables
    where table_schema = 'sales_of_fmcg_stores'
  
[0m11:23:11.408917 [debug] [ThreadPool]: SQL status: SUCCESS 34 in 0.0 seconds
[0m11:23:11.411918 [debug] [ThreadPool]: On list_None_sales_of_fmcg_stores: ROLLBACK
[0m11:23:11.412913 [debug] [ThreadPool]: On list_None_sales_of_fmcg_stores: Close
[0m11:23:11.417963 [debug] [MainThread]: Sending event: {'category': 'dbt', 'action': 'runnable_timing', 'label': '7843d472-6e37-4a89-a907-38a2509a41aa', 'context': [<snowplow_tracker.self_describing_json.SelfDescribingJson object at 0x000001512C72BC80>]}
[0m11:23:11.417963 [debug] [MainThread]: Using mysql connection "master"
[0m11:23:11.417963 [debug] [MainThread]: On master: BEGIN
[0m11:23:11.417963 [debug] [MainThread]: Opening a new connection, currently in state init
[0m11:23:11.461523 [debug] [MainThread]: SQL status: SUCCESS 0 in 0.0 seconds
[0m11:23:11.461523 [debug] [MainThread]: On master: COMMIT
[0m11:23:11.461523 [debug] [MainThread]: Using mysql connection "master"
[0m11:23:11.462523 [debug] [MainThread]: On master: COMMIT
[0m11:23:11.462523 [debug] [MainThread]: SQL status: SUCCESS 0 in 0.0 seconds
[0m11:23:11.463532 [debug] [MainThread]: On master: Close
[0m11:23:11.463532 [info ] [MainThread]: Concurrency: 1 threads (target='dev')
[0m11:23:11.464480 [info ] [MainThread]: 
[0m11:23:11.466546 [debug] [Thread-1 (]: Began running node test.fmcg_sales.source_not_null_raw_employees_EmployeeID.4e95fdb9d3
[0m11:23:11.466546 [info ] [Thread-1 (]: 1 of 19 START test source_not_null_raw_employees_EmployeeID .................... [RUN]
[0m11:23:11.467522 [debug] [Thread-1 (]: Acquiring new mysql connection 'test.fmcg_sales.source_not_null_raw_employees_EmployeeID.4e95fdb9d3'
[0m11:23:11.467522 [debug] [Thread-1 (]: Began compiling node test.fmcg_sales.source_not_null_raw_employees_EmployeeID.4e95fdb9d3
[0m11:23:11.479521 [debug] [Thread-1 (]: Writing injected SQL for node "test.fmcg_sales.source_not_null_raw_employees_EmployeeID.4e95fdb9d3"
[0m11:23:11.481475 [debug] [Thread-1 (]: Timing info for test.fmcg_sales.source_not_null_raw_employees_EmployeeID.4e95fdb9d3 (compile): 11:23:11.468522 => 11:23:11.480563
[0m11:23:11.481475 [debug] [Thread-1 (]: Began executing node test.fmcg_sales.source_not_null_raw_employees_EmployeeID.4e95fdb9d3
[0m11:23:11.491430 [debug] [Thread-1 (]: Writing runtime sql for node "test.fmcg_sales.source_not_null_raw_employees_EmployeeID.4e95fdb9d3"
[0m11:23:11.492456 [debug] [Thread-1 (]: Using mysql connection "test.fmcg_sales.source_not_null_raw_employees_EmployeeID.4e95fdb9d3"
[0m11:23:11.493438 [debug] [Thread-1 (]: On test.fmcg_sales.source_not_null_raw_employees_EmployeeID.4e95fdb9d3: BEGIN
[0m11:23:11.493438 [debug] [Thread-1 (]: Opening a new connection, currently in state init
[0m11:23:11.538034 [debug] [Thread-1 (]: SQL status: SUCCESS 0 in 0.0 seconds
[0m11:23:11.538034 [debug] [Thread-1 (]: Using mysql connection "test.fmcg_sales.source_not_null_raw_employees_EmployeeID.4e95fdb9d3"
[0m11:23:11.539033 [debug] [Thread-1 (]: On test.fmcg_sales.source_not_null_raw_employees_EmployeeID.4e95fdb9d3: /* {"app": "dbt", "dbt_version": "1.7.20", "profile_name": "fmcg_sales", "target_name": "dev", "node_id": "test.fmcg_sales.source_not_null_raw_employees_EmployeeID.4e95fdb9d3"} */
select
      count(*) as failures,
      case
        when count(*) <> 0 then 'true'
        else 'false'
      end as should_warn,
      case
        when count(*) <> 0 then 'true'
        else 'false'
      end as should_error
    from (
      
    
    



select EmployeeID
from `sales_of_fmcg_stores`.`employees`
where EmployeeID is null



      
    ) dbt_internal_test
[0m11:23:11.540034 [debug] [Thread-1 (]: SQL status: SUCCESS 1 in 0.0 seconds
[0m11:23:11.542033 [debug] [Thread-1 (]: Timing info for test.fmcg_sales.source_not_null_raw_employees_EmployeeID.4e95fdb9d3 (execute): 11:23:11.481475 => 11:23:11.541033
[0m11:23:11.542033 [debug] [Thread-1 (]: On test.fmcg_sales.source_not_null_raw_employees_EmployeeID.4e95fdb9d3: ROLLBACK
[0m11:23:11.543032 [debug] [Thread-1 (]: On test.fmcg_sales.source_not_null_raw_employees_EmployeeID.4e95fdb9d3: Close
[0m11:23:11.543032 [info ] [Thread-1 (]: 1 of 19 PASS source_not_null_raw_employees_EmployeeID .......................... [[32mPASS[0m in 0.08s]
[0m11:23:11.544032 [debug] [Thread-1 (]: Finished running node test.fmcg_sales.source_not_null_raw_employees_EmployeeID.4e95fdb9d3
[0m11:23:11.544032 [debug] [Thread-1 (]: Began running node test.fmcg_sales.source_not_null_raw_products_ProductID.9bf99791be
[0m11:23:11.545033 [info ] [Thread-1 (]: 2 of 19 START test source_not_null_raw_products_ProductID ...................... [RUN]
[0m11:23:11.546032 [debug] [Thread-1 (]: Re-using an available connection from the pool (formerly test.fmcg_sales.source_not_null_raw_employees_EmployeeID.4e95fdb9d3, now test.fmcg_sales.source_not_null_raw_products_ProductID.9bf99791be)
[0m11:23:11.546032 [debug] [Thread-1 (]: Began compiling node test.fmcg_sales.source_not_null_raw_products_ProductID.9bf99791be
[0m11:23:11.549155 [debug] [Thread-1 (]: Writing injected SQL for node "test.fmcg_sales.source_not_null_raw_products_ProductID.9bf99791be"
[0m11:23:11.551066 [debug] [Thread-1 (]: Timing info for test.fmcg_sales.source_not_null_raw_products_ProductID.9bf99791be (compile): 11:23:11.546032 => 11:23:11.550090
[0m11:23:11.551066 [debug] [Thread-1 (]: Began executing node test.fmcg_sales.source_not_null_raw_products_ProductID.9bf99791be
[0m11:23:11.553084 [debug] [Thread-1 (]: Writing runtime sql for node "test.fmcg_sales.source_not_null_raw_products_ProductID.9bf99791be"
[0m11:23:11.554085 [debug] [Thread-1 (]: Using mysql connection "test.fmcg_sales.source_not_null_raw_products_ProductID.9bf99791be"
[0m11:23:11.554085 [debug] [Thread-1 (]: On test.fmcg_sales.source_not_null_raw_products_ProductID.9bf99791be: BEGIN
[0m11:23:11.555069 [debug] [Thread-1 (]: Opening a new connection, currently in state closed
[0m11:23:11.599186 [debug] [Thread-1 (]: SQL status: SUCCESS 0 in 0.0 seconds
[0m11:23:11.599186 [debug] [Thread-1 (]: Using mysql connection "test.fmcg_sales.source_not_null_raw_products_ProductID.9bf99791be"
[0m11:23:11.599186 [debug] [Thread-1 (]: On test.fmcg_sales.source_not_null_raw_products_ProductID.9bf99791be: /* {"app": "dbt", "dbt_version": "1.7.20", "profile_name": "fmcg_sales", "target_name": "dev", "node_id": "test.fmcg_sales.source_not_null_raw_products_ProductID.9bf99791be"} */
select
      count(*) as failures,
      case
        when count(*) <> 0 then 'true'
        else 'false'
      end as should_warn,
      case
        when count(*) <> 0 then 'true'
        else 'false'
      end as should_error
    from (
      
    
    



select ProductID
from `sales_of_fmcg_stores`.`products`
where ProductID is null



      
    ) dbt_internal_test
[0m11:23:11.600263 [debug] [Thread-1 (]: SQL status: SUCCESS 1 in 0.0 seconds
[0m11:23:11.601260 [debug] [Thread-1 (]: Timing info for test.fmcg_sales.source_not_null_raw_products_ProductID.9bf99791be (execute): 11:23:11.552084 => 11:23:11.601260
[0m11:23:11.602258 [debug] [Thread-1 (]: On test.fmcg_sales.source_not_null_raw_products_ProductID.9bf99791be: ROLLBACK
[0m11:23:11.602258 [debug] [Thread-1 (]: On test.fmcg_sales.source_not_null_raw_products_ProductID.9bf99791be: Close
[0m11:23:11.603259 [info ] [Thread-1 (]: 2 of 19 PASS source_not_null_raw_products_ProductID ............................ [[32mPASS[0m in 0.06s]
[0m11:23:11.604167 [debug] [Thread-1 (]: Finished running node test.fmcg_sales.source_not_null_raw_products_ProductID.9bf99791be
[0m11:23:11.604167 [debug] [Thread-1 (]: Began running node test.fmcg_sales.source_not_null_raw_sales_CustomerID.8f2a6c215b
[0m11:23:11.604167 [info ] [Thread-1 (]: 3 of 19 START test source_not_null_raw_sales_CustomerID ........................ [RUN]
[0m11:23:11.605163 [debug] [Thread-1 (]: Re-using an available connection from the pool (formerly test.fmcg_sales.source_not_null_raw_products_ProductID.9bf99791be, now test.fmcg_sales.source_not_null_raw_sales_CustomerID.8f2a6c215b)
[0m11:23:11.605163 [debug] [Thread-1 (]: Began compiling node test.fmcg_sales.source_not_null_raw_sales_CustomerID.8f2a6c215b
[0m11:23:11.608270 [debug] [Thread-1 (]: Writing injected SQL for node "test.fmcg_sales.source_not_null_raw_sales_CustomerID.8f2a6c215b"
[0m11:23:11.609274 [debug] [Thread-1 (]: Timing info for test.fmcg_sales.source_not_null_raw_sales_CustomerID.8f2a6c215b (compile): 11:23:11.605163 => 11:23:11.609274
[0m11:23:11.609274 [debug] [Thread-1 (]: Began executing node test.fmcg_sales.source_not_null_raw_sales_CustomerID.8f2a6c215b
[0m11:23:11.610203 [debug] [Thread-1 (]: Writing runtime sql for node "test.fmcg_sales.source_not_null_raw_sales_CustomerID.8f2a6c215b"
[0m11:23:11.612167 [debug] [Thread-1 (]: Using mysql connection "test.fmcg_sales.source_not_null_raw_sales_CustomerID.8f2a6c215b"
[0m11:23:11.613166 [debug] [Thread-1 (]: On test.fmcg_sales.source_not_null_raw_sales_CustomerID.8f2a6c215b: BEGIN
[0m11:23:11.613166 [debug] [Thread-1 (]: Opening a new connection, currently in state closed
[0m11:23:11.659184 [debug] [Thread-1 (]: SQL status: SUCCESS 0 in 0.0 seconds
[0m11:23:11.659184 [debug] [Thread-1 (]: Using mysql connection "test.fmcg_sales.source_not_null_raw_sales_CustomerID.8f2a6c215b"
[0m11:23:11.660283 [debug] [Thread-1 (]: On test.fmcg_sales.source_not_null_raw_sales_CustomerID.8f2a6c215b: /* {"app": "dbt", "dbt_version": "1.7.20", "profile_name": "fmcg_sales", "target_name": "dev", "node_id": "test.fmcg_sales.source_not_null_raw_sales_CustomerID.8f2a6c215b"} */
select
      count(*) as failures,
      case
        when count(*) <> 0 then 'true'
        else 'false'
      end as should_warn,
      case
        when count(*) <> 0 then 'true'
        else 'false'
      end as should_error
    from (
      
    
    



select CustomerID
from `sales_of_fmcg_stores`.`sales`
where CustomerID is null



      
    ) dbt_internal_test
[0m11:23:11.662674 [debug] [Thread-1 (]: SQL status: SUCCESS 1 in 0.0 seconds
[0m11:23:11.663674 [debug] [Thread-1 (]: Timing info for test.fmcg_sales.source_not_null_raw_sales_CustomerID.8f2a6c215b (execute): 11:23:11.609274 => 11:23:11.663674
[0m11:23:11.664674 [debug] [Thread-1 (]: On test.fmcg_sales.source_not_null_raw_sales_CustomerID.8f2a6c215b: ROLLBACK
[0m11:23:11.664674 [debug] [Thread-1 (]: On test.fmcg_sales.source_not_null_raw_sales_CustomerID.8f2a6c215b: Close
[0m11:23:11.665674 [info ] [Thread-1 (]: 3 of 19 PASS source_not_null_raw_sales_CustomerID .............................. [[32mPASS[0m in 0.06s]
[0m11:23:11.666711 [debug] [Thread-1 (]: Finished running node test.fmcg_sales.source_not_null_raw_sales_CustomerID.8f2a6c215b
[0m11:23:11.666711 [debug] [Thread-1 (]: Began running node test.fmcg_sales.source_not_null_raw_sales_ProductID.37d6340449
[0m11:23:11.666711 [info ] [Thread-1 (]: 4 of 19 START test source_not_null_raw_sales_ProductID ......................... [RUN]
[0m11:23:11.667713 [debug] [Thread-1 (]: Re-using an available connection from the pool (formerly test.fmcg_sales.source_not_null_raw_sales_CustomerID.8f2a6c215b, now test.fmcg_sales.source_not_null_raw_sales_ProductID.37d6340449)
[0m11:23:11.668674 [debug] [Thread-1 (]: Began compiling node test.fmcg_sales.source_not_null_raw_sales_ProductID.37d6340449
[0m11:23:11.670674 [debug] [Thread-1 (]: Writing injected SQL for node "test.fmcg_sales.source_not_null_raw_sales_ProductID.37d6340449"
[0m11:23:11.671674 [debug] [Thread-1 (]: Timing info for test.fmcg_sales.source_not_null_raw_sales_ProductID.37d6340449 (compile): 11:23:11.668674 => 11:23:11.671674
[0m11:23:11.672675 [debug] [Thread-1 (]: Began executing node test.fmcg_sales.source_not_null_raw_sales_ProductID.37d6340449
[0m11:23:11.673674 [debug] [Thread-1 (]: Writing runtime sql for node "test.fmcg_sales.source_not_null_raw_sales_ProductID.37d6340449"
[0m11:23:11.674673 [debug] [Thread-1 (]: Using mysql connection "test.fmcg_sales.source_not_null_raw_sales_ProductID.37d6340449"
[0m11:23:11.674673 [debug] [Thread-1 (]: On test.fmcg_sales.source_not_null_raw_sales_ProductID.37d6340449: BEGIN
[0m11:23:11.675678 [debug] [Thread-1 (]: Opening a new connection, currently in state closed
[0m11:23:11.719731 [debug] [Thread-1 (]: SQL status: SUCCESS 0 in 0.0 seconds
[0m11:23:11.719731 [debug] [Thread-1 (]: Using mysql connection "test.fmcg_sales.source_not_null_raw_sales_ProductID.37d6340449"
[0m11:23:11.719731 [debug] [Thread-1 (]: On test.fmcg_sales.source_not_null_raw_sales_ProductID.37d6340449: /* {"app": "dbt", "dbt_version": "1.7.20", "profile_name": "fmcg_sales", "target_name": "dev", "node_id": "test.fmcg_sales.source_not_null_raw_sales_ProductID.37d6340449"} */
select
      count(*) as failures,
      case
        when count(*) <> 0 then 'true'
        else 'false'
      end as should_warn,
      case
        when count(*) <> 0 then 'true'
        else 'false'
      end as should_error
    from (
      
    
    



select ProductID
from `sales_of_fmcg_stores`.`sales`
where ProductID is null



      
    ) dbt_internal_test
[0m11:23:11.722706 [debug] [Thread-1 (]: SQL status: SUCCESS 1 in 0.0 seconds
[0m11:23:11.723707 [debug] [Thread-1 (]: Timing info for test.fmcg_sales.source_not_null_raw_sales_ProductID.37d6340449 (execute): 11:23:11.672675 => 11:23:11.723707
[0m11:23:11.723707 [debug] [Thread-1 (]: On test.fmcg_sales.source_not_null_raw_sales_ProductID.37d6340449: ROLLBACK
[0m11:23:11.724705 [debug] [Thread-1 (]: On test.fmcg_sales.source_not_null_raw_sales_ProductID.37d6340449: Close
[0m11:23:11.724705 [info ] [Thread-1 (]: 4 of 19 PASS source_not_null_raw_sales_ProductID ............................... [[32mPASS[0m in 0.06s]
[0m11:23:11.725706 [debug] [Thread-1 (]: Finished running node test.fmcg_sales.source_not_null_raw_sales_ProductID.37d6340449
[0m11:23:11.725706 [debug] [Thread-1 (]: Began running node test.fmcg_sales.source_not_null_raw_sales_SalesID.86fcce832a
[0m11:23:11.725706 [info ] [Thread-1 (]: 5 of 19 START test source_not_null_raw_sales_SalesID ........................... [RUN]
[0m11:23:11.726706 [debug] [Thread-1 (]: Re-using an available connection from the pool (formerly test.fmcg_sales.source_not_null_raw_sales_ProductID.37d6340449, now test.fmcg_sales.source_not_null_raw_sales_SalesID.86fcce832a)
[0m11:23:11.727807 [debug] [Thread-1 (]: Began compiling node test.fmcg_sales.source_not_null_raw_sales_SalesID.86fcce832a
[0m11:23:11.730813 [debug] [Thread-1 (]: Writing injected SQL for node "test.fmcg_sales.source_not_null_raw_sales_SalesID.86fcce832a"
[0m11:23:11.731706 [debug] [Thread-1 (]: Timing info for test.fmcg_sales.source_not_null_raw_sales_SalesID.86fcce832a (compile): 11:23:11.727807 => 11:23:11.730813
[0m11:23:11.731706 [debug] [Thread-1 (]: Began executing node test.fmcg_sales.source_not_null_raw_sales_SalesID.86fcce832a
[0m11:23:11.732811 [debug] [Thread-1 (]: Writing runtime sql for node "test.fmcg_sales.source_not_null_raw_sales_SalesID.86fcce832a"
[0m11:23:11.733802 [debug] [Thread-1 (]: Using mysql connection "test.fmcg_sales.source_not_null_raw_sales_SalesID.86fcce832a"
[0m11:23:11.733802 [debug] [Thread-1 (]: On test.fmcg_sales.source_not_null_raw_sales_SalesID.86fcce832a: BEGIN
[0m11:23:11.733802 [debug] [Thread-1 (]: Opening a new connection, currently in state closed
[0m11:23:11.777706 [debug] [Thread-1 (]: SQL status: SUCCESS 0 in 0.0 seconds
[0m11:23:11.778705 [debug] [Thread-1 (]: Using mysql connection "test.fmcg_sales.source_not_null_raw_sales_SalesID.86fcce832a"
[0m11:23:11.778705 [debug] [Thread-1 (]: On test.fmcg_sales.source_not_null_raw_sales_SalesID.86fcce832a: /* {"app": "dbt", "dbt_version": "1.7.20", "profile_name": "fmcg_sales", "target_name": "dev", "node_id": "test.fmcg_sales.source_not_null_raw_sales_SalesID.86fcce832a"} */
select
      count(*) as failures,
      case
        when count(*) <> 0 then 'true'
        else 'false'
      end as should_warn,
      case
        when count(*) <> 0 then 'true'
        else 'false'
      end as should_error
    from (
      
    
    



select SalesID
from `sales_of_fmcg_stores`.`sales`
where SalesID is null



      
    ) dbt_internal_test
[0m11:23:11.779705 [debug] [Thread-1 (]: SQL status: SUCCESS 1 in 0.0 seconds
[0m11:23:11.780804 [debug] [Thread-1 (]: Timing info for test.fmcg_sales.source_not_null_raw_sales_SalesID.86fcce832a (execute): 11:23:11.731706 => 11:23:11.780804
[0m11:23:11.780804 [debug] [Thread-1 (]: On test.fmcg_sales.source_not_null_raw_sales_SalesID.86fcce832a: ROLLBACK
[0m11:23:11.781807 [debug] [Thread-1 (]: On test.fmcg_sales.source_not_null_raw_sales_SalesID.86fcce832a: Close
[0m11:23:11.782706 [info ] [Thread-1 (]: 5 of 19 PASS source_not_null_raw_sales_SalesID ................................. [[32mPASS[0m in 0.06s]
[0m11:23:11.782706 [debug] [Thread-1 (]: Finished running node test.fmcg_sales.source_not_null_raw_sales_SalesID.86fcce832a
[0m11:23:11.783774 [debug] [Thread-1 (]: Began running node test.fmcg_sales.source_not_null_raw_sales_SalesPersonID.30fb6636b7
[0m11:23:11.783774 [info ] [Thread-1 (]: 6 of 19 START test source_not_null_raw_sales_SalesPersonID ..................... [RUN]
[0m11:23:11.784705 [debug] [Thread-1 (]: Re-using an available connection from the pool (formerly test.fmcg_sales.source_not_null_raw_sales_SalesID.86fcce832a, now test.fmcg_sales.source_not_null_raw_sales_SalesPersonID.30fb6636b7)
[0m11:23:11.785704 [debug] [Thread-1 (]: Began compiling node test.fmcg_sales.source_not_null_raw_sales_SalesPersonID.30fb6636b7
[0m11:23:11.788721 [debug] [Thread-1 (]: Writing injected SQL for node "test.fmcg_sales.source_not_null_raw_sales_SalesPersonID.30fb6636b7"
[0m11:23:11.789720 [debug] [Thread-1 (]: Timing info for test.fmcg_sales.source_not_null_raw_sales_SalesPersonID.30fb6636b7 (compile): 11:23:11.785704 => 11:23:11.789720
[0m11:23:11.790707 [debug] [Thread-1 (]: Began executing node test.fmcg_sales.source_not_null_raw_sales_SalesPersonID.30fb6636b7
[0m11:23:11.791733 [debug] [Thread-1 (]: Writing runtime sql for node "test.fmcg_sales.source_not_null_raw_sales_SalesPersonID.30fb6636b7"
[0m11:23:11.792727 [debug] [Thread-1 (]: Using mysql connection "test.fmcg_sales.source_not_null_raw_sales_SalesPersonID.30fb6636b7"
[0m11:23:11.792727 [debug] [Thread-1 (]: On test.fmcg_sales.source_not_null_raw_sales_SalesPersonID.30fb6636b7: BEGIN
[0m11:23:11.792727 [debug] [Thread-1 (]: Opening a new connection, currently in state closed
[0m11:23:11.836902 [debug] [Thread-1 (]: SQL status: SUCCESS 0 in 0.0 seconds
[0m11:23:11.836902 [debug] [Thread-1 (]: Using mysql connection "test.fmcg_sales.source_not_null_raw_sales_SalesPersonID.30fb6636b7"
[0m11:23:11.837910 [debug] [Thread-1 (]: On test.fmcg_sales.source_not_null_raw_sales_SalesPersonID.30fb6636b7: /* {"app": "dbt", "dbt_version": "1.7.20", "profile_name": "fmcg_sales", "target_name": "dev", "node_id": "test.fmcg_sales.source_not_null_raw_sales_SalesPersonID.30fb6636b7"} */
select
      count(*) as failures,
      case
        when count(*) <> 0 then 'true'
        else 'false'
      end as should_warn,
      case
        when count(*) <> 0 then 'true'
        else 'false'
      end as should_error
    from (
      
    
    



select SalesPersonID
from `sales_of_fmcg_stores`.`sales`
where SalesPersonID is null



      
    ) dbt_internal_test
[0m11:23:11.841960 [debug] [Thread-1 (]: SQL status: SUCCESS 1 in 0.0 seconds
[0m11:23:11.842962 [debug] [Thread-1 (]: Timing info for test.fmcg_sales.source_not_null_raw_sales_SalesPersonID.30fb6636b7 (execute): 11:23:11.790707 => 11:23:11.842962
[0m11:23:11.842962 [debug] [Thread-1 (]: On test.fmcg_sales.source_not_null_raw_sales_SalesPersonID.30fb6636b7: ROLLBACK
[0m11:23:11.843962 [debug] [Thread-1 (]: On test.fmcg_sales.source_not_null_raw_sales_SalesPersonID.30fb6636b7: Close
[0m11:23:11.844959 [info ] [Thread-1 (]: 6 of 19 PASS source_not_null_raw_sales_SalesPersonID ........................... [[32mPASS[0m in 0.06s]
[0m11:23:11.844959 [debug] [Thread-1 (]: Finished running node test.fmcg_sales.source_not_null_raw_sales_SalesPersonID.30fb6636b7
[0m11:23:11.846017 [debug] [Thread-1 (]: Began running node test.fmcg_sales.source_unique_raw_employees_EmployeeID.9f1f8ab223
[0m11:23:11.846017 [info ] [Thread-1 (]: 7 of 19 START test source_unique_raw_employees_EmployeeID ...................... [RUN]
[0m11:23:11.846992 [debug] [Thread-1 (]: Re-using an available connection from the pool (formerly test.fmcg_sales.source_not_null_raw_sales_SalesPersonID.30fb6636b7, now test.fmcg_sales.source_unique_raw_employees_EmployeeID.9f1f8ab223)
[0m11:23:11.846992 [debug] [Thread-1 (]: Began compiling node test.fmcg_sales.source_unique_raw_employees_EmployeeID.9f1f8ab223
[0m11:23:11.850979 [debug] [Thread-1 (]: Writing injected SQL for node "test.fmcg_sales.source_unique_raw_employees_EmployeeID.9f1f8ab223"
[0m11:23:11.851980 [debug] [Thread-1 (]: Timing info for test.fmcg_sales.source_unique_raw_employees_EmployeeID.9f1f8ab223 (compile): 11:23:11.846992 => 11:23:11.851980
[0m11:23:11.852965 [debug] [Thread-1 (]: Began executing node test.fmcg_sales.source_unique_raw_employees_EmployeeID.9f1f8ab223
[0m11:23:11.854060 [debug] [Thread-1 (]: Writing runtime sql for node "test.fmcg_sales.source_unique_raw_employees_EmployeeID.9f1f8ab223"
[0m11:23:11.854060 [debug] [Thread-1 (]: Using mysql connection "test.fmcg_sales.source_unique_raw_employees_EmployeeID.9f1f8ab223"
[0m11:23:11.855072 [debug] [Thread-1 (]: On test.fmcg_sales.source_unique_raw_employees_EmployeeID.9f1f8ab223: BEGIN
[0m11:23:11.855072 [debug] [Thread-1 (]: Opening a new connection, currently in state closed
[0m11:23:11.899976 [debug] [Thread-1 (]: SQL status: SUCCESS 0 in 0.0 seconds
[0m11:23:11.900976 [debug] [Thread-1 (]: Using mysql connection "test.fmcg_sales.source_unique_raw_employees_EmployeeID.9f1f8ab223"
[0m11:23:11.900976 [debug] [Thread-1 (]: On test.fmcg_sales.source_unique_raw_employees_EmployeeID.9f1f8ab223: /* {"app": "dbt", "dbt_version": "1.7.20", "profile_name": "fmcg_sales", "target_name": "dev", "node_id": "test.fmcg_sales.source_unique_raw_employees_EmployeeID.9f1f8ab223"} */
select
      count(*) as failures,
      case
        when count(*) <> 0 then 'true'
        else 'false'
      end as should_warn,
      case
        when count(*) <> 0 then 'true'
        else 'false'
      end as should_error
    from (
      
    
    

select
    EmployeeID as unique_field,
    count(*) as n_records

from `sales_of_fmcg_stores`.`employees`
where EmployeeID is not null
group by EmployeeID
having count(*) > 1



      
    ) dbt_internal_test
[0m11:23:11.902064 [debug] [Thread-1 (]: SQL status: SUCCESS 1 in 0.0 seconds
[0m11:23:11.903179 [debug] [Thread-1 (]: Timing info for test.fmcg_sales.source_unique_raw_employees_EmployeeID.9f1f8ab223 (execute): 11:23:11.852965 => 11:23:11.903179
[0m11:23:11.904174 [debug] [Thread-1 (]: On test.fmcg_sales.source_unique_raw_employees_EmployeeID.9f1f8ab223: ROLLBACK
[0m11:23:11.904174 [debug] [Thread-1 (]: On test.fmcg_sales.source_unique_raw_employees_EmployeeID.9f1f8ab223: Close
[0m11:23:11.905071 [info ] [Thread-1 (]: 7 of 19 PASS source_unique_raw_employees_EmployeeID ............................ [[32mPASS[0m in 0.06s]
[0m11:23:11.906071 [debug] [Thread-1 (]: Finished running node test.fmcg_sales.source_unique_raw_employees_EmployeeID.9f1f8ab223
[0m11:23:11.906071 [debug] [Thread-1 (]: Began running node test.fmcg_sales.source_unique_raw_products_ProductID.1ada118eb2
[0m11:23:11.907080 [info ] [Thread-1 (]: 8 of 19 START test source_unique_raw_products_ProductID ........................ [RUN]
[0m11:23:11.908072 [debug] [Thread-1 (]: Re-using an available connection from the pool (formerly test.fmcg_sales.source_unique_raw_employees_EmployeeID.9f1f8ab223, now test.fmcg_sales.source_unique_raw_products_ProductID.1ada118eb2)
[0m11:23:11.908072 [debug] [Thread-1 (]: Began compiling node test.fmcg_sales.source_unique_raw_products_ProductID.1ada118eb2
[0m11:23:11.911072 [debug] [Thread-1 (]: Writing injected SQL for node "test.fmcg_sales.source_unique_raw_products_ProductID.1ada118eb2"
[0m11:23:11.912071 [debug] [Thread-1 (]: Timing info for test.fmcg_sales.source_unique_raw_products_ProductID.1ada118eb2 (compile): 11:23:11.908072 => 11:23:11.911072
[0m11:23:11.912071 [debug] [Thread-1 (]: Began executing node test.fmcg_sales.source_unique_raw_products_ProductID.1ada118eb2
[0m11:23:11.914073 [debug] [Thread-1 (]: Writing runtime sql for node "test.fmcg_sales.source_unique_raw_products_ProductID.1ada118eb2"
[0m11:23:11.915071 [debug] [Thread-1 (]: Using mysql connection "test.fmcg_sales.source_unique_raw_products_ProductID.1ada118eb2"
[0m11:23:11.915071 [debug] [Thread-1 (]: On test.fmcg_sales.source_unique_raw_products_ProductID.1ada118eb2: BEGIN
[0m11:23:11.916073 [debug] [Thread-1 (]: Opening a new connection, currently in state closed
[0m11:23:11.963555 [debug] [Thread-1 (]: SQL status: SUCCESS 0 in 0.0 seconds
[0m11:23:11.963555 [debug] [Thread-1 (]: Using mysql connection "test.fmcg_sales.source_unique_raw_products_ProductID.1ada118eb2"
[0m11:23:11.963555 [debug] [Thread-1 (]: On test.fmcg_sales.source_unique_raw_products_ProductID.1ada118eb2: /* {"app": "dbt", "dbt_version": "1.7.20", "profile_name": "fmcg_sales", "target_name": "dev", "node_id": "test.fmcg_sales.source_unique_raw_products_ProductID.1ada118eb2"} */
select
      count(*) as failures,
      case
        when count(*) <> 0 then 'true'
        else 'false'
      end as should_warn,
      case
        when count(*) <> 0 then 'true'
        else 'false'
      end as should_error
    from (
      
    
    

select
    ProductID as unique_field,
    count(*) as n_records

from `sales_of_fmcg_stores`.`products`
where ProductID is not null
group by ProductID
having count(*) > 1



      
    ) dbt_internal_test
[0m11:23:11.966188 [debug] [Thread-1 (]: SQL status: SUCCESS 1 in 0.0 seconds
[0m11:23:11.967295 [debug] [Thread-1 (]: Timing info for test.fmcg_sales.source_unique_raw_products_ProductID.1ada118eb2 (execute): 11:23:11.912071 => 11:23:11.967295
[0m11:23:11.967295 [debug] [Thread-1 (]: On test.fmcg_sales.source_unique_raw_products_ProductID.1ada118eb2: ROLLBACK
[0m11:23:11.968291 [debug] [Thread-1 (]: On test.fmcg_sales.source_unique_raw_products_ProductID.1ada118eb2: Close
[0m11:23:11.969194 [info ] [Thread-1 (]: 8 of 19 PASS source_unique_raw_products_ProductID .............................. [[32mPASS[0m in 0.06s]
[0m11:23:11.969194 [debug] [Thread-1 (]: Finished running node test.fmcg_sales.source_unique_raw_products_ProductID.1ada118eb2
[0m11:23:11.970195 [debug] [Thread-1 (]: Began running node test.fmcg_sales.source_unique_raw_sales_SalesID.c0a2356cf2
[0m11:23:11.970195 [info ] [Thread-1 (]: 9 of 19 START test source_unique_raw_sales_SalesID ............................. [RUN]
[0m11:23:11.971193 [debug] [Thread-1 (]: Re-using an available connection from the pool (formerly test.fmcg_sales.source_unique_raw_products_ProductID.1ada118eb2, now test.fmcg_sales.source_unique_raw_sales_SalesID.c0a2356cf2)
[0m11:23:11.971193 [debug] [Thread-1 (]: Began compiling node test.fmcg_sales.source_unique_raw_sales_SalesID.c0a2356cf2
[0m11:23:11.975194 [debug] [Thread-1 (]: Writing injected SQL for node "test.fmcg_sales.source_unique_raw_sales_SalesID.c0a2356cf2"
[0m11:23:11.975194 [debug] [Thread-1 (]: Timing info for test.fmcg_sales.source_unique_raw_sales_SalesID.c0a2356cf2 (compile): 11:23:11.972294 => 11:23:11.975194
[0m11:23:11.976196 [debug] [Thread-1 (]: Began executing node test.fmcg_sales.source_unique_raw_sales_SalesID.c0a2356cf2
[0m11:23:11.977292 [debug] [Thread-1 (]: Writing runtime sql for node "test.fmcg_sales.source_unique_raw_sales_SalesID.c0a2356cf2"
[0m11:23:11.978313 [debug] [Thread-1 (]: Using mysql connection "test.fmcg_sales.source_unique_raw_sales_SalesID.c0a2356cf2"
[0m11:23:11.978313 [debug] [Thread-1 (]: On test.fmcg_sales.source_unique_raw_sales_SalesID.c0a2356cf2: BEGIN
[0m11:23:11.978313 [debug] [Thread-1 (]: Opening a new connection, currently in state closed
[0m11:23:12.021679 [debug] [Thread-1 (]: SQL status: SUCCESS 0 in 0.0 seconds
[0m11:23:12.022785 [debug] [Thread-1 (]: Using mysql connection "test.fmcg_sales.source_unique_raw_sales_SalesID.c0a2356cf2"
[0m11:23:12.022785 [debug] [Thread-1 (]: On test.fmcg_sales.source_unique_raw_sales_SalesID.c0a2356cf2: /* {"app": "dbt", "dbt_version": "1.7.20", "profile_name": "fmcg_sales", "target_name": "dev", "node_id": "test.fmcg_sales.source_unique_raw_sales_SalesID.c0a2356cf2"} */
select
      count(*) as failures,
      case
        when count(*) <> 0 then 'true'
        else 'false'
      end as should_warn,
      case
        when count(*) <> 0 then 'true'
        else 'false'
      end as should_error
    from (
      
    
    

select
    SalesID as unique_field,
    count(*) as n_records

from `sales_of_fmcg_stores`.`sales`
where SalesID is not null
group by SalesID
having count(*) > 1



      
    ) dbt_internal_test
[0m11:23:23.231930 [debug] [Thread-1 (]: SQL status: SUCCESS 1 in 11.0 seconds
[0m11:23:23.234451 [debug] [Thread-1 (]: Timing info for test.fmcg_sales.source_unique_raw_sales_SalesID.c0a2356cf2 (execute): 11:23:11.976196 => 11:23:23.234451
[0m11:23:23.235462 [debug] [Thread-1 (]: On test.fmcg_sales.source_unique_raw_sales_SalesID.c0a2356cf2: ROLLBACK
[0m11:23:23.236474 [debug] [Thread-1 (]: On test.fmcg_sales.source_unique_raw_sales_SalesID.c0a2356cf2: Close
[0m11:23:23.238462 [info ] [Thread-1 (]: 9 of 19 PASS source_unique_raw_sales_SalesID ................................... [[32mPASS[0m in 11.27s]
[0m11:23:23.239462 [debug] [Thread-1 (]: Finished running node test.fmcg_sales.source_unique_raw_sales_SalesID.c0a2356cf2
[0m11:23:23.240460 [debug] [Thread-1 (]: Began running node model.fmcg_sales.stg_employees
[0m11:23:23.241457 [info ] [Thread-1 (]: 10 of 19 START sql view model sales_of_fmcg_stores.stg_employees ............... [RUN]
[0m11:23:23.243981 [debug] [Thread-1 (]: Re-using an available connection from the pool (formerly test.fmcg_sales.source_unique_raw_sales_SalesID.c0a2356cf2, now model.fmcg_sales.stg_employees)
[0m11:23:23.245391 [debug] [Thread-1 (]: Began compiling node model.fmcg_sales.stg_employees
[0m11:23:23.249406 [debug] [Thread-1 (]: Writing injected SQL for node "model.fmcg_sales.stg_employees"
[0m11:23:23.252925 [debug] [Thread-1 (]: Timing info for model.fmcg_sales.stg_employees (compile): 11:23:23.245391 => 11:23:23.251410
[0m11:23:23.253948 [debug] [Thread-1 (]: Began executing node model.fmcg_sales.stg_employees
[0m11:23:23.341615 [debug] [Thread-1 (]: Writing runtime sql for node "model.fmcg_sales.stg_employees"
[0m11:23:23.343711 [debug] [Thread-1 (]: Using mysql connection "model.fmcg_sales.stg_employees"
[0m11:23:23.344721 [debug] [Thread-1 (]: On model.fmcg_sales.stg_employees: BEGIN
[0m11:23:23.345747 [debug] [Thread-1 (]: Opening a new connection, currently in state closed
[0m11:23:23.573797 [debug] [Thread-1 (]: SQL status: SUCCESS 0 in 0.0 seconds
[0m11:23:23.574898 [debug] [Thread-1 (]: Using mysql connection "model.fmcg_sales.stg_employees"
[0m11:23:23.575900 [debug] [Thread-1 (]: On model.fmcg_sales.stg_employees: /* {"app": "dbt", "dbt_version": "1.7.20", "profile_name": "fmcg_sales", "target_name": "dev", "node_id": "model.fmcg_sales.stg_employees"} */

  create view `sales_of_fmcg_stores`.`stg_employees__dbt_tmp`
    
    
  as (
    select
    EmployeeID,
    FirstName,
    LastName
from `sales_of_fmcg_stores`.`employees`
  );
[0m11:23:23.585580 [debug] [Thread-1 (]: SQL status: SUCCESS 0 in 0.0 seconds
[0m11:23:23.598058 [debug] [Thread-1 (]: Using mysql connection "model.fmcg_sales.stg_employees"
[0m11:23:23.600051 [debug] [Thread-1 (]: On model.fmcg_sales.stg_employees: /* {"app": "dbt", "dbt_version": "1.7.20", "profile_name": "fmcg_sales", "target_name": "dev", "node_id": "model.fmcg_sales.stg_employees"} */

    drop view if exists `sales_of_fmcg_stores`.`stg_employees__dbt_backup` cascade
  
[0m11:23:23.603363 [debug] [Thread-1 (]: SQL status: SUCCESS 0 in 0.0 seconds
[0m11:23:23.606430 [debug] [Thread-1 (]: Using mysql connection "model.fmcg_sales.stg_employees"
[0m11:23:23.607474 [debug] [Thread-1 (]: On model.fmcg_sales.stg_employees: /* {"app": "dbt", "dbt_version": "1.7.20", "profile_name": "fmcg_sales", "target_name": "dev", "node_id": "model.fmcg_sales.stg_employees"} */

    rename table `sales_of_fmcg_stores`.`stg_employees` to `sales_of_fmcg_stores`.`stg_employees__dbt_backup`
  
[0m11:23:23.620169 [debug] [Thread-1 (]: SQL status: SUCCESS 0 in 0.0 seconds
[0m11:23:23.625498 [debug] [Thread-1 (]: Using mysql connection "model.fmcg_sales.stg_employees"
[0m11:23:23.627508 [debug] [Thread-1 (]: On model.fmcg_sales.stg_employees: /* {"app": "dbt", "dbt_version": "1.7.20", "profile_name": "fmcg_sales", "target_name": "dev", "node_id": "model.fmcg_sales.stg_employees"} */

    drop view if exists `sales_of_fmcg_stores`.`stg_employees` cascade
  
[0m11:23:23.631548 [debug] [Thread-1 (]: SQL status: SUCCESS 0 in 0.0 seconds
[0m11:23:23.633156 [debug] [Thread-1 (]: Using mysql connection "model.fmcg_sales.stg_employees"
[0m11:23:23.634165 [debug] [Thread-1 (]: On model.fmcg_sales.stg_employees: /* {"app": "dbt", "dbt_version": "1.7.20", "profile_name": "fmcg_sales", "target_name": "dev", "node_id": "model.fmcg_sales.stg_employees"} */

    rename table `sales_of_fmcg_stores`.`stg_employees__dbt_tmp` to `sales_of_fmcg_stores`.`stg_employees`
  
[0m11:23:23.649458 [debug] [Thread-1 (]: SQL status: SUCCESS 0 in 0.0 seconds
[0m11:23:23.693102 [debug] [Thread-1 (]: On model.fmcg_sales.stg_employees: COMMIT
[0m11:23:23.693641 [debug] [Thread-1 (]: Using mysql connection "model.fmcg_sales.stg_employees"
[0m11:23:23.694650 [debug] [Thread-1 (]: On model.fmcg_sales.stg_employees: COMMIT
[0m11:23:23.695649 [debug] [Thread-1 (]: SQL status: SUCCESS 0 in 0.0 seconds
[0m11:23:23.708759 [debug] [Thread-1 (]: Using mysql connection "model.fmcg_sales.stg_employees"
[0m11:23:23.709846 [debug] [Thread-1 (]: On model.fmcg_sales.stg_employees: /* {"app": "dbt", "dbt_version": "1.7.20", "profile_name": "fmcg_sales", "target_name": "dev", "node_id": "model.fmcg_sales.stg_employees"} */
drop view if exists `sales_of_fmcg_stores`.`stg_employees__dbt_backup`
[0m11:23:23.724258 [debug] [Thread-1 (]: SQL status: SUCCESS 0 in 0.0 seconds
[0m11:23:23.728362 [debug] [Thread-1 (]: Timing info for model.fmcg_sales.stg_employees (execute): 11:23:23.258951 => 11:23:23.727353
[0m11:23:23.729359 [debug] [Thread-1 (]: On model.fmcg_sales.stg_employees: Close
[0m11:23:23.731303 [debug] [Thread-1 (]: Sending event: {'category': 'dbt', 'action': 'run_model', 'label': '7843d472-6e37-4a89-a907-38a2509a41aa', 'context': [<snowplow_tracker.self_describing_json.SelfDescribingJson object at 0x000001512E32DA00>]}
[0m11:23:23.732912 [info ] [Thread-1 (]: 10 of 19 OK created sql view model sales_of_fmcg_stores.stg_employees .......... [[32mSUCCESS 0[0m in 0.49s]
[0m11:23:23.735031 [debug] [Thread-1 (]: Finished running node model.fmcg_sales.stg_employees
[0m11:23:23.736030 [debug] [Thread-1 (]: Began running node model.fmcg_sales.stg_products
[0m11:23:23.738032 [info ] [Thread-1 (]: 11 of 19 START sql view model sales_of_fmcg_stores.stg_products ................ [RUN]
[0m11:23:23.741034 [debug] [Thread-1 (]: Re-using an available connection from the pool (formerly model.fmcg_sales.stg_employees, now model.fmcg_sales.stg_products)
[0m11:23:23.742030 [debug] [Thread-1 (]: Began compiling node model.fmcg_sales.stg_products
[0m11:23:23.746699 [debug] [Thread-1 (]: Writing injected SQL for node "model.fmcg_sales.stg_products"
[0m11:23:23.749597 [debug] [Thread-1 (]: Timing info for model.fmcg_sales.stg_products (compile): 11:23:23.742030 => 11:23:23.749597
[0m11:23:23.750610 [debug] [Thread-1 (]: Began executing node model.fmcg_sales.stg_products
[0m11:23:23.769865 [debug] [Thread-1 (]: Writing runtime sql for node "model.fmcg_sales.stg_products"
[0m11:23:23.774612 [debug] [Thread-1 (]: Using mysql connection "model.fmcg_sales.stg_products"
[0m11:23:23.776610 [debug] [Thread-1 (]: On model.fmcg_sales.stg_products: BEGIN
[0m11:23:23.777687 [debug] [Thread-1 (]: Opening a new connection, currently in state closed
[0m11:23:23.904482 [debug] [Thread-1 (]: SQL status: SUCCESS 0 in 0.0 seconds
[0m11:23:23.905495 [debug] [Thread-1 (]: Using mysql connection "model.fmcg_sales.stg_products"
[0m11:23:23.906496 [debug] [Thread-1 (]: On model.fmcg_sales.stg_products: /* {"app": "dbt", "dbt_version": "1.7.20", "profile_name": "fmcg_sales", "target_name": "dev", "node_id": "model.fmcg_sales.stg_products"} */

  create view `sales_of_fmcg_stores`.`stg_products__dbt_tmp`
    
    
  as (
    select
    ProductID,
    ProductName,
    CategoryID,
    Class,
    Price
from `sales_of_fmcg_stores`.`products`
  );
[0m11:23:23.919021 [debug] [Thread-1 (]: SQL status: SUCCESS 0 in 0.0 seconds
[0m11:23:23.925697 [debug] [Thread-1 (]: Using mysql connection "model.fmcg_sales.stg_products"
[0m11:23:23.926647 [debug] [Thread-1 (]: On model.fmcg_sales.stg_products: /* {"app": "dbt", "dbt_version": "1.7.20", "profile_name": "fmcg_sales", "target_name": "dev", "node_id": "model.fmcg_sales.stg_products"} */

    drop view if exists `sales_of_fmcg_stores`.`stg_products__dbt_backup` cascade
  
[0m11:23:23.930651 [debug] [Thread-1 (]: SQL status: SUCCESS 0 in 0.0 seconds
[0m11:23:23.933304 [debug] [Thread-1 (]: Using mysql connection "model.fmcg_sales.stg_products"
[0m11:23:23.934407 [debug] [Thread-1 (]: On model.fmcg_sales.stg_products: /* {"app": "dbt", "dbt_version": "1.7.20", "profile_name": "fmcg_sales", "target_name": "dev", "node_id": "model.fmcg_sales.stg_products"} */

    rename table `sales_of_fmcg_stores`.`stg_products` to `sales_of_fmcg_stores`.`stg_products__dbt_backup`
  
[0m11:23:23.945909 [debug] [Thread-1 (]: SQL status: SUCCESS 0 in 0.0 seconds
[0m11:23:23.950993 [debug] [Thread-1 (]: Using mysql connection "model.fmcg_sales.stg_products"
[0m11:23:23.951920 [debug] [Thread-1 (]: On model.fmcg_sales.stg_products: /* {"app": "dbt", "dbt_version": "1.7.20", "profile_name": "fmcg_sales", "target_name": "dev", "node_id": "model.fmcg_sales.stg_products"} */

    drop view if exists `sales_of_fmcg_stores`.`stg_products` cascade
  
[0m11:23:23.956154 [debug] [Thread-1 (]: SQL status: SUCCESS 0 in 0.0 seconds
[0m11:23:23.959190 [debug] [Thread-1 (]: Using mysql connection "model.fmcg_sales.stg_products"
[0m11:23:23.960265 [debug] [Thread-1 (]: On model.fmcg_sales.stg_products: /* {"app": "dbt", "dbt_version": "1.7.20", "profile_name": "fmcg_sales", "target_name": "dev", "node_id": "model.fmcg_sales.stg_products"} */

    rename table `sales_of_fmcg_stores`.`stg_products__dbt_tmp` to `sales_of_fmcg_stores`.`stg_products`
  
[0m11:23:23.974228 [debug] [Thread-1 (]: SQL status: SUCCESS 0 in 0.0 seconds
[0m11:23:23.978236 [debug] [Thread-1 (]: On model.fmcg_sales.stg_products: COMMIT
[0m11:23:23.979243 [debug] [Thread-1 (]: Using mysql connection "model.fmcg_sales.stg_products"
[0m11:23:23.980243 [debug] [Thread-1 (]: On model.fmcg_sales.stg_products: COMMIT
[0m11:23:23.981263 [debug] [Thread-1 (]: SQL status: SUCCESS 0 in 0.0 seconds
[0m11:23:23.985823 [debug] [Thread-1 (]: Using mysql connection "model.fmcg_sales.stg_products"
[0m11:23:23.986872 [debug] [Thread-1 (]: On model.fmcg_sales.stg_products: /* {"app": "dbt", "dbt_version": "1.7.20", "profile_name": "fmcg_sales", "target_name": "dev", "node_id": "model.fmcg_sales.stg_products"} */
drop view if exists `sales_of_fmcg_stores`.`stg_products__dbt_backup`
[0m11:23:23.996158 [debug] [Thread-1 (]: SQL status: SUCCESS 0 in 0.0 seconds
[0m11:23:23.999688 [debug] [Thread-1 (]: Timing info for model.fmcg_sales.stg_products (execute): 11:23:23.753214 => 11:23:23.999688
[0m11:23:24.000677 [debug] [Thread-1 (]: On model.fmcg_sales.stg_products: Close
[0m11:23:24.001683 [debug] [Thread-1 (]: Sending event: {'category': 'dbt', 'action': 'run_model', 'label': '7843d472-6e37-4a89-a907-38a2509a41aa', 'context': [<snowplow_tracker.self_describing_json.SelfDescribingJson object at 0x000001512E312CF0>]}
[0m11:23:24.004231 [info ] [Thread-1 (]: 11 of 19 OK created sql view model sales_of_fmcg_stores.stg_products ........... [[32mSUCCESS 0[0m in 0.26s]
[0m11:23:24.005259 [debug] [Thread-1 (]: Finished running node model.fmcg_sales.stg_products
[0m11:23:24.006253 [debug] [Thread-1 (]: Began running node model.fmcg_sales.stg_sales
[0m11:23:24.007259 [info ] [Thread-1 (]: 12 of 19 START sql view model sales_of_fmcg_stores.stg_sales ................... [RUN]
[0m11:23:24.011341 [debug] [Thread-1 (]: Re-using an available connection from the pool (formerly model.fmcg_sales.stg_products, now model.fmcg_sales.stg_sales)
[0m11:23:24.011341 [debug] [Thread-1 (]: Began compiling node model.fmcg_sales.stg_sales
[0m11:23:24.020086 [debug] [Thread-1 (]: Writing injected SQL for node "model.fmcg_sales.stg_sales"
[0m11:23:24.024582 [debug] [Thread-1 (]: Timing info for model.fmcg_sales.stg_sales (compile): 11:23:24.012956 => 11:23:24.023531
[0m11:23:24.025628 [debug] [Thread-1 (]: Began executing node model.fmcg_sales.stg_sales
[0m11:23:24.039058 [debug] [Thread-1 (]: Writing runtime sql for node "model.fmcg_sales.stg_sales"
[0m11:23:24.042062 [debug] [Thread-1 (]: Using mysql connection "model.fmcg_sales.stg_sales"
[0m11:23:24.043599 [debug] [Thread-1 (]: On model.fmcg_sales.stg_sales: BEGIN
[0m11:23:24.045607 [debug] [Thread-1 (]: Opening a new connection, currently in state closed
[0m11:23:24.164276 [debug] [Thread-1 (]: SQL status: SUCCESS 0 in 0.0 seconds
[0m11:23:24.165334 [debug] [Thread-1 (]: Using mysql connection "model.fmcg_sales.stg_sales"
[0m11:23:24.165334 [debug] [Thread-1 (]: On model.fmcg_sales.stg_sales: /* {"app": "dbt", "dbt_version": "1.7.20", "profile_name": "fmcg_sales", "target_name": "dev", "node_id": "model.fmcg_sales.stg_sales"} */

  create view `sales_of_fmcg_stores`.`stg_sales__dbt_tmp`
    
    
  as (
    select
    SalesID,
    SalesPersonID,
    CustomerID,
    ProductID,
    Quantity,
    Discount,
    TotalPrice,
    SalesDate,
    TransactionNumber
from `sales_of_fmcg_stores`.`sales`
  );
[0m11:23:24.171283 [debug] [Thread-1 (]: SQL status: SUCCESS 0 in 0.0 seconds
[0m11:23:24.176866 [debug] [Thread-1 (]: Using mysql connection "model.fmcg_sales.stg_sales"
[0m11:23:24.177846 [debug] [Thread-1 (]: On model.fmcg_sales.stg_sales: /* {"app": "dbt", "dbt_version": "1.7.20", "profile_name": "fmcg_sales", "target_name": "dev", "node_id": "model.fmcg_sales.stg_sales"} */

    drop view if exists `sales_of_fmcg_stores`.`stg_sales__dbt_backup` cascade
  
[0m11:23:24.179849 [debug] [Thread-1 (]: SQL status: SUCCESS 0 in 0.0 seconds
[0m11:23:24.182849 [debug] [Thread-1 (]: Using mysql connection "model.fmcg_sales.stg_sales"
[0m11:23:24.183362 [debug] [Thread-1 (]: On model.fmcg_sales.stg_sales: /* {"app": "dbt", "dbt_version": "1.7.20", "profile_name": "fmcg_sales", "target_name": "dev", "node_id": "model.fmcg_sales.stg_sales"} */

    rename table `sales_of_fmcg_stores`.`stg_sales` to `sales_of_fmcg_stores`.`stg_sales__dbt_backup`
  
[0m11:23:24.189520 [debug] [Thread-1 (]: SQL status: SUCCESS 0 in 0.0 seconds
[0m11:23:24.196074 [debug] [Thread-1 (]: Using mysql connection "model.fmcg_sales.stg_sales"
[0m11:23:24.197075 [debug] [Thread-1 (]: On model.fmcg_sales.stg_sales: /* {"app": "dbt", "dbt_version": "1.7.20", "profile_name": "fmcg_sales", "target_name": "dev", "node_id": "model.fmcg_sales.stg_sales"} */

    drop view if exists `sales_of_fmcg_stores`.`stg_sales` cascade
  
[0m11:23:24.199601 [debug] [Thread-1 (]: SQL status: SUCCESS 0 in 0.0 seconds
[0m11:23:24.201599 [debug] [Thread-1 (]: Using mysql connection "model.fmcg_sales.stg_sales"
[0m11:23:24.203112 [debug] [Thread-1 (]: On model.fmcg_sales.stg_sales: /* {"app": "dbt", "dbt_version": "1.7.20", "profile_name": "fmcg_sales", "target_name": "dev", "node_id": "model.fmcg_sales.stg_sales"} */

    rename table `sales_of_fmcg_stores`.`stg_sales__dbt_tmp` to `sales_of_fmcg_stores`.`stg_sales`
  
[0m11:23:24.212090 [debug] [Thread-1 (]: SQL status: SUCCESS 0 in 0.0 seconds
[0m11:23:24.216635 [debug] [Thread-1 (]: On model.fmcg_sales.stg_sales: COMMIT
[0m11:23:24.217674 [debug] [Thread-1 (]: Using mysql connection "model.fmcg_sales.stg_sales"
[0m11:23:24.218635 [debug] [Thread-1 (]: On model.fmcg_sales.stg_sales: COMMIT
[0m11:23:24.219657 [debug] [Thread-1 (]: SQL status: SUCCESS 0 in 0.0 seconds
[0m11:23:24.225179 [debug] [Thread-1 (]: Using mysql connection "model.fmcg_sales.stg_sales"
[0m11:23:24.226174 [debug] [Thread-1 (]: On model.fmcg_sales.stg_sales: /* {"app": "dbt", "dbt_version": "1.7.20", "profile_name": "fmcg_sales", "target_name": "dev", "node_id": "model.fmcg_sales.stg_sales"} */
drop view if exists `sales_of_fmcg_stores`.`stg_sales__dbt_backup`
[0m11:23:24.231547 [debug] [Thread-1 (]: SQL status: SUCCESS 0 in 0.0 seconds
[0m11:23:24.235114 [debug] [Thread-1 (]: Timing info for model.fmcg_sales.stg_sales (execute): 11:23:24.026636 => 11:23:24.234117
[0m11:23:24.236113 [debug] [Thread-1 (]: On model.fmcg_sales.stg_sales: Close
[0m11:23:24.238116 [debug] [Thread-1 (]: Sending event: {'category': 'dbt', 'action': 'run_model', 'label': '7843d472-6e37-4a89-a907-38a2509a41aa', 'context': [<snowplow_tracker.self_describing_json.SelfDescribingJson object at 0x000001512E2B9340>]}
[0m11:23:24.239115 [info ] [Thread-1 (]: 12 of 19 OK created sql view model sales_of_fmcg_stores.stg_sales .............. [[32mSUCCESS 0[0m in 0.23s]
[0m11:23:24.241114 [debug] [Thread-1 (]: Finished running node model.fmcg_sales.stg_sales
[0m11:23:24.242113 [debug] [Thread-1 (]: Began running node model.fmcg_sales.sales_person_monthly_agg
[0m11:23:24.243651 [info ] [Thread-1 (]: 13 of 19 START sql table model sales_of_fmcg_stores.sales_person_monthly_agg ... [RUN]
[0m11:23:24.247763 [debug] [Thread-1 (]: Re-using an available connection from the pool (formerly model.fmcg_sales.stg_sales, now model.fmcg_sales.sales_person_monthly_agg)
[0m11:23:24.249758 [debug] [Thread-1 (]: Began compiling node model.fmcg_sales.sales_person_monthly_agg
[0m11:23:24.257961 [debug] [Thread-1 (]: Writing injected SQL for node "model.fmcg_sales.sales_person_monthly_agg"
[0m11:23:24.267754 [debug] [Thread-1 (]: Timing info for model.fmcg_sales.sales_person_monthly_agg (compile): 11:23:24.251708 => 11:23:24.265656
[0m11:23:24.269751 [debug] [Thread-1 (]: Began executing node model.fmcg_sales.sales_person_monthly_agg
[0m11:23:24.320797 [debug] [Thread-1 (]: Writing runtime sql for node "model.fmcg_sales.sales_person_monthly_agg"
[0m11:23:24.322795 [debug] [Thread-1 (]: Using mysql connection "model.fmcg_sales.sales_person_monthly_agg"
[0m11:23:24.323306 [debug] [Thread-1 (]: On model.fmcg_sales.sales_person_monthly_agg: BEGIN
[0m11:23:24.326338 [debug] [Thread-1 (]: Opening a new connection, currently in state closed
[0m11:23:24.433961 [debug] [Thread-1 (]: SQL status: SUCCESS 0 in 0.0 seconds
[0m11:23:24.434965 [debug] [Thread-1 (]: Using mysql connection "model.fmcg_sales.sales_person_monthly_agg"
[0m11:23:24.434965 [debug] [Thread-1 (]: On model.fmcg_sales.sales_person_monthly_agg: /* {"app": "dbt", "dbt_version": "1.7.20", "profile_name": "fmcg_sales", "target_name": "dev", "node_id": "model.fmcg_sales.sales_person_monthly_agg"} */

  
    

  create  table
    `sales_of_fmcg_stores`.`sales_person_monthly_agg__dbt_tmp`
    
    
      as
    
    (
      select
    date_format(s.SalesDate, '%Y-%m') as SalesMonth,
    s.SalesPersonID,
    count(*) as total_transactions,
    sum(s.Quantity) as total_quantity,
    round(sum(s.Quantity * p.Price * (1 - s.Discount)), 4) as total_revenue,
    round(
        sum(s.Quantity * p.Price * (1 - s.Discount)) / nullif(count(*), 0),
        4
    ) as avg_revenue_per_transaction
from `sales_of_fmcg_stores`.`stg_sales` s
join `sales_of_fmcg_stores`.`stg_products` p
    on s.ProductID = p.ProductID
where s.SalesDate is not null
group by
    date_format(s.SalesDate, '%Y-%m'),
    s.SalesPersonID
    )

  
[0m12:45:58.977814 [debug] [Thread-1 (]: SQL status: SUCCESS 115 in 4955.0 seconds
[0m12:45:58.987254 [debug] [Thread-1 (]: Using mysql connection "model.fmcg_sales.sales_person_monthly_agg"
[0m12:45:58.988367 [debug] [Thread-1 (]: On model.fmcg_sales.sales_person_monthly_agg: /* {"app": "dbt", "dbt_version": "1.7.20", "profile_name": "fmcg_sales", "target_name": "dev", "node_id": "model.fmcg_sales.sales_person_monthly_agg"} */

    drop table if exists `sales_of_fmcg_stores`.`sales_person_monthly_agg__dbt_backup` cascade
  
[0m12:45:58.993871 [debug] [Thread-1 (]: SQL status: SUCCESS 0 in 0.0 seconds
[0m12:45:58.994878 [debug] [Thread-1 (]: Using mysql connection "model.fmcg_sales.sales_person_monthly_agg"
[0m12:45:58.995878 [debug] [Thread-1 (]: On model.fmcg_sales.sales_person_monthly_agg: /* {"app": "dbt", "dbt_version": "1.7.20", "profile_name": "fmcg_sales", "target_name": "dev", "node_id": "model.fmcg_sales.sales_person_monthly_agg"} */

    rename table `sales_of_fmcg_stores`.`sales_person_monthly_agg` to `sales_of_fmcg_stores`.`sales_person_monthly_agg__dbt_backup`
  
[0m12:45:59.018761 [debug] [Thread-1 (]: SQL status: SUCCESS 0 in 0.0 seconds
[0m12:45:59.022753 [debug] [Thread-1 (]: Using mysql connection "model.fmcg_sales.sales_person_monthly_agg"
[0m12:45:59.022753 [debug] [Thread-1 (]: On model.fmcg_sales.sales_person_monthly_agg: /* {"app": "dbt", "dbt_version": "1.7.20", "profile_name": "fmcg_sales", "target_name": "dev", "node_id": "model.fmcg_sales.sales_person_monthly_agg"} */

    drop table if exists `sales_of_fmcg_stores`.`sales_person_monthly_agg` cascade
  
[0m12:45:59.025760 [debug] [Thread-1 (]: SQL status: SUCCESS 0 in 0.0 seconds
[0m12:45:59.027760 [debug] [Thread-1 (]: Using mysql connection "model.fmcg_sales.sales_person_monthly_agg"
[0m12:45:59.028659 [debug] [Thread-1 (]: On model.fmcg_sales.sales_person_monthly_agg: /* {"app": "dbt", "dbt_version": "1.7.20", "profile_name": "fmcg_sales", "target_name": "dev", "node_id": "model.fmcg_sales.sales_person_monthly_agg"} */

    rename table `sales_of_fmcg_stores`.`sales_person_monthly_agg__dbt_tmp` to `sales_of_fmcg_stores`.`sales_person_monthly_agg`
  
[0m12:45:59.052610 [debug] [Thread-1 (]: SQL status: SUCCESS 0 in 0.0 seconds
[0m12:45:59.059593 [debug] [Thread-1 (]: On model.fmcg_sales.sales_person_monthly_agg: COMMIT
[0m12:45:59.061272 [debug] [Thread-1 (]: Using mysql connection "model.fmcg_sales.sales_person_monthly_agg"
[0m12:45:59.062275 [debug] [Thread-1 (]: On model.fmcg_sales.sales_person_monthly_agg: COMMIT
[0m12:45:59.065280 [debug] [Thread-1 (]: SQL status: SUCCESS 0 in 0.0 seconds
[0m12:45:59.070371 [debug] [Thread-1 (]: Using mysql connection "model.fmcg_sales.sales_person_monthly_agg"
[0m12:45:59.071372 [debug] [Thread-1 (]: On model.fmcg_sales.sales_person_monthly_agg: /* {"app": "dbt", "dbt_version": "1.7.20", "profile_name": "fmcg_sales", "target_name": "dev", "node_id": "model.fmcg_sales.sales_person_monthly_agg"} */
drop table if exists `sales_of_fmcg_stores`.`sales_person_monthly_agg__dbt_backup`
[0m12:45:59.091292 [debug] [Thread-1 (]: SQL status: SUCCESS 0 in 0.0 seconds
[0m12:45:59.094279 [debug] [Thread-1 (]: Timing info for model.fmcg_sales.sales_person_monthly_agg (execute): 11:23:24.270757 => 12:45:59.094279
[0m12:45:59.095292 [debug] [Thread-1 (]: On model.fmcg_sales.sales_person_monthly_agg: Close
[0m12:45:59.097277 [debug] [Thread-1 (]: Sending event: {'category': 'dbt', 'action': 'run_model', 'label': '7843d472-6e37-4a89-a907-38a2509a41aa', 'context': [<snowplow_tracker.self_describing_json.SelfDescribingJson object at 0x000001512E2F1D60>]}
[0m12:45:59.098291 [info ] [Thread-1 (]: 13 of 19 OK created sql table model sales_of_fmcg_stores.sales_person_monthly_agg  [[32mSUCCESS 115[0m in 4954.85s]
[0m12:45:59.099301 [debug] [Thread-1 (]: Finished running node model.fmcg_sales.sales_person_monthly_agg
[0m12:45:59.101422 [debug] [Thread-1 (]: Began running node test.fmcg_sales.not_null_sales_person_monthly_agg_SalesMonth.1681f80c8b
[0m12:45:59.102430 [info ] [Thread-1 (]: 14 of 19 START test not_null_sales_person_monthly_agg_SalesMonth ............... [RUN]
[0m12:45:59.106428 [debug] [Thread-1 (]: Re-using an available connection from the pool (formerly model.fmcg_sales.sales_person_monthly_agg, now test.fmcg_sales.not_null_sales_person_monthly_agg_SalesMonth.1681f80c8b)
[0m12:45:59.106428 [debug] [Thread-1 (]: Began compiling node test.fmcg_sales.not_null_sales_person_monthly_agg_SalesMonth.1681f80c8b
[0m12:45:59.114429 [debug] [Thread-1 (]: Writing injected SQL for node "test.fmcg_sales.not_null_sales_person_monthly_agg_SalesMonth.1681f80c8b"
[0m12:45:59.118423 [debug] [Thread-1 (]: Timing info for test.fmcg_sales.not_null_sales_person_monthly_agg_SalesMonth.1681f80c8b (compile): 12:45:59.107427 => 12:45:59.117425
[0m12:45:59.119428 [debug] [Thread-1 (]: Began executing node test.fmcg_sales.not_null_sales_person_monthly_agg_SalesMonth.1681f80c8b
[0m12:45:59.124427 [debug] [Thread-1 (]: Writing runtime sql for node "test.fmcg_sales.not_null_sales_person_monthly_agg_SalesMonth.1681f80c8b"
[0m12:45:59.128426 [debug] [Thread-1 (]: Using mysql connection "test.fmcg_sales.not_null_sales_person_monthly_agg_SalesMonth.1681f80c8b"
[0m12:45:59.129423 [debug] [Thread-1 (]: On test.fmcg_sales.not_null_sales_person_monthly_agg_SalesMonth.1681f80c8b: BEGIN
[0m12:45:59.131425 [debug] [Thread-1 (]: Opening a new connection, currently in state closed
[0m12:45:59.243957 [debug] [Thread-1 (]: SQL status: SUCCESS 0 in 0.0 seconds
[0m12:45:59.245960 [debug] [Thread-1 (]: Using mysql connection "test.fmcg_sales.not_null_sales_person_monthly_agg_SalesMonth.1681f80c8b"
[0m12:45:59.246973 [debug] [Thread-1 (]: On test.fmcg_sales.not_null_sales_person_monthly_agg_SalesMonth.1681f80c8b: /* {"app": "dbt", "dbt_version": "1.7.20", "profile_name": "fmcg_sales", "target_name": "dev", "node_id": "test.fmcg_sales.not_null_sales_person_monthly_agg_SalesMonth.1681f80c8b"} */
select
      count(*) as failures,
      case
        when count(*) <> 0 then 'true'
        else 'false'
      end as should_warn,
      case
        when count(*) <> 0 then 'true'
        else 'false'
      end as should_error
    from (
      
    
    



select SalesMonth
from `sales_of_fmcg_stores`.`sales_person_monthly_agg`
where SalesMonth is null



      
    ) dbt_internal_test
[0m12:45:59.253957 [debug] [Thread-1 (]: SQL status: SUCCESS 1 in 0.0 seconds
[0m12:45:59.259960 [debug] [Thread-1 (]: Timing info for test.fmcg_sales.not_null_sales_person_monthly_agg_SalesMonth.1681f80c8b (execute): 12:45:59.120427 => 12:45:59.259013
[0m12:45:59.261968 [debug] [Thread-1 (]: On test.fmcg_sales.not_null_sales_person_monthly_agg_SalesMonth.1681f80c8b: ROLLBACK
[0m12:45:59.263956 [debug] [Thread-1 (]: On test.fmcg_sales.not_null_sales_person_monthly_agg_SalesMonth.1681f80c8b: Close
[0m12:45:59.267961 [info ] [Thread-1 (]: 14 of 19 PASS not_null_sales_person_monthly_agg_SalesMonth ..................... [[32mPASS[0m in 0.16s]
[0m12:45:59.269957 [debug] [Thread-1 (]: Finished running node test.fmcg_sales.not_null_sales_person_monthly_agg_SalesMonth.1681f80c8b
[0m12:45:59.271963 [debug] [Thread-1 (]: Began running node test.fmcg_sales.not_null_sales_person_monthly_agg_SalesPersonID.ec25ae8658
[0m12:45:59.272956 [info ] [Thread-1 (]: 15 of 19 START test not_null_sales_person_monthly_agg_SalesPersonID ............ [RUN]
[0m12:45:59.276956 [debug] [Thread-1 (]: Re-using an available connection from the pool (formerly test.fmcg_sales.not_null_sales_person_monthly_agg_SalesMonth.1681f80c8b, now test.fmcg_sales.not_null_sales_person_monthly_agg_SalesPersonID.ec25ae8658)
[0m12:45:59.278958 [debug] [Thread-1 (]: Began compiling node test.fmcg_sales.not_null_sales_person_monthly_agg_SalesPersonID.ec25ae8658
[0m12:45:59.289962 [debug] [Thread-1 (]: Writing injected SQL for node "test.fmcg_sales.not_null_sales_person_monthly_agg_SalesPersonID.ec25ae8658"
[0m12:45:59.294035 [debug] [Thread-1 (]: Timing info for test.fmcg_sales.not_null_sales_person_monthly_agg_SalesPersonID.ec25ae8658 (compile): 12:45:59.279964 => 12:45:59.292955
[0m12:45:59.295968 [debug] [Thread-1 (]: Began executing node test.fmcg_sales.not_null_sales_person_monthly_agg_SalesPersonID.ec25ae8658
[0m12:45:59.301958 [debug] [Thread-1 (]: Writing runtime sql for node "test.fmcg_sales.not_null_sales_person_monthly_agg_SalesPersonID.ec25ae8658"
[0m12:45:59.305038 [debug] [Thread-1 (]: Using mysql connection "test.fmcg_sales.not_null_sales_person_monthly_agg_SalesPersonID.ec25ae8658"
[0m12:45:59.307057 [debug] [Thread-1 (]: On test.fmcg_sales.not_null_sales_person_monthly_agg_SalesPersonID.ec25ae8658: BEGIN
[0m12:45:59.308055 [debug] [Thread-1 (]: Opening a new connection, currently in state closed
[0m12:45:59.370961 [debug] [Thread-1 (]: SQL status: SUCCESS 0 in 0.0 seconds
[0m12:45:59.370961 [debug] [Thread-1 (]: Using mysql connection "test.fmcg_sales.not_null_sales_person_monthly_agg_SalesPersonID.ec25ae8658"
[0m12:45:59.371962 [debug] [Thread-1 (]: On test.fmcg_sales.not_null_sales_person_monthly_agg_SalesPersonID.ec25ae8658: /* {"app": "dbt", "dbt_version": "1.7.20", "profile_name": "fmcg_sales", "target_name": "dev", "node_id": "test.fmcg_sales.not_null_sales_person_monthly_agg_SalesPersonID.ec25ae8658"} */
select
      count(*) as failures,
      case
        when count(*) <> 0 then 'true'
        else 'false'
      end as should_warn,
      case
        when count(*) <> 0 then 'true'
        else 'false'
      end as should_error
    from (
      
    
    



select SalesPersonID
from `sales_of_fmcg_stores`.`sales_person_monthly_agg`
where SalesPersonID is null



      
    ) dbt_internal_test
[0m12:45:59.373966 [debug] [Thread-1 (]: SQL status: SUCCESS 1 in 0.0 seconds
[0m12:45:59.375963 [debug] [Thread-1 (]: Timing info for test.fmcg_sales.not_null_sales_person_monthly_agg_SalesPersonID.ec25ae8658 (execute): 12:45:59.296961 => 12:45:59.374946
[0m12:45:59.375963 [debug] [Thread-1 (]: On test.fmcg_sales.not_null_sales_person_monthly_agg_SalesPersonID.ec25ae8658: ROLLBACK
[0m12:45:59.376947 [debug] [Thread-1 (]: On test.fmcg_sales.not_null_sales_person_monthly_agg_SalesPersonID.ec25ae8658: Close
[0m12:45:59.377950 [info ] [Thread-1 (]: 15 of 19 PASS not_null_sales_person_monthly_agg_SalesPersonID .................. [[32mPASS[0m in 0.10s]
[0m12:45:59.378949 [debug] [Thread-1 (]: Finished running node test.fmcg_sales.not_null_sales_person_monthly_agg_SalesPersonID.ec25ae8658
[0m12:45:59.379948 [debug] [Thread-1 (]: Began running node model.fmcg_sales.salesperson_monthly_summary
[0m12:45:59.379948 [info ] [Thread-1 (]: 16 of 19 START sql table model sales_of_fmcg_stores.salesperson_monthly_summary  [RUN]
[0m12:45:59.381950 [debug] [Thread-1 (]: Re-using an available connection from the pool (formerly test.fmcg_sales.not_null_sales_person_monthly_agg_SalesPersonID.ec25ae8658, now model.fmcg_sales.salesperson_monthly_summary)
[0m12:45:59.381950 [debug] [Thread-1 (]: Began compiling node model.fmcg_sales.salesperson_monthly_summary
[0m12:45:59.384951 [debug] [Thread-1 (]: Writing injected SQL for node "model.fmcg_sales.salesperson_monthly_summary"
[0m12:45:59.386953 [debug] [Thread-1 (]: Timing info for model.fmcg_sales.salesperson_monthly_summary (compile): 12:45:59.382950 => 12:45:59.385949
[0m12:45:59.386953 [debug] [Thread-1 (]: Began executing node model.fmcg_sales.salesperson_monthly_summary
[0m12:45:59.392954 [debug] [Thread-1 (]: Writing runtime sql for node "model.fmcg_sales.salesperson_monthly_summary"
[0m12:45:59.394053 [debug] [Thread-1 (]: Using mysql connection "model.fmcg_sales.salesperson_monthly_summary"
[0m12:45:59.395957 [debug] [Thread-1 (]: On model.fmcg_sales.salesperson_monthly_summary: BEGIN
[0m12:45:59.396956 [debug] [Thread-1 (]: Opening a new connection, currently in state closed
[0m12:45:59.497051 [debug] [Thread-1 (]: SQL status: SUCCESS 0 in 0.0 seconds
[0m12:45:59.498053 [debug] [Thread-1 (]: Using mysql connection "model.fmcg_sales.salesperson_monthly_summary"
[0m12:45:59.498053 [debug] [Thread-1 (]: On model.fmcg_sales.salesperson_monthly_summary: /* {"app": "dbt", "dbt_version": "1.7.20", "profile_name": "fmcg_sales", "target_name": "dev", "node_id": "model.fmcg_sales.salesperson_monthly_summary"} */

  
    

  create  table
    `sales_of_fmcg_stores`.`salesperson_monthly_summary__dbt_tmp`
    
    
      as
    
    (
      select
    spma.SalesMonth,
    e.EmployeeID as SalesPersonID,
    concat(e.FirstName, ' ', e.LastName) as SalesPersonName,
    e.Gender,
    e.HireDate,
    spma.total_transactions,
    spma.total_quantity,
    spma.total_revenue,
    spma.avg_revenue_per_transaction
from `sales_of_fmcg_stores`.`sales_person_monthly_agg` spma
join `sales_of_fmcg_stores`.`stg_employees` e
    on spma.SalesPersonID = e.EmployeeID
    )

  
[0m12:45:59.501055 [debug] [Thread-1 (]: mysql adapter: MySQL error: 1054 (42S22): Unknown column 'e.Gender' in 'field list'
[0m12:45:59.501055 [debug] [Thread-1 (]: On model.fmcg_sales.salesperson_monthly_summary: ROLLBACK
[0m12:45:59.502957 [debug] [Thread-1 (]: Timing info for model.fmcg_sales.salesperson_monthly_summary (execute): 12:45:59.387953 => 12:45:59.502047
[0m12:45:59.504956 [debug] [Thread-1 (]: On model.fmcg_sales.salesperson_monthly_summary: Close
[0m12:45:59.916191 [debug] [Thread-1 (]: Database Error in model salesperson_monthly_summary (models\marts\salesperson_monthly_summary.sql)
  1054 (42S22): Unknown column 'e.Gender' in 'field list'
  compiled Code at target\run\fmcg_sales\models\marts\salesperson_monthly_summary.sql
[0m12:45:59.918170 [debug] [Thread-1 (]: Sending event: {'category': 'dbt', 'action': 'run_model', 'label': '7843d472-6e37-4a89-a907-38a2509a41aa', 'context': [<snowplow_tracker.self_describing_json.SelfDescribingJson object at 0x000001512E242F30>]}
[0m12:45:59.920179 [error] [Thread-1 (]: 16 of 19 ERROR creating sql table model sales_of_fmcg_stores.salesperson_monthly_summary  [[31mERROR[0m in 0.54s]
[0m12:45:59.922168 [debug] [Thread-1 (]: Finished running node model.fmcg_sales.salesperson_monthly_summary
[0m12:45:59.926172 [debug] [Thread-1 (]: Began running node test.fmcg_sales.not_null_salesperson_monthly_summary_SalesMonth.ac15daec5b
[0m12:45:59.928174 [info ] [Thread-1 (]: 17 of 19 SKIP test not_null_salesperson_monthly_summary_SalesMonth ............. [[33mSKIP[0m]
[0m12:45:59.930169 [debug] [Thread-1 (]: Finished running node test.fmcg_sales.not_null_salesperson_monthly_summary_SalesMonth.ac15daec5b
[0m12:45:59.932170 [debug] [Thread-1 (]: Began running node test.fmcg_sales.not_null_salesperson_monthly_summary_SalesPersonID.6931207576
[0m12:45:59.933172 [info ] [Thread-1 (]: 18 of 19 SKIP test not_null_salesperson_monthly_summary_SalesPersonID .......... [[33mSKIP[0m]
[0m12:45:59.935173 [debug] [Thread-1 (]: Finished running node test.fmcg_sales.not_null_salesperson_monthly_summary_SalesPersonID.6931207576
[0m12:45:59.936170 [debug] [Thread-1 (]: Began running node test.fmcg_sales.not_null_salesperson_monthly_summary_SalesPersonName.b896308ef9
[0m12:45:59.937172 [info ] [Thread-1 (]: 19 of 19 SKIP test not_null_salesperson_monthly_summary_SalesPersonName ........ [[33mSKIP[0m]
[0m12:45:59.939171 [debug] [Thread-1 (]: Finished running node test.fmcg_sales.not_null_salesperson_monthly_summary_SalesPersonName.b896308ef9
[0m12:45:59.943172 [debug] [MainThread]: Using mysql connection "master"
[0m12:45:59.944169 [debug] [MainThread]: On master: BEGIN
[0m12:45:59.945169 [debug] [MainThread]: Opening a new connection, currently in state closed
[0m12:46:00.013164 [debug] [MainThread]: SQL status: SUCCESS 0 in 0.0 seconds
[0m12:46:00.014168 [debug] [MainThread]: On master: COMMIT
[0m12:46:00.014168 [debug] [MainThread]: Using mysql connection "master"
[0m12:46:00.015164 [debug] [MainThread]: On master: COMMIT
[0m12:46:00.016164 [debug] [MainThread]: SQL status: SUCCESS 0 in 0.0 seconds
[0m12:46:00.016164 [debug] [MainThread]: On master: Close
[0m12:46:00.017166 [debug] [MainThread]: Connection 'master' was properly closed.
[0m12:46:00.018164 [debug] [MainThread]: Connection 'list_schemas' was properly closed.
[0m12:46:00.018164 [debug] [MainThread]: Connection 'list_None_sales_of_fmcg_stores' was properly closed.
[0m12:46:00.019163 [debug] [MainThread]: Connection 'model.fmcg_sales.salesperson_monthly_summary' was properly closed.
[0m12:46:00.021193 [info ] [MainThread]: 
[0m12:46:00.022167 [info ] [MainThread]: Finished running 14 tests, 3 view models, 2 table models in 1 hours 22 minutes and 48.75 seconds (4968.75s).
[0m12:46:00.025165 [debug] [MainThread]: Command end result
[0m12:46:00.038166 [info ] [MainThread]: 
[0m12:46:00.039164 [info ] [MainThread]: [31mCompleted with 1 error and 0 warnings:[0m
[0m12:46:00.040166 [info ] [MainThread]: 
[0m12:46:00.040166 [error] [MainThread]:   Database Error in model salesperson_monthly_summary (models\marts\salesperson_monthly_summary.sql)
  1054 (42S22): Unknown column 'e.Gender' in 'field list'
  compiled Code at target\run\fmcg_sales\models\marts\salesperson_monthly_summary.sql
[0m12:46:00.040166 [info ] [MainThread]: 
[0m12:46:00.041164 [info ] [MainThread]: Done. PASS=15 WARN=0 ERROR=1 SKIP=3 TOTAL=19
[0m12:46:00.042165 [debug] [MainThread]: Command `dbt build` failed at 12:46:00.042165 after 4969.15 seconds
[0m12:46:00.042165 [debug] [MainThread]: Sending event: {'category': 'dbt', 'action': 'invocation', 'label': 'end', 'context': [<snowplow_tracker.self_describing_json.SelfDescribingJson object at 0x000001512C615160>, <snowplow_tracker.self_describing_json.SelfDescribingJson object at 0x000001512C4972C0>, <snowplow_tracker.self_describing_json.SelfDescribingJson object at 0x000001512C9C0500>]}
[0m12:46:00.043165 [debug] [MainThread]: Flushing usage events
[0m14:05:01.324295 [debug] [MainThread]: Sending event: {'category': 'dbt', 'action': 'invocation', 'label': 'start', 'context': [<snowplow_tracker.self_describing_json.SelfDescribingJson object at 0x0000029CB4416360>, <snowplow_tracker.self_describing_json.SelfDescribingJson object at 0x0000029CB4236000>, <snowplow_tracker.self_describing_json.SelfDescribingJson object at 0x0000029CB4237800>]}


============================== 14:05:01.334296 | 8ff65861-7cb8-4587-b080-272ee3d5c11c ==============================
[0m14:05:01.334296 [info ] [MainThread]: Running with dbt=1.7.20
[0m14:05:01.335316 [debug] [MainThread]: running dbt with arguments {'printer_width': '80', 'indirect_selection': 'eager', 'write_json': 'True', 'log_cache_events': 'False', 'partial_parse': 'True', 'cache_selected_only': 'False', 'warn_error': 'None', 'debug': 'False', 'profiles_dir': 'C:\\Users\\ADMIN\\.dbt', 'log_path': 'C:\\nguyen\\Projects\\Bài 18_ Sales of FMCG Stores\\logs', 'version_check': 'True', 'fail_fast': 'False', 'use_colors': 'True', 'use_experimental_parser': 'False', 'no_print': 'None', 'quiet': 'False', 'log_format': 'default', 'static_parser': 'True', 'invocation_command': 'dbt compile --select +salesperson_monthly_summary', 'warn_error_options': 'WarnErrorOptions(include=[], exclude=[])', 'target_path': 'None', 'introspect': 'True', 'send_anonymous_usage_stats': 'True'}
[0m14:05:01.336297 [info ] [MainThread]: This version of dbt is deprecated and no longer receives regular patches, including for known bugs. We recommend upgrading to a newer supported version of dbt: https://docs.getdbt.com/docs/dbt-versions
[0m14:05:01.337299 [debug] [MainThread]: Sending event: {'category': 'dbt', 'action': 'deprecated_version_invocation', 'label': '8ff65861-7cb8-4587-b080-272ee3d5c11c', 'context': [<snowplow_tracker.self_describing_json.SelfDescribingJson object at 0x0000029CB4236000>]}
[0m14:05:01.727323 [debug] [MainThread]: Sending event: {'category': 'dbt', 'action': 'project_id', 'label': '8ff65861-7cb8-4587-b080-272ee3d5c11c', 'context': [<snowplow_tracker.self_describing_json.SelfDescribingJson object at 0x0000029CB42E1160>]}
[0m14:05:01.832324 [debug] [MainThread]: Sending event: {'category': 'dbt', 'action': 'adapter_info', 'label': '8ff65861-7cb8-4587-b080-272ee3d5c11c', 'context': [<snowplow_tracker.self_describing_json.SelfDescribingJson object at 0x0000029CB4971CD0>]}
[0m14:05:01.834341 [info ] [MainThread]: Registered adapter: mysql=1.7.0
[0m14:05:01.865425 [debug] [MainThread]: checksum: e60e9a7db60717b27391e9fcca7ffc2f1c59992fad004fb73a09489fe7f93d3f, vars: {}, profile: , target: , version: 1.7.20
[0m14:05:03.179850 [debug] [MainThread]: Partial parsing enabled: 0 files deleted, 0 files added, 2 files changed.
[0m14:05:03.181865 [debug] [MainThread]: Partial parsing: updated file: fmcg_sales://models\marts\sales_person_monthly_agg.sql
[0m14:05:03.182864 [debug] [MainThread]: Partial parsing: updated file: fmcg_sales://models\staging\stg_employees.sql
[0m14:05:03.645849 [debug] [MainThread]: Sending event: {'category': 'dbt', 'action': 'load_project', 'label': '8ff65861-7cb8-4587-b080-272ee3d5c11c', 'context': [<snowplow_tracker.self_describing_json.SelfDescribingJson object at 0x0000029CB5DE8800>]}
[0m14:05:03.678846 [debug] [MainThread]: Sending event: {'category': 'dbt', 'action': 'resource_counts', 'label': '8ff65861-7cb8-4587-b080-272ee3d5c11c', 'context': [<snowplow_tracker.self_describing_json.SelfDescribingJson object at 0x0000029CB5E4ECF0>]}
[0m14:05:03.678846 [info ] [MainThread]: Found 24 models, 57 tests, 7 sources, 0 exposures, 0 metrics, 375 macros, 0 groups, 0 semantic models
[0m14:05:03.679848 [debug] [MainThread]: Sending event: {'category': 'dbt', 'action': 'runnable_timing', 'label': '8ff65861-7cb8-4587-b080-272ee3d5c11c', 'context': [<snowplow_tracker.self_describing_json.SelfDescribingJson object at 0x0000029CB5D5AB70>]}
[0m14:05:03.687847 [info ] [MainThread]: 
[0m14:05:03.690846 [debug] [MainThread]: Acquiring new mysql connection 'master'
[0m14:05:03.695963 [debug] [ThreadPool]: Acquiring new mysql connection 'list_None_sales_of_fmcg_stores'
[0m14:05:03.714849 [debug] [ThreadPool]: Using mysql connection "list_None_sales_of_fmcg_stores"
[0m14:05:03.715958 [debug] [ThreadPool]: On list_None_sales_of_fmcg_stores: BEGIN
[0m14:05:03.716953 [debug] [ThreadPool]: Opening a new connection, currently in state init
[0m14:05:03.883227 [debug] [ThreadPool]: SQL status: SUCCESS 0 in 0.0 seconds
[0m14:05:03.883227 [debug] [ThreadPool]: Using mysql connection "list_None_sales_of_fmcg_stores"
[0m14:05:03.884226 [debug] [ThreadPool]: On list_None_sales_of_fmcg_stores: /* {"app": "dbt", "dbt_version": "1.7.20", "profile_name": "fmcg_sales", "target_name": "dev", "connection_name": "list_None_sales_of_fmcg_stores"} */
select
      null as "database",
      table_name as name,
      table_schema as "schema",
      case when table_type = 'BASE TABLE' then 'table'
           when table_type = 'VIEW' then 'view'
           else table_type
      end as table_type
    from information_schema.tables
    where table_schema = 'sales_of_fmcg_stores'
  
[0m14:05:03.890227 [debug] [ThreadPool]: SQL status: SUCCESS 34 in 0.0 seconds
[0m14:05:03.893226 [debug] [ThreadPool]: On list_None_sales_of_fmcg_stores: ROLLBACK
[0m14:05:03.894228 [debug] [ThreadPool]: On list_None_sales_of_fmcg_stores: Close
[0m14:05:03.907224 [debug] [MainThread]: Sending event: {'category': 'dbt', 'action': 'runnable_timing', 'label': '8ff65861-7cb8-4587-b080-272ee3d5c11c', 'context': [<snowplow_tracker.self_describing_json.SelfDescribingJson object at 0x0000029CB5E4ECF0>]}
[0m14:05:03.908226 [info ] [MainThread]: Concurrency: 1 threads (target='dev')
[0m14:05:03.909227 [info ] [MainThread]: 
[0m14:05:03.916232 [debug] [Thread-1 (]: Began running node model.fmcg_sales.sales_person_monthly_agg
[0m14:05:03.917231 [debug] [Thread-1 (]: Acquiring new mysql connection 'model.fmcg_sales.sales_person_monthly_agg'
[0m14:05:03.918226 [debug] [Thread-1 (]: Began compiling node model.fmcg_sales.sales_person_monthly_agg
[0m14:05:03.929226 [debug] [Thread-1 (]: Writing injected SQL for node "model.fmcg_sales.sales_person_monthly_agg"
[0m14:05:03.932228 [debug] [Thread-1 (]: Timing info for model.fmcg_sales.sales_person_monthly_agg (compile): 14:05:03.919246 => 14:05:03.931231
[0m14:05:03.933225 [debug] [Thread-1 (]: Began executing node model.fmcg_sales.sales_person_monthly_agg
[0m14:05:03.934226 [debug] [Thread-1 (]: Timing info for model.fmcg_sales.sales_person_monthly_agg (execute): 14:05:03.933225 => 14:05:03.933225
[0m14:05:03.935226 [debug] [Thread-1 (]: Finished running node model.fmcg_sales.sales_person_monthly_agg
[0m14:05:03.936226 [debug] [Thread-1 (]: Began running node model.fmcg_sales.stg_employees
[0m14:05:03.938226 [debug] [Thread-1 (]: Re-using an available connection from the pool (formerly model.fmcg_sales.sales_person_monthly_agg, now model.fmcg_sales.stg_employees)
[0m14:05:03.939225 [debug] [Thread-1 (]: Began compiling node model.fmcg_sales.stg_employees
[0m14:05:03.943228 [debug] [Thread-1 (]: Writing injected SQL for node "model.fmcg_sales.stg_employees"
[0m14:05:03.945225 [debug] [Thread-1 (]: Timing info for model.fmcg_sales.stg_employees (compile): 14:05:03.939225 => 14:05:03.944226
[0m14:05:03.946226 [debug] [Thread-1 (]: Began executing node model.fmcg_sales.stg_employees
[0m14:05:03.947225 [debug] [Thread-1 (]: Timing info for model.fmcg_sales.stg_employees (execute): 14:05:03.946226 => 14:05:03.946226
[0m14:05:03.948228 [debug] [Thread-1 (]: Finished running node model.fmcg_sales.stg_employees
[0m14:05:03.950227 [debug] [Thread-1 (]: Began running node test.fmcg_sales.source_not_null_raw_employees_EmployeeID.4e95fdb9d3
[0m14:05:03.952227 [debug] [Thread-1 (]: Re-using an available connection from the pool (formerly model.fmcg_sales.stg_employees, now test.fmcg_sales.source_not_null_raw_employees_EmployeeID.4e95fdb9d3)
[0m14:05:03.953227 [debug] [Thread-1 (]: Began compiling node test.fmcg_sales.source_not_null_raw_employees_EmployeeID.4e95fdb9d3
[0m14:05:03.972228 [debug] [Thread-1 (]: Writing injected SQL for node "test.fmcg_sales.source_not_null_raw_employees_EmployeeID.4e95fdb9d3"
[0m14:05:03.974228 [debug] [Thread-1 (]: Timing info for test.fmcg_sales.source_not_null_raw_employees_EmployeeID.4e95fdb9d3 (compile): 14:05:03.953227 => 14:05:03.973244
[0m14:05:03.974228 [debug] [Thread-1 (]: Began executing node test.fmcg_sales.source_not_null_raw_employees_EmployeeID.4e95fdb9d3
[0m14:05:03.976226 [debug] [Thread-1 (]: Timing info for test.fmcg_sales.source_not_null_raw_employees_EmployeeID.4e95fdb9d3 (execute): 14:05:03.975229 => 14:05:03.975229
[0m14:05:03.977227 [debug] [Thread-1 (]: Finished running node test.fmcg_sales.source_not_null_raw_employees_EmployeeID.4e95fdb9d3
[0m14:05:03.978230 [debug] [Thread-1 (]: Began running node test.fmcg_sales.source_not_null_raw_products_ProductID.9bf99791be
[0m14:05:03.980230 [debug] [Thread-1 (]: Re-using an available connection from the pool (formerly test.fmcg_sales.source_not_null_raw_employees_EmployeeID.4e95fdb9d3, now test.fmcg_sales.source_not_null_raw_products_ProductID.9bf99791be)
[0m14:05:03.980230 [debug] [Thread-1 (]: Began compiling node test.fmcg_sales.source_not_null_raw_products_ProductID.9bf99791be
[0m14:05:03.988250 [debug] [Thread-1 (]: Writing injected SQL for node "test.fmcg_sales.source_not_null_raw_products_ProductID.9bf99791be"
[0m14:05:03.990228 [debug] [Thread-1 (]: Timing info for test.fmcg_sales.source_not_null_raw_products_ProductID.9bf99791be (compile): 14:05:03.981228 => 14:05:03.989247
[0m14:05:03.990228 [debug] [Thread-1 (]: Began executing node test.fmcg_sales.source_not_null_raw_products_ProductID.9bf99791be
[0m14:05:03.992230 [debug] [Thread-1 (]: Timing info for test.fmcg_sales.source_not_null_raw_products_ProductID.9bf99791be (execute): 14:05:03.991262 => 14:05:03.991262
[0m14:05:03.994224 [debug] [Thread-1 (]: Finished running node test.fmcg_sales.source_not_null_raw_products_ProductID.9bf99791be
[0m14:05:03.995224 [debug] [Thread-1 (]: Began running node test.fmcg_sales.source_not_null_raw_sales_CustomerID.8f2a6c215b
[0m14:05:03.996226 [debug] [Thread-1 (]: Re-using an available connection from the pool (formerly test.fmcg_sales.source_not_null_raw_products_ProductID.9bf99791be, now test.fmcg_sales.source_not_null_raw_sales_CustomerID.8f2a6c215b)
[0m14:05:03.997230 [debug] [Thread-1 (]: Began compiling node test.fmcg_sales.source_not_null_raw_sales_CustomerID.8f2a6c215b
[0m14:05:04.006228 [debug] [Thread-1 (]: Writing injected SQL for node "test.fmcg_sales.source_not_null_raw_sales_CustomerID.8f2a6c215b"
[0m14:05:04.008326 [debug] [Thread-1 (]: Timing info for test.fmcg_sales.source_not_null_raw_sales_CustomerID.8f2a6c215b (compile): 14:05:03.998225 => 14:05:04.008326
[0m14:05:04.009272 [debug] [Thread-1 (]: Began executing node test.fmcg_sales.source_not_null_raw_sales_CustomerID.8f2a6c215b
[0m14:05:04.010323 [debug] [Thread-1 (]: Timing info for test.fmcg_sales.source_not_null_raw_sales_CustomerID.8f2a6c215b (execute): 14:05:04.010323 => 14:05:04.010323
[0m14:05:04.012339 [debug] [Thread-1 (]: Finished running node test.fmcg_sales.source_not_null_raw_sales_CustomerID.8f2a6c215b
[0m14:05:04.013234 [debug] [Thread-1 (]: Began running node test.fmcg_sales.source_not_null_raw_sales_ProductID.37d6340449
[0m14:05:04.015329 [debug] [Thread-1 (]: Re-using an available connection from the pool (formerly test.fmcg_sales.source_not_null_raw_sales_CustomerID.8f2a6c215b, now test.fmcg_sales.source_not_null_raw_sales_ProductID.37d6340449)
[0m14:05:04.015329 [debug] [Thread-1 (]: Began compiling node test.fmcg_sales.source_not_null_raw_sales_ProductID.37d6340449
[0m14:05:04.022228 [debug] [Thread-1 (]: Writing injected SQL for node "test.fmcg_sales.source_not_null_raw_sales_ProductID.37d6340449"
[0m14:05:04.024228 [debug] [Thread-1 (]: Timing info for test.fmcg_sales.source_not_null_raw_sales_ProductID.37d6340449 (compile): 14:05:04.016338 => 14:05:04.024228
[0m14:05:04.025228 [debug] [Thread-1 (]: Began executing node test.fmcg_sales.source_not_null_raw_sales_ProductID.37d6340449
[0m14:05:04.026228 [debug] [Thread-1 (]: Timing info for test.fmcg_sales.source_not_null_raw_sales_ProductID.37d6340449 (execute): 14:05:04.026228 => 14:05:04.026228
[0m14:05:04.028229 [debug] [Thread-1 (]: Finished running node test.fmcg_sales.source_not_null_raw_sales_ProductID.37d6340449
[0m14:05:04.029229 [debug] [Thread-1 (]: Began running node test.fmcg_sales.source_not_null_raw_sales_SalesID.86fcce832a
[0m14:05:04.030229 [debug] [Thread-1 (]: Re-using an available connection from the pool (formerly test.fmcg_sales.source_not_null_raw_sales_ProductID.37d6340449, now test.fmcg_sales.source_not_null_raw_sales_SalesID.86fcce832a)
[0m14:05:04.030229 [debug] [Thread-1 (]: Began compiling node test.fmcg_sales.source_not_null_raw_sales_SalesID.86fcce832a
[0m14:05:04.038228 [debug] [Thread-1 (]: Writing injected SQL for node "test.fmcg_sales.source_not_null_raw_sales_SalesID.86fcce832a"
[0m14:05:04.040228 [debug] [Thread-1 (]: Timing info for test.fmcg_sales.source_not_null_raw_sales_SalesID.86fcce832a (compile): 14:05:04.031229 => 14:05:04.039228
[0m14:05:04.040228 [debug] [Thread-1 (]: Began executing node test.fmcg_sales.source_not_null_raw_sales_SalesID.86fcce832a
[0m14:05:04.041229 [debug] [Thread-1 (]: Timing info for test.fmcg_sales.source_not_null_raw_sales_SalesID.86fcce832a (execute): 14:05:04.041229 => 14:05:04.041229
[0m14:05:04.043229 [debug] [Thread-1 (]: Finished running node test.fmcg_sales.source_not_null_raw_sales_SalesID.86fcce832a
[0m14:05:04.044228 [debug] [Thread-1 (]: Began running node test.fmcg_sales.source_not_null_raw_sales_SalesPersonID.30fb6636b7
[0m14:05:04.045228 [debug] [Thread-1 (]: Re-using an available connection from the pool (formerly test.fmcg_sales.source_not_null_raw_sales_SalesID.86fcce832a, now test.fmcg_sales.source_not_null_raw_sales_SalesPersonID.30fb6636b7)
[0m14:05:04.046228 [debug] [Thread-1 (]: Began compiling node test.fmcg_sales.source_not_null_raw_sales_SalesPersonID.30fb6636b7
[0m14:05:04.052240 [debug] [Thread-1 (]: Writing injected SQL for node "test.fmcg_sales.source_not_null_raw_sales_SalesPersonID.30fb6636b7"
[0m14:05:04.054228 [debug] [Thread-1 (]: Timing info for test.fmcg_sales.source_not_null_raw_sales_SalesPersonID.30fb6636b7 (compile): 14:05:04.046228 => 14:05:04.053226
[0m14:05:04.055230 [debug] [Thread-1 (]: Began executing node test.fmcg_sales.source_not_null_raw_sales_SalesPersonID.30fb6636b7
[0m14:05:04.056230 [debug] [Thread-1 (]: Timing info for test.fmcg_sales.source_not_null_raw_sales_SalesPersonID.30fb6636b7 (execute): 14:05:04.055230 => 14:05:04.056230
[0m14:05:04.057229 [debug] [Thread-1 (]: Finished running node test.fmcg_sales.source_not_null_raw_sales_SalesPersonID.30fb6636b7
[0m14:05:04.058227 [debug] [Thread-1 (]: Began running node test.fmcg_sales.source_unique_raw_employees_EmployeeID.9f1f8ab223
[0m14:05:04.059228 [debug] [Thread-1 (]: Re-using an available connection from the pool (formerly test.fmcg_sales.source_not_null_raw_sales_SalesPersonID.30fb6636b7, now test.fmcg_sales.source_unique_raw_employees_EmployeeID.9f1f8ab223)
[0m14:05:04.060226 [debug] [Thread-1 (]: Began compiling node test.fmcg_sales.source_unique_raw_employees_EmployeeID.9f1f8ab223
[0m14:05:04.070227 [debug] [Thread-1 (]: Writing injected SQL for node "test.fmcg_sales.source_unique_raw_employees_EmployeeID.9f1f8ab223"
[0m14:05:04.072228 [debug] [Thread-1 (]: Timing info for test.fmcg_sales.source_unique_raw_employees_EmployeeID.9f1f8ab223 (compile): 14:05:04.061226 => 14:05:04.072228
[0m14:05:04.073228 [debug] [Thread-1 (]: Began executing node test.fmcg_sales.source_unique_raw_employees_EmployeeID.9f1f8ab223
[0m14:05:04.074228 [debug] [Thread-1 (]: Timing info for test.fmcg_sales.source_unique_raw_employees_EmployeeID.9f1f8ab223 (execute): 14:05:04.074228 => 14:05:04.074228
[0m14:05:04.076227 [debug] [Thread-1 (]: Finished running node test.fmcg_sales.source_unique_raw_employees_EmployeeID.9f1f8ab223
[0m14:05:04.077227 [debug] [Thread-1 (]: Began running node test.fmcg_sales.source_unique_raw_products_ProductID.1ada118eb2
[0m14:05:04.078224 [debug] [Thread-1 (]: Re-using an available connection from the pool (formerly test.fmcg_sales.source_unique_raw_employees_EmployeeID.9f1f8ab223, now test.fmcg_sales.source_unique_raw_products_ProductID.1ada118eb2)
[0m14:05:04.079224 [debug] [Thread-1 (]: Began compiling node test.fmcg_sales.source_unique_raw_products_ProductID.1ada118eb2
[0m14:05:04.086224 [debug] [Thread-1 (]: Writing injected SQL for node "test.fmcg_sales.source_unique_raw_products_ProductID.1ada118eb2"
[0m14:05:04.088224 [debug] [Thread-1 (]: Timing info for test.fmcg_sales.source_unique_raw_products_ProductID.1ada118eb2 (compile): 14:05:04.080224 => 14:05:04.087224
[0m14:05:04.088224 [debug] [Thread-1 (]: Began executing node test.fmcg_sales.source_unique_raw_products_ProductID.1ada118eb2
[0m14:05:04.089226 [debug] [Thread-1 (]: Timing info for test.fmcg_sales.source_unique_raw_products_ProductID.1ada118eb2 (execute): 14:05:04.089226 => 14:05:04.089226
[0m14:05:04.092227 [debug] [Thread-1 (]: Finished running node test.fmcg_sales.source_unique_raw_products_ProductID.1ada118eb2
[0m14:05:04.093226 [debug] [Thread-1 (]: Began running node test.fmcg_sales.source_unique_raw_sales_SalesID.c0a2356cf2
[0m14:05:04.094224 [debug] [Thread-1 (]: Re-using an available connection from the pool (formerly test.fmcg_sales.source_unique_raw_products_ProductID.1ada118eb2, now test.fmcg_sales.source_unique_raw_sales_SalesID.c0a2356cf2)
[0m14:05:04.094224 [debug] [Thread-1 (]: Began compiling node test.fmcg_sales.source_unique_raw_sales_SalesID.c0a2356cf2
[0m14:05:04.100229 [debug] [Thread-1 (]: Writing injected SQL for node "test.fmcg_sales.source_unique_raw_sales_SalesID.c0a2356cf2"
[0m14:05:04.102230 [debug] [Thread-1 (]: Timing info for test.fmcg_sales.source_unique_raw_sales_SalesID.c0a2356cf2 (compile): 14:05:04.095230 => 14:05:04.102230
[0m14:05:04.103227 [debug] [Thread-1 (]: Began executing node test.fmcg_sales.source_unique_raw_sales_SalesID.c0a2356cf2
[0m14:05:04.104228 [debug] [Thread-1 (]: Timing info for test.fmcg_sales.source_unique_raw_sales_SalesID.c0a2356cf2 (execute): 14:05:04.104228 => 14:05:04.104228
[0m14:05:04.106227 [debug] [Thread-1 (]: Finished running node test.fmcg_sales.source_unique_raw_sales_SalesID.c0a2356cf2
[0m14:05:04.107227 [debug] [Thread-1 (]: Began running node test.fmcg_sales.not_null_sales_person_monthly_agg_SalesMonth.1681f80c8b
[0m14:05:04.108226 [debug] [Thread-1 (]: Re-using an available connection from the pool (formerly test.fmcg_sales.source_unique_raw_sales_SalesID.c0a2356cf2, now test.fmcg_sales.not_null_sales_person_monthly_agg_SalesMonth.1681f80c8b)
[0m14:05:04.109228 [debug] [Thread-1 (]: Began compiling node test.fmcg_sales.not_null_sales_person_monthly_agg_SalesMonth.1681f80c8b
[0m14:05:04.117228 [debug] [Thread-1 (]: Writing injected SQL for node "test.fmcg_sales.not_null_sales_person_monthly_agg_SalesMonth.1681f80c8b"
[0m14:05:04.119224 [debug] [Thread-1 (]: Timing info for test.fmcg_sales.not_null_sales_person_monthly_agg_SalesMonth.1681f80c8b (compile): 14:05:04.110230 => 14:05:04.118229
[0m14:05:04.120230 [debug] [Thread-1 (]: Began executing node test.fmcg_sales.not_null_sales_person_monthly_agg_SalesMonth.1681f80c8b
[0m14:05:04.121227 [debug] [Thread-1 (]: Timing info for test.fmcg_sales.not_null_sales_person_monthly_agg_SalesMonth.1681f80c8b (execute): 14:05:04.120230 => 14:05:04.120230
[0m14:05:04.123228 [debug] [Thread-1 (]: Finished running node test.fmcg_sales.not_null_sales_person_monthly_agg_SalesMonth.1681f80c8b
[0m14:05:04.124228 [debug] [Thread-1 (]: Began running node test.fmcg_sales.not_null_sales_person_monthly_agg_SalesPersonID.ec25ae8658
[0m14:05:04.126228 [debug] [Thread-1 (]: Re-using an available connection from the pool (formerly test.fmcg_sales.not_null_sales_person_monthly_agg_SalesMonth.1681f80c8b, now test.fmcg_sales.not_null_sales_person_monthly_agg_SalesPersonID.ec25ae8658)
[0m14:05:04.126228 [debug] [Thread-1 (]: Began compiling node test.fmcg_sales.not_null_sales_person_monthly_agg_SalesPersonID.ec25ae8658
[0m14:05:04.133232 [debug] [Thread-1 (]: Writing injected SQL for node "test.fmcg_sales.not_null_sales_person_monthly_agg_SalesPersonID.ec25ae8658"
[0m14:05:04.135225 [debug] [Thread-1 (]: Timing info for test.fmcg_sales.not_null_sales_person_monthly_agg_SalesPersonID.ec25ae8658 (compile): 14:05:04.127227 => 14:05:04.135225
[0m14:05:04.136224 [debug] [Thread-1 (]: Began executing node test.fmcg_sales.not_null_sales_person_monthly_agg_SalesPersonID.ec25ae8658
[0m14:05:04.137223 [debug] [Thread-1 (]: Timing info for test.fmcg_sales.not_null_sales_person_monthly_agg_SalesPersonID.ec25ae8658 (execute): 14:05:04.137223 => 14:05:04.137223
[0m14:05:04.139226 [debug] [Thread-1 (]: Finished running node test.fmcg_sales.not_null_sales_person_monthly_agg_SalesPersonID.ec25ae8658
[0m14:05:04.140226 [debug] [Thread-1 (]: Began running node model.fmcg_sales.salesperson_monthly_summary
[0m14:05:04.141227 [debug] [Thread-1 (]: Re-using an available connection from the pool (formerly test.fmcg_sales.not_null_sales_person_monthly_agg_SalesPersonID.ec25ae8658, now model.fmcg_sales.salesperson_monthly_summary)
[0m14:05:04.142226 [debug] [Thread-1 (]: Began compiling node model.fmcg_sales.salesperson_monthly_summary
[0m14:05:04.146228 [debug] [Thread-1 (]: Writing injected SQL for node "model.fmcg_sales.salesperson_monthly_summary"
[0m14:05:04.148229 [debug] [Thread-1 (]: Timing info for model.fmcg_sales.salesperson_monthly_summary (compile): 14:05:04.142226 => 14:05:04.148229
[0m14:05:04.149229 [debug] [Thread-1 (]: Began executing node model.fmcg_sales.salesperson_monthly_summary
[0m14:05:04.150228 [debug] [Thread-1 (]: Timing info for model.fmcg_sales.salesperson_monthly_summary (execute): 14:05:04.150228 => 14:05:04.150228
[0m14:05:04.152226 [debug] [Thread-1 (]: Finished running node model.fmcg_sales.salesperson_monthly_summary
[0m14:05:04.153225 [debug] [Thread-1 (]: Began running node test.fmcg_sales.not_null_salesperson_monthly_summary_SalesMonth.ac15daec5b
[0m14:05:04.155230 [debug] [Thread-1 (]: Re-using an available connection from the pool (formerly model.fmcg_sales.salesperson_monthly_summary, now test.fmcg_sales.not_null_salesperson_monthly_summary_SalesMonth.ac15daec5b)
[0m14:05:04.156227 [debug] [Thread-1 (]: Began compiling node test.fmcg_sales.not_null_salesperson_monthly_summary_SalesMonth.ac15daec5b
[0m14:05:04.163225 [debug] [Thread-1 (]: Writing injected SQL for node "test.fmcg_sales.not_null_salesperson_monthly_summary_SalesMonth.ac15daec5b"
[0m14:05:04.166228 [debug] [Thread-1 (]: Timing info for test.fmcg_sales.not_null_salesperson_monthly_summary_SalesMonth.ac15daec5b (compile): 14:05:04.157227 => 14:05:04.165226
[0m14:05:04.167226 [debug] [Thread-1 (]: Began executing node test.fmcg_sales.not_null_salesperson_monthly_summary_SalesMonth.ac15daec5b
[0m14:05:04.168224 [debug] [Thread-1 (]: Timing info for test.fmcg_sales.not_null_salesperson_monthly_summary_SalesMonth.ac15daec5b (execute): 14:05:04.167226 => 14:05:04.167226
[0m14:05:04.170225 [debug] [Thread-1 (]: Finished running node test.fmcg_sales.not_null_salesperson_monthly_summary_SalesMonth.ac15daec5b
[0m14:05:04.171227 [debug] [Thread-1 (]: Began running node test.fmcg_sales.not_null_salesperson_monthly_summary_SalesPersonID.6931207576
[0m14:05:04.172227 [debug] [Thread-1 (]: Re-using an available connection from the pool (formerly test.fmcg_sales.not_null_salesperson_monthly_summary_SalesMonth.ac15daec5b, now test.fmcg_sales.not_null_salesperson_monthly_summary_SalesPersonID.6931207576)
[0m14:05:04.173227 [debug] [Thread-1 (]: Began compiling node test.fmcg_sales.not_null_salesperson_monthly_summary_SalesPersonID.6931207576
[0m14:05:04.179362 [debug] [Thread-1 (]: Writing injected SQL for node "test.fmcg_sales.not_null_salesperson_monthly_summary_SalesPersonID.6931207576"
[0m14:05:04.181362 [debug] [Thread-1 (]: Timing info for test.fmcg_sales.not_null_salesperson_monthly_summary_SalesPersonID.6931207576 (compile): 14:05:04.173227 => 14:05:04.180361
[0m14:05:04.182358 [debug] [Thread-1 (]: Began executing node test.fmcg_sales.not_null_salesperson_monthly_summary_SalesPersonID.6931207576
[0m14:05:04.183360 [debug] [Thread-1 (]: Timing info for test.fmcg_sales.not_null_salesperson_monthly_summary_SalesPersonID.6931207576 (execute): 14:05:04.183360 => 14:05:04.183360
[0m14:05:04.185362 [debug] [Thread-1 (]: Finished running node test.fmcg_sales.not_null_salesperson_monthly_summary_SalesPersonID.6931207576
[0m14:05:04.186361 [debug] [Thread-1 (]: Began running node test.fmcg_sales.not_null_salesperson_monthly_summary_SalesPersonName.b896308ef9
[0m14:05:04.188362 [debug] [Thread-1 (]: Re-using an available connection from the pool (formerly test.fmcg_sales.not_null_salesperson_monthly_summary_SalesPersonID.6931207576, now test.fmcg_sales.not_null_salesperson_monthly_summary_SalesPersonName.b896308ef9)
[0m14:05:04.188362 [debug] [Thread-1 (]: Began compiling node test.fmcg_sales.not_null_salesperson_monthly_summary_SalesPersonName.b896308ef9
[0m14:05:04.195362 [debug] [Thread-1 (]: Writing injected SQL for node "test.fmcg_sales.not_null_salesperson_monthly_summary_SalesPersonName.b896308ef9"
[0m14:05:04.197361 [debug] [Thread-1 (]: Timing info for test.fmcg_sales.not_null_salesperson_monthly_summary_SalesPersonName.b896308ef9 (compile): 14:05:04.189360 => 14:05:04.197361
[0m14:05:04.198360 [debug] [Thread-1 (]: Began executing node test.fmcg_sales.not_null_salesperson_monthly_summary_SalesPersonName.b896308ef9
[0m14:05:04.199364 [debug] [Thread-1 (]: Timing info for test.fmcg_sales.not_null_salesperson_monthly_summary_SalesPersonName.b896308ef9 (execute): 14:05:04.199364 => 14:05:04.199364
[0m14:05:04.203360 [debug] [Thread-1 (]: Finished running node test.fmcg_sales.not_null_salesperson_monthly_summary_SalesPersonName.b896308ef9
[0m14:05:04.205360 [debug] [MainThread]: Connection 'master' was properly closed.
[0m14:05:04.206359 [debug] [MainThread]: Connection 'list_None_sales_of_fmcg_stores' was properly closed.
[0m14:05:04.207361 [debug] [MainThread]: Connection 'test.fmcg_sales.not_null_salesperson_monthly_summary_SalesPersonName.b896308ef9' was properly closed.
[0m14:05:04.213358 [debug] [MainThread]: Command end result
[0m14:05:04.239361 [debug] [MainThread]: Excluded node 'sales_person_monthly_agg' from results
[0m14:05:04.240360 [debug] [MainThread]: Excluded node 'stg_employees' from results
[0m14:05:04.241362 [debug] [MainThread]: Excluded node 'source_not_null_raw_employees_EmployeeID' from results
[0m14:05:04.242365 [debug] [MainThread]: Excluded node 'source_not_null_raw_products_ProductID' from results
[0m14:05:04.243364 [debug] [MainThread]: Excluded node 'source_not_null_raw_sales_CustomerID' from results
[0m14:05:04.244361 [debug] [MainThread]: Excluded node 'source_not_null_raw_sales_ProductID' from results
[0m14:05:04.245361 [debug] [MainThread]: Excluded node 'source_not_null_raw_sales_SalesID' from results
[0m14:05:04.246363 [debug] [MainThread]: Excluded node 'source_not_null_raw_sales_SalesPersonID' from results
[0m14:05:04.246363 [debug] [MainThread]: Excluded node 'source_unique_raw_employees_EmployeeID' from results
[0m14:05:04.247362 [debug] [MainThread]: Excluded node 'source_unique_raw_products_ProductID' from results
[0m14:05:04.248361 [debug] [MainThread]: Excluded node 'source_unique_raw_sales_SalesID' from results
[0m14:05:04.249361 [debug] [MainThread]: Excluded node 'not_null_sales_person_monthly_agg_SalesMonth' from results
[0m14:05:04.250360 [debug] [MainThread]: Excluded node 'not_null_sales_person_monthly_agg_SalesPersonID' from results
[0m14:05:04.250360 [debug] [MainThread]: Excluded node 'not_null_salesperson_monthly_summary_SalesMonth' from results
[0m14:05:04.251358 [debug] [MainThread]: Excluded node 'not_null_salesperson_monthly_summary_SalesPersonID' from results
[0m14:05:04.252360 [debug] [MainThread]: Excluded node 'not_null_salesperson_monthly_summary_SalesPersonName' from results
[0m14:05:04.253358 [info ] [MainThread]: Compiled node 'salesperson_monthly_summary' is:
select
    spma.SalesMonth,
    e.EmployeeID as SalesPersonID,
    concat(e.FirstName, ' ', e.LastName) as SalesPersonName,
    e.Gender,
    e.HireDate,
    spma.total_transactions,
    spma.total_quantity,
    spma.total_revenue,
    spma.avg_revenue_per_transaction
from `sales_of_fmcg_stores`.`sales_person_monthly_agg` spma
join `sales_of_fmcg_stores`.`stg_employees` e
    on spma.SalesPersonID = e.EmployeeID
[0m14:05:04.256363 [debug] [MainThread]: Command `dbt compile` succeeded at 14:05:04.255360 after 3.18 seconds
[0m14:05:04.257359 [debug] [MainThread]: Sending event: {'category': 'dbt', 'action': 'invocation', 'label': 'end', 'context': [<snowplow_tracker.self_describing_json.SelfDescribingJson object at 0x0000029CB4236000>, <snowplow_tracker.self_describing_json.SelfDescribingJson object at 0x0000029CB4416360>, <snowplow_tracker.self_describing_json.SelfDescribingJson object at 0x0000029CB41C9C40>]}
[0m14:05:04.257359 [debug] [MainThread]: Flushing usage events
[0m14:05:04.528361 [debug] [MainThread]: Error sending anonymous usage statistics. Disabling tracking for this execution. If you wish to permanently disable tracking, see: https://docs.getdbt.com/reference/global-configs#send-anonymous-usage-stats.
[0m14:07:27.763538 [debug] [MainThread]: Sending event: {'category': 'dbt', 'action': 'invocation', 'label': 'start', 'context': [<snowplow_tracker.self_describing_json.SelfDescribingJson object at 0x0000019DF3B19370>, <snowplow_tracker.self_describing_json.SelfDescribingJson object at 0x0000019DF3B18B60>, <snowplow_tracker.self_describing_json.SelfDescribingJson object at 0x0000019DF3B19760>]}


============================== 14:07:27.770537 | 942adde4-3ef2-4388-a657-b9833770862a ==============================
[0m14:07:27.770537 [info ] [MainThread]: Running with dbt=1.7.20
[0m14:07:27.771538 [debug] [MainThread]: running dbt with arguments {'printer_width': '80', 'indirect_selection': 'eager', 'log_cache_events': 'False', 'write_json': 'True', 'partial_parse': 'True', 'cache_selected_only': 'False', 'profiles_dir': 'C:\\Users\\ADMIN\\.dbt', 'debug': 'False', 'version_check': 'True', 'log_path': 'C:\\nguyen\\Projects\\Bài 18_ Sales of FMCG Stores\\logs', 'fail_fast': 'False', 'warn_error': 'None', 'use_colors': 'True', 'use_experimental_parser': 'False', 'no_print': 'None', 'quiet': 'False', 'log_format': 'default', 'static_parser': 'True', 'introspect': 'True', 'warn_error_options': 'WarnErrorOptions(include=[], exclude=[])', 'target_path': 'None', 'invocation_command': 'dbt build --select stg_employees salesperson_monthly_summary', 'send_anonymous_usage_stats': 'True'}
[0m14:07:27.772646 [info ] [MainThread]: This version of dbt is deprecated and no longer receives regular patches, including for known bugs. We recommend upgrading to a newer supported version of dbt: https://docs.getdbt.com/docs/dbt-versions
[0m14:07:27.773536 [debug] [MainThread]: Sending event: {'category': 'dbt', 'action': 'deprecated_version_invocation', 'label': '942adde4-3ef2-4388-a657-b9833770862a', 'context': [<snowplow_tracker.self_describing_json.SelfDescribingJson object at 0x0000019DF394C470>]}
[0m14:07:27.901517 [debug] [MainThread]: Sending event: {'category': 'dbt', 'action': 'project_id', 'label': '942adde4-3ef2-4388-a657-b9833770862a', 'context': [<snowplow_tracker.self_describing_json.SelfDescribingJson object at 0x0000019DF3F93B60>]}
[0m14:07:27.940617 [debug] [MainThread]: Sending event: {'category': 'dbt', 'action': 'adapter_info', 'label': '942adde4-3ef2-4388-a657-b9833770862a', 'context': [<snowplow_tracker.self_describing_json.SelfDescribingJson object at 0x0000019DF38B7D70>]}
[0m14:07:27.941709 [info ] [MainThread]: Registered adapter: mysql=1.7.0
[0m14:07:27.946729 [debug] [MainThread]: checksum: e60e9a7db60717b27391e9fcca7ffc2f1c59992fad004fb73a09489fe7f93d3f, vars: {}, profile: , target: , version: 1.7.20
[0m14:07:27.997335 [debug] [MainThread]: Partial parsing enabled: 0 files deleted, 0 files added, 0 files changed.
[0m14:07:27.997335 [debug] [MainThread]: Partial parsing enabled, no changes found, skipping parsing
[0m14:07:28.002349 [debug] [MainThread]: Sending event: {'category': 'dbt', 'action': 'load_project', 'label': '942adde4-3ef2-4388-a657-b9833770862a', 'context': [<snowplow_tracker.self_describing_json.SelfDescribingJson object at 0x0000019DF3FBE090>]}
[0m14:07:28.017096 [debug] [MainThread]: Sending event: {'category': 'dbt', 'action': 'resource_counts', 'label': '942adde4-3ef2-4388-a657-b9833770862a', 'context': [<snowplow_tracker.self_describing_json.SelfDescribingJson object at 0x0000019DF51A86E0>]}
[0m14:07:28.018105 [info ] [MainThread]: Found 24 models, 57 tests, 7 sources, 0 exposures, 0 metrics, 375 macros, 0 groups, 0 semantic models
[0m14:07:28.020207 [info ] [MainThread]: 
[0m14:07:28.021201 [debug] [MainThread]: Acquiring new mysql connection 'master'
[0m14:07:28.022105 [debug] [ThreadPool]: Acquiring new mysql connection 'list_schemas'
[0m14:07:28.029102 [debug] [ThreadPool]: Using mysql connection "list_schemas"
[0m14:07:28.030104 [debug] [ThreadPool]: On list_schemas: /* {"app": "dbt", "dbt_version": "1.7.20", "profile_name": "fmcg_sales", "target_name": "dev", "connection_name": "list_schemas"} */
select distinct schema_name
        from information_schema.schemata
[0m14:07:28.030104 [debug] [ThreadPool]: Opening a new connection, currently in state init
[0m14:07:28.112630 [debug] [ThreadPool]: SQL status: SUCCESS 8 in 0.0 seconds
[0m14:07:28.113616 [debug] [ThreadPool]: On list_schemas: Close
[0m14:07:28.115948 [debug] [ThreadPool]: Acquiring new mysql connection 'list_None_sales_of_fmcg_stores'
[0m14:07:28.120463 [debug] [ThreadPool]: Using mysql connection "list_None_sales_of_fmcg_stores"
[0m14:07:28.120463 [debug] [ThreadPool]: On list_None_sales_of_fmcg_stores: BEGIN
[0m14:07:28.120463 [debug] [ThreadPool]: Opening a new connection, currently in state init
[0m14:07:28.162920 [debug] [ThreadPool]: SQL status: SUCCESS 0 in 0.0 seconds
[0m14:07:28.162920 [debug] [ThreadPool]: Using mysql connection "list_None_sales_of_fmcg_stores"
[0m14:07:28.162920 [debug] [ThreadPool]: On list_None_sales_of_fmcg_stores: /* {"app": "dbt", "dbt_version": "1.7.20", "profile_name": "fmcg_sales", "target_name": "dev", "connection_name": "list_None_sales_of_fmcg_stores"} */
select
      null as "database",
      table_name as name,
      table_schema as "schema",
      case when table_type = 'BASE TABLE' then 'table'
           when table_type = 'VIEW' then 'view'
           else table_type
      end as table_type
    from information_schema.tables
    where table_schema = 'sales_of_fmcg_stores'
  
[0m14:07:28.164921 [debug] [ThreadPool]: SQL status: SUCCESS 34 in 0.0 seconds
[0m14:07:28.167020 [debug] [ThreadPool]: On list_None_sales_of_fmcg_stores: ROLLBACK
[0m14:07:28.167020 [debug] [ThreadPool]: On list_None_sales_of_fmcg_stores: Close
[0m14:07:28.171016 [debug] [MainThread]: Sending event: {'category': 'dbt', 'action': 'runnable_timing', 'label': '942adde4-3ef2-4388-a657-b9833770862a', 'context': [<snowplow_tracker.self_describing_json.SelfDescribingJson object at 0x0000019DF5303AD0>]}
[0m14:07:28.171920 [debug] [MainThread]: Using mysql connection "master"
[0m14:07:28.171920 [debug] [MainThread]: On master: BEGIN
[0m14:07:28.171920 [debug] [MainThread]: Opening a new connection, currently in state init
[0m14:07:28.216966 [debug] [MainThread]: SQL status: SUCCESS 0 in 0.0 seconds
[0m14:07:28.216966 [debug] [MainThread]: On master: COMMIT
[0m14:07:28.217920 [debug] [MainThread]: Using mysql connection "master"
[0m14:07:28.217920 [debug] [MainThread]: On master: COMMIT
[0m14:07:28.218945 [debug] [MainThread]: SQL status: SUCCESS 0 in 0.0 seconds
[0m14:07:28.218945 [debug] [MainThread]: On master: Close
[0m14:07:28.219939 [info ] [MainThread]: Concurrency: 1 threads (target='dev')
[0m14:07:28.219939 [info ] [MainThread]: 
[0m14:07:28.222027 [debug] [Thread-1 (]: Began running node model.fmcg_sales.stg_employees
[0m14:07:28.223021 [info ] [Thread-1 (]: 1 of 5 START sql view model sales_of_fmcg_stores.stg_employees ................. [RUN]
[0m14:07:28.223021 [debug] [Thread-1 (]: Acquiring new mysql connection 'model.fmcg_sales.stg_employees'
[0m14:07:28.224028 [debug] [Thread-1 (]: Began compiling node model.fmcg_sales.stg_employees
[0m14:07:28.228921 [debug] [Thread-1 (]: Writing injected SQL for node "model.fmcg_sales.stg_employees"
[0m14:07:28.229920 [debug] [Thread-1 (]: Timing info for model.fmcg_sales.stg_employees (compile): 14:07:28.224028 => 14:07:28.229920
[0m14:07:28.230922 [debug] [Thread-1 (]: Began executing node model.fmcg_sales.stg_employees
[0m14:07:28.256961 [debug] [Thread-1 (]: Writing runtime sql for node "model.fmcg_sales.stg_employees"
[0m14:07:28.258018 [debug] [Thread-1 (]: Using mysql connection "model.fmcg_sales.stg_employees"
[0m14:07:28.258018 [debug] [Thread-1 (]: On model.fmcg_sales.stg_employees: BEGIN
[0m14:07:28.259057 [debug] [Thread-1 (]: Opening a new connection, currently in state init
[0m14:07:28.302919 [debug] [Thread-1 (]: SQL status: SUCCESS 0 in 0.0 seconds
[0m14:07:28.302919 [debug] [Thread-1 (]: Using mysql connection "model.fmcg_sales.stg_employees"
[0m14:07:28.302919 [debug] [Thread-1 (]: On model.fmcg_sales.stg_employees: /* {"app": "dbt", "dbt_version": "1.7.20", "profile_name": "fmcg_sales", "target_name": "dev", "node_id": "model.fmcg_sales.stg_employees"} */

  create view `sales_of_fmcg_stores`.`stg_employees__dbt_tmp`
    
    
  as (
    select
    EmployeeID,
    FirstName,
    LastName,
    Gender,
    HireDate
from `sales_of_fmcg_stores`.`employees`
  );
[0m14:07:28.313918 [debug] [Thread-1 (]: SQL status: SUCCESS 0 in 0.0 seconds
[0m14:07:28.317933 [debug] [Thread-1 (]: Using mysql connection "model.fmcg_sales.stg_employees"
[0m14:07:28.317933 [debug] [Thread-1 (]: On model.fmcg_sales.stg_employees: /* {"app": "dbt", "dbt_version": "1.7.20", "profile_name": "fmcg_sales", "target_name": "dev", "node_id": "model.fmcg_sales.stg_employees"} */

    drop view if exists `sales_of_fmcg_stores`.`stg_employees__dbt_backup` cascade
  
[0m14:07:28.319920 [debug] [Thread-1 (]: SQL status: SUCCESS 0 in 0.0 seconds
[0m14:07:28.320920 [debug] [Thread-1 (]: Using mysql connection "model.fmcg_sales.stg_employees"
[0m14:07:28.320920 [debug] [Thread-1 (]: On model.fmcg_sales.stg_employees: /* {"app": "dbt", "dbt_version": "1.7.20", "profile_name": "fmcg_sales", "target_name": "dev", "node_id": "model.fmcg_sales.stg_employees"} */

    rename table `sales_of_fmcg_stores`.`stg_employees` to `sales_of_fmcg_stores`.`stg_employees__dbt_backup`
  
[0m14:07:28.329918 [debug] [Thread-1 (]: SQL status: SUCCESS 0 in 0.0 seconds
[0m14:07:28.331918 [debug] [Thread-1 (]: Using mysql connection "model.fmcg_sales.stg_employees"
[0m14:07:28.332920 [debug] [Thread-1 (]: On model.fmcg_sales.stg_employees: /* {"app": "dbt", "dbt_version": "1.7.20", "profile_name": "fmcg_sales", "target_name": "dev", "node_id": "model.fmcg_sales.stg_employees"} */

    drop view if exists `sales_of_fmcg_stores`.`stg_employees` cascade
  
[0m14:07:28.333920 [debug] [Thread-1 (]: SQL status: SUCCESS 0 in 0.0 seconds
[0m14:07:28.334920 [debug] [Thread-1 (]: Using mysql connection "model.fmcg_sales.stg_employees"
[0m14:07:28.335920 [debug] [Thread-1 (]: On model.fmcg_sales.stg_employees: /* {"app": "dbt", "dbt_version": "1.7.20", "profile_name": "fmcg_sales", "target_name": "dev", "node_id": "model.fmcg_sales.stg_employees"} */

    rename table `sales_of_fmcg_stores`.`stg_employees__dbt_tmp` to `sales_of_fmcg_stores`.`stg_employees`
  
[0m14:07:28.344919 [debug] [Thread-1 (]: SQL status: SUCCESS 0 in 0.0 seconds
[0m14:07:28.356918 [debug] [Thread-1 (]: On model.fmcg_sales.stg_employees: COMMIT
[0m14:07:28.356918 [debug] [Thread-1 (]: Using mysql connection "model.fmcg_sales.stg_employees"
[0m14:07:28.357919 [debug] [Thread-1 (]: On model.fmcg_sales.stg_employees: COMMIT
[0m14:07:28.357919 [debug] [Thread-1 (]: SQL status: SUCCESS 0 in 0.0 seconds
[0m14:07:28.361919 [debug] [Thread-1 (]: Using mysql connection "model.fmcg_sales.stg_employees"
[0m14:07:28.361919 [debug] [Thread-1 (]: On model.fmcg_sales.stg_employees: /* {"app": "dbt", "dbt_version": "1.7.20", "profile_name": "fmcg_sales", "target_name": "dev", "node_id": "model.fmcg_sales.stg_employees"} */
drop view if exists `sales_of_fmcg_stores`.`stg_employees__dbt_backup`
[0m14:07:28.366943 [debug] [Thread-1 (]: SQL status: SUCCESS 0 in 0.0 seconds
[0m14:07:28.368951 [debug] [Thread-1 (]: Timing info for model.fmcg_sales.stg_employees (execute): 14:07:28.230922 => 14:07:28.368951
[0m14:07:28.368951 [debug] [Thread-1 (]: On model.fmcg_sales.stg_employees: Close
[0m14:07:28.369918 [debug] [Thread-1 (]: Sending event: {'category': 'dbt', 'action': 'run_model', 'label': '942adde4-3ef2-4388-a657-b9833770862a', 'context': [<snowplow_tracker.self_describing_json.SelfDescribingJson object at 0x0000019DF530A150>]}
[0m14:07:28.369918 [info ] [Thread-1 (]: 1 of 5 OK created sql view model sales_of_fmcg_stores.stg_employees ............ [[32mSUCCESS 0[0m in 0.15s]
[0m14:07:28.370918 [debug] [Thread-1 (]: Finished running node model.fmcg_sales.stg_employees
[0m14:07:28.371920 [debug] [Thread-1 (]: Began running node model.fmcg_sales.salesperson_monthly_summary
[0m14:07:28.371920 [info ] [Thread-1 (]: 2 of 5 START sql table model sales_of_fmcg_stores.salesperson_monthly_summary .. [RUN]
[0m14:07:28.372917 [debug] [Thread-1 (]: Re-using an available connection from the pool (formerly model.fmcg_sales.stg_employees, now model.fmcg_sales.salesperson_monthly_summary)
[0m14:07:28.372917 [debug] [Thread-1 (]: Began compiling node model.fmcg_sales.salesperson_monthly_summary
[0m14:07:28.374933 [debug] [Thread-1 (]: Writing injected SQL for node "model.fmcg_sales.salesperson_monthly_summary"
[0m14:07:28.375933 [debug] [Thread-1 (]: Timing info for model.fmcg_sales.salesperson_monthly_summary (compile): 14:07:28.373934 => 14:07:28.375933
[0m14:07:28.376926 [debug] [Thread-1 (]: Began executing node model.fmcg_sales.salesperson_monthly_summary
[0m14:07:28.404922 [debug] [Thread-1 (]: Writing runtime sql for node "model.fmcg_sales.salesperson_monthly_summary"
[0m14:07:28.406920 [debug] [Thread-1 (]: Using mysql connection "model.fmcg_sales.salesperson_monthly_summary"
[0m14:07:28.407921 [debug] [Thread-1 (]: On model.fmcg_sales.salesperson_monthly_summary: BEGIN
[0m14:07:28.408923 [debug] [Thread-1 (]: Opening a new connection, currently in state closed
[0m14:07:28.455500 [debug] [Thread-1 (]: SQL status: SUCCESS 0 in 0.0 seconds
[0m14:07:28.455500 [debug] [Thread-1 (]: Using mysql connection "model.fmcg_sales.salesperson_monthly_summary"
[0m14:07:28.456509 [debug] [Thread-1 (]: On model.fmcg_sales.salesperson_monthly_summary: /* {"app": "dbt", "dbt_version": "1.7.20", "profile_name": "fmcg_sales", "target_name": "dev", "node_id": "model.fmcg_sales.salesperson_monthly_summary"} */

  
    

  create  table
    `sales_of_fmcg_stores`.`salesperson_monthly_summary__dbt_tmp`
    
    
      as
    
    (
      select
    spma.SalesMonth,
    e.EmployeeID as SalesPersonID,
    concat(e.FirstName, ' ', e.LastName) as SalesPersonName,
    e.Gender,
    e.HireDate,
    spma.total_transactions,
    spma.total_quantity,
    spma.total_revenue,
    spma.avg_revenue_per_transaction
from `sales_of_fmcg_stores`.`sales_person_monthly_agg` spma
join `sales_of_fmcg_stores`.`stg_employees` e
    on spma.SalesPersonID = e.EmployeeID
    )

  
[0m14:07:28.480663 [debug] [Thread-1 (]: SQL status: SUCCESS 115 in 0.0 seconds
[0m14:07:28.483673 [debug] [Thread-1 (]: Using mysql connection "model.fmcg_sales.salesperson_monthly_summary"
[0m14:07:28.483673 [debug] [Thread-1 (]: On model.fmcg_sales.salesperson_monthly_summary: /* {"app": "dbt", "dbt_version": "1.7.20", "profile_name": "fmcg_sales", "target_name": "dev", "node_id": "model.fmcg_sales.salesperson_monthly_summary"} */

    drop table if exists `sales_of_fmcg_stores`.`salesperson_monthly_summary__dbt_backup` cascade
  
[0m14:07:28.485697 [debug] [Thread-1 (]: SQL status: SUCCESS 0 in 0.0 seconds
[0m14:07:28.486736 [debug] [Thread-1 (]: Using mysql connection "model.fmcg_sales.salesperson_monthly_summary"
[0m14:07:28.486736 [debug] [Thread-1 (]: On model.fmcg_sales.salesperson_monthly_summary: /* {"app": "dbt", "dbt_version": "1.7.20", "profile_name": "fmcg_sales", "target_name": "dev", "node_id": "model.fmcg_sales.salesperson_monthly_summary"} */

    rename table `sales_of_fmcg_stores`.`salesperson_monthly_summary` to `sales_of_fmcg_stores`.`salesperson_monthly_summary__dbt_backup`
  
[0m14:07:28.507749 [debug] [Thread-1 (]: SQL status: SUCCESS 0 in 0.0 seconds
[0m14:07:28.510769 [debug] [Thread-1 (]: Using mysql connection "model.fmcg_sales.salesperson_monthly_summary"
[0m14:07:28.511749 [debug] [Thread-1 (]: On model.fmcg_sales.salesperson_monthly_summary: /* {"app": "dbt", "dbt_version": "1.7.20", "profile_name": "fmcg_sales", "target_name": "dev", "node_id": "model.fmcg_sales.salesperson_monthly_summary"} */

    drop table if exists `sales_of_fmcg_stores`.`salesperson_monthly_summary` cascade
  
[0m14:07:28.513749 [debug] [Thread-1 (]: SQL status: SUCCESS 0 in 0.0 seconds
[0m14:07:28.514752 [debug] [Thread-1 (]: Using mysql connection "model.fmcg_sales.salesperson_monthly_summary"
[0m14:07:28.514752 [debug] [Thread-1 (]: On model.fmcg_sales.salesperson_monthly_summary: /* {"app": "dbt", "dbt_version": "1.7.20", "profile_name": "fmcg_sales", "target_name": "dev", "node_id": "model.fmcg_sales.salesperson_monthly_summary"} */

    rename table `sales_of_fmcg_stores`.`salesperson_monthly_summary__dbt_tmp` to `sales_of_fmcg_stores`.`salesperson_monthly_summary`
  
[0m14:07:28.526894 [debug] [Thread-1 (]: SQL status: SUCCESS 0 in 0.0 seconds
[0m14:07:28.531919 [debug] [Thread-1 (]: On model.fmcg_sales.salesperson_monthly_summary: COMMIT
[0m14:07:28.532919 [debug] [Thread-1 (]: Using mysql connection "model.fmcg_sales.salesperson_monthly_summary"
[0m14:07:28.532919 [debug] [Thread-1 (]: On model.fmcg_sales.salesperson_monthly_summary: COMMIT
[0m14:07:28.533919 [debug] [Thread-1 (]: SQL status: SUCCESS 0 in 0.0 seconds
[0m14:07:28.536026 [debug] [Thread-1 (]: Using mysql connection "model.fmcg_sales.salesperson_monthly_summary"
[0m14:07:28.536026 [debug] [Thread-1 (]: On model.fmcg_sales.salesperson_monthly_summary: /* {"app": "dbt", "dbt_version": "1.7.20", "profile_name": "fmcg_sales", "target_name": "dev", "node_id": "model.fmcg_sales.salesperson_monthly_summary"} */
drop table if exists `sales_of_fmcg_stores`.`salesperson_monthly_summary__dbt_backup`
[0m14:07:28.550234 [debug] [Thread-1 (]: SQL status: SUCCESS 0 in 0.0 seconds
[0m14:07:28.551221 [debug] [Thread-1 (]: Timing info for model.fmcg_sales.salesperson_monthly_summary (execute): 14:07:28.376926 => 14:07:28.551221
[0m14:07:28.552220 [debug] [Thread-1 (]: On model.fmcg_sales.salesperson_monthly_summary: Close
[0m14:07:28.553220 [debug] [Thread-1 (]: Sending event: {'category': 'dbt', 'action': 'run_model', 'label': '942adde4-3ef2-4388-a657-b9833770862a', 'context': [<snowplow_tracker.self_describing_json.SelfDescribingJson object at 0x0000019DF53871D0>]}
[0m14:07:28.553220 [info ] [Thread-1 (]: 2 of 5 OK created sql table model sales_of_fmcg_stores.salesperson_monthly_summary  [[32mSUCCESS 115[0m in 0.18s]
[0m14:07:28.554219 [debug] [Thread-1 (]: Finished running node model.fmcg_sales.salesperson_monthly_summary
[0m14:07:28.554219 [debug] [Thread-1 (]: Began running node test.fmcg_sales.not_null_salesperson_monthly_summary_SalesMonth.ac15daec5b
[0m14:07:28.555235 [info ] [Thread-1 (]: 3 of 5 START test not_null_salesperson_monthly_summary_SalesMonth .............. [RUN]
[0m14:07:28.556222 [debug] [Thread-1 (]: Re-using an available connection from the pool (formerly model.fmcg_sales.salesperson_monthly_summary, now test.fmcg_sales.not_null_salesperson_monthly_summary_SalesMonth.ac15daec5b)
[0m14:07:28.557236 [debug] [Thread-1 (]: Began compiling node test.fmcg_sales.not_null_salesperson_monthly_summary_SalesMonth.ac15daec5b
[0m14:07:28.567233 [debug] [Thread-1 (]: Writing injected SQL for node "test.fmcg_sales.not_null_salesperson_monthly_summary_SalesMonth.ac15daec5b"
[0m14:07:28.568234 [debug] [Thread-1 (]: Timing info for test.fmcg_sales.not_null_salesperson_monthly_summary_SalesMonth.ac15daec5b (compile): 14:07:28.558224 => 14:07:28.568234
[0m14:07:28.568234 [debug] [Thread-1 (]: Began executing node test.fmcg_sales.not_null_salesperson_monthly_summary_SalesMonth.ac15daec5b
[0m14:07:28.581219 [debug] [Thread-1 (]: Writing runtime sql for node "test.fmcg_sales.not_null_salesperson_monthly_summary_SalesMonth.ac15daec5b"
[0m14:07:28.582813 [debug] [Thread-1 (]: Using mysql connection "test.fmcg_sales.not_null_salesperson_monthly_summary_SalesMonth.ac15daec5b"
[0m14:07:28.583830 [debug] [Thread-1 (]: On test.fmcg_sales.not_null_salesperson_monthly_summary_SalesMonth.ac15daec5b: BEGIN
[0m14:07:28.583830 [debug] [Thread-1 (]: Opening a new connection, currently in state closed
[0m14:07:28.636175 [debug] [Thread-1 (]: SQL status: SUCCESS 0 in 0.0 seconds
[0m14:07:28.636710 [debug] [Thread-1 (]: Using mysql connection "test.fmcg_sales.not_null_salesperson_monthly_summary_SalesMonth.ac15daec5b"
[0m14:07:28.637252 [debug] [Thread-1 (]: On test.fmcg_sales.not_null_salesperson_monthly_summary_SalesMonth.ac15daec5b: /* {"app": "dbt", "dbt_version": "1.7.20", "profile_name": "fmcg_sales", "target_name": "dev", "node_id": "test.fmcg_sales.not_null_salesperson_monthly_summary_SalesMonth.ac15daec5b"} */
select
      count(*) as failures,
      case
        when count(*) <> 0 then 'true'
        else 'false'
      end as should_warn,
      case
        when count(*) <> 0 then 'true'
        else 'false'
      end as should_error
    from (
      
    
    



select SalesMonth
from `sales_of_fmcg_stores`.`salesperson_monthly_summary`
where SalesMonth is null



      
    ) dbt_internal_test
[0m14:07:28.640058 [debug] [Thread-1 (]: SQL status: SUCCESS 1 in 0.0 seconds
[0m14:07:28.641064 [debug] [Thread-1 (]: Timing info for test.fmcg_sales.not_null_salesperson_monthly_summary_SalesMonth.ac15daec5b (execute): 14:07:28.569219 => 14:07:28.641064
[0m14:07:28.642085 [debug] [Thread-1 (]: On test.fmcg_sales.not_null_salesperson_monthly_summary_SalesMonth.ac15daec5b: ROLLBACK
[0m14:07:28.642085 [debug] [Thread-1 (]: On test.fmcg_sales.not_null_salesperson_monthly_summary_SalesMonth.ac15daec5b: Close
[0m14:07:28.643080 [info ] [Thread-1 (]: 3 of 5 PASS not_null_salesperson_monthly_summary_SalesMonth .................... [[32mPASS[0m in 0.09s]
[0m14:07:28.644063 [debug] [Thread-1 (]: Finished running node test.fmcg_sales.not_null_salesperson_monthly_summary_SalesMonth.ac15daec5b
[0m14:07:28.644063 [debug] [Thread-1 (]: Began running node test.fmcg_sales.not_null_salesperson_monthly_summary_SalesPersonID.6931207576
[0m14:07:28.644063 [info ] [Thread-1 (]: 4 of 5 START test not_null_salesperson_monthly_summary_SalesPersonID ........... [RUN]
[0m14:07:28.645068 [debug] [Thread-1 (]: Re-using an available connection from the pool (formerly test.fmcg_sales.not_null_salesperson_monthly_summary_SalesMonth.ac15daec5b, now test.fmcg_sales.not_null_salesperson_monthly_summary_SalesPersonID.6931207576)
[0m14:07:28.646084 [debug] [Thread-1 (]: Began compiling node test.fmcg_sales.not_null_salesperson_monthly_summary_SalesPersonID.6931207576
[0m14:07:28.649089 [debug] [Thread-1 (]: Writing injected SQL for node "test.fmcg_sales.not_null_salesperson_monthly_summary_SalesPersonID.6931207576"
[0m14:07:28.650063 [debug] [Thread-1 (]: Timing info for test.fmcg_sales.not_null_salesperson_monthly_summary_SalesPersonID.6931207576 (compile): 14:07:28.646084 => 14:07:28.650063
[0m14:07:28.650063 [debug] [Thread-1 (]: Began executing node test.fmcg_sales.not_null_salesperson_monthly_summary_SalesPersonID.6931207576
[0m14:07:28.652080 [debug] [Thread-1 (]: Writing runtime sql for node "test.fmcg_sales.not_null_salesperson_monthly_summary_SalesPersonID.6931207576"
[0m14:07:28.652080 [debug] [Thread-1 (]: Using mysql connection "test.fmcg_sales.not_null_salesperson_monthly_summary_SalesPersonID.6931207576"
[0m14:07:28.653065 [debug] [Thread-1 (]: On test.fmcg_sales.not_null_salesperson_monthly_summary_SalesPersonID.6931207576: BEGIN
[0m14:07:28.653065 [debug] [Thread-1 (]: Opening a new connection, currently in state closed
[0m14:07:28.697244 [debug] [Thread-1 (]: SQL status: SUCCESS 0 in 0.0 seconds
[0m14:07:28.698248 [debug] [Thread-1 (]: Using mysql connection "test.fmcg_sales.not_null_salesperson_monthly_summary_SalesPersonID.6931207576"
[0m14:07:28.698248 [debug] [Thread-1 (]: On test.fmcg_sales.not_null_salesperson_monthly_summary_SalesPersonID.6931207576: /* {"app": "dbt", "dbt_version": "1.7.20", "profile_name": "fmcg_sales", "target_name": "dev", "node_id": "test.fmcg_sales.not_null_salesperson_monthly_summary_SalesPersonID.6931207576"} */
select
      count(*) as failures,
      case
        when count(*) <> 0 then 'true'
        else 'false'
      end as should_warn,
      case
        when count(*) <> 0 then 'true'
        else 'false'
      end as should_error
    from (
      
    
    



select SalesPersonID
from `sales_of_fmcg_stores`.`salesperson_monthly_summary`
where SalesPersonID is null



      
    ) dbt_internal_test
[0m14:07:28.699247 [debug] [Thread-1 (]: SQL status: SUCCESS 1 in 0.0 seconds
[0m14:07:28.700249 [debug] [Thread-1 (]: Timing info for test.fmcg_sales.not_null_salesperson_monthly_summary_SalesPersonID.6931207576 (execute): 14:07:28.650063 => 14:07:28.700249
[0m14:07:28.701249 [debug] [Thread-1 (]: On test.fmcg_sales.not_null_salesperson_monthly_summary_SalesPersonID.6931207576: ROLLBACK
[0m14:07:28.701249 [debug] [Thread-1 (]: On test.fmcg_sales.not_null_salesperson_monthly_summary_SalesPersonID.6931207576: Close
[0m14:07:28.702248 [info ] [Thread-1 (]: 4 of 5 PASS not_null_salesperson_monthly_summary_SalesPersonID ................. [[32mPASS[0m in 0.06s]
[0m14:07:28.703249 [debug] [Thread-1 (]: Finished running node test.fmcg_sales.not_null_salesperson_monthly_summary_SalesPersonID.6931207576
[0m14:07:28.703249 [debug] [Thread-1 (]: Began running node test.fmcg_sales.not_null_salesperson_monthly_summary_SalesPersonName.b896308ef9
[0m14:07:28.704249 [info ] [Thread-1 (]: 5 of 5 START test not_null_salesperson_monthly_summary_SalesPersonName ......... [RUN]
[0m14:07:28.705340 [debug] [Thread-1 (]: Re-using an available connection from the pool (formerly test.fmcg_sales.not_null_salesperson_monthly_summary_SalesPersonID.6931207576, now test.fmcg_sales.not_null_salesperson_monthly_summary_SalesPersonName.b896308ef9)
[0m14:07:28.705340 [debug] [Thread-1 (]: Began compiling node test.fmcg_sales.not_null_salesperson_monthly_summary_SalesPersonName.b896308ef9
[0m14:07:28.708283 [debug] [Thread-1 (]: Writing injected SQL for node "test.fmcg_sales.not_null_salesperson_monthly_summary_SalesPersonName.b896308ef9"
[0m14:07:28.709353 [debug] [Thread-1 (]: Timing info for test.fmcg_sales.not_null_salesperson_monthly_summary_SalesPersonName.b896308ef9 (compile): 14:07:28.705340 => 14:07:28.709353
[0m14:07:28.709353 [debug] [Thread-1 (]: Began executing node test.fmcg_sales.not_null_salesperson_monthly_summary_SalesPersonName.b896308ef9
[0m14:07:28.712304 [debug] [Thread-1 (]: Writing runtime sql for node "test.fmcg_sales.not_null_salesperson_monthly_summary_SalesPersonName.b896308ef9"
[0m14:07:28.713341 [debug] [Thread-1 (]: Using mysql connection "test.fmcg_sales.not_null_salesperson_monthly_summary_SalesPersonName.b896308ef9"
[0m14:07:28.714293 [debug] [Thread-1 (]: On test.fmcg_sales.not_null_salesperson_monthly_summary_SalesPersonName.b896308ef9: BEGIN
[0m14:07:28.714293 [debug] [Thread-1 (]: Opening a new connection, currently in state closed
[0m14:07:28.767869 [debug] [Thread-1 (]: SQL status: SUCCESS 0 in 0.0 seconds
[0m14:07:28.768759 [debug] [Thread-1 (]: Using mysql connection "test.fmcg_sales.not_null_salesperson_monthly_summary_SalesPersonName.b896308ef9"
[0m14:07:28.768759 [debug] [Thread-1 (]: On test.fmcg_sales.not_null_salesperson_monthly_summary_SalesPersonName.b896308ef9: /* {"app": "dbt", "dbt_version": "1.7.20", "profile_name": "fmcg_sales", "target_name": "dev", "node_id": "test.fmcg_sales.not_null_salesperson_monthly_summary_SalesPersonName.b896308ef9"} */
select
      count(*) as failures,
      case
        when count(*) <> 0 then 'true'
        else 'false'
      end as should_warn,
      case
        when count(*) <> 0 then 'true'
        else 'false'
      end as should_error
    from (
      
    
    



select SalesPersonName
from `sales_of_fmcg_stores`.`salesperson_monthly_summary`
where SalesPersonName is null



      
    ) dbt_internal_test
[0m14:07:28.769773 [debug] [Thread-1 (]: SQL status: SUCCESS 1 in 0.0 seconds
[0m14:07:28.770761 [debug] [Thread-1 (]: Timing info for test.fmcg_sales.not_null_salesperson_monthly_summary_SalesPersonName.b896308ef9 (execute): 14:07:28.709353 => 14:07:28.770761
[0m14:07:28.771761 [debug] [Thread-1 (]: On test.fmcg_sales.not_null_salesperson_monthly_summary_SalesPersonName.b896308ef9: ROLLBACK
[0m14:07:28.771761 [debug] [Thread-1 (]: On test.fmcg_sales.not_null_salesperson_monthly_summary_SalesPersonName.b896308ef9: Close
[0m14:07:28.772801 [info ] [Thread-1 (]: 5 of 5 PASS not_null_salesperson_monthly_summary_SalesPersonName ............... [[32mPASS[0m in 0.07s]
[0m14:07:28.773800 [debug] [Thread-1 (]: Finished running node test.fmcg_sales.not_null_salesperson_monthly_summary_SalesPersonName.b896308ef9
[0m14:07:28.774759 [debug] [MainThread]: Using mysql connection "master"
[0m14:07:28.775761 [debug] [MainThread]: On master: BEGIN
[0m14:07:28.775761 [debug] [MainThread]: Opening a new connection, currently in state closed
[0m14:07:28.822779 [debug] [MainThread]: SQL status: SUCCESS 0 in 0.0 seconds
[0m14:07:28.823776 [debug] [MainThread]: On master: COMMIT
[0m14:07:28.823776 [debug] [MainThread]: Using mysql connection "master"
[0m14:07:28.823776 [debug] [MainThread]: On master: COMMIT
[0m14:07:28.824775 [debug] [MainThread]: SQL status: SUCCESS 0 in 0.0 seconds
[0m14:07:28.824775 [debug] [MainThread]: On master: Close
[0m14:07:28.825758 [debug] [MainThread]: Connection 'master' was properly closed.
[0m14:07:28.825758 [debug] [MainThread]: Connection 'list_schemas' was properly closed.
[0m14:07:28.825758 [debug] [MainThread]: Connection 'list_None_sales_of_fmcg_stores' was properly closed.
[0m14:07:28.825758 [debug] [MainThread]: Connection 'test.fmcg_sales.not_null_salesperson_monthly_summary_SalesPersonName.b896308ef9' was properly closed.
[0m14:07:28.828774 [info ] [MainThread]: 
[0m14:07:28.828774 [info ] [MainThread]: Finished running 1 view model, 1 table model, 3 tests in 0 hours 0 minutes and 0.81 seconds (0.81s).
[0m14:07:28.829759 [debug] [MainThread]: Command end result
[0m14:07:28.838759 [info ] [MainThread]: 
[0m14:07:28.838759 [info ] [MainThread]: [32mCompleted successfully[0m
[0m14:07:28.839761 [info ] [MainThread]: 
[0m14:07:28.839761 [info ] [MainThread]: Done. PASS=5 WARN=0 ERROR=0 SKIP=0 TOTAL=5
[0m14:07:28.840760 [debug] [MainThread]: Command `dbt build` succeeded at 14:07:28.840760 after 1.19 seconds
[0m14:07:28.840760 [debug] [MainThread]: Sending event: {'category': 'dbt', 'action': 'invocation', 'label': 'end', 'context': [<snowplow_tracker.self_describing_json.SelfDescribingJson object at 0x0000019DF394C470>, <snowplow_tracker.self_describing_json.SelfDescribingJson object at 0x0000019DF299E9F0>, <snowplow_tracker.self_describing_json.SelfDescribingJson object at 0x0000019DF3B5F6E0>]}
[0m14:07:28.841787 [debug] [MainThread]: Flushing usage events
